"","mean","sd","2.5%","25%","50%","75%","97.5%","Rhat","n.eff"
"N[1,1]",0.935433333333333,1.41116885080173,0,0,0,1,5,1.09067016946485,93
"N[2,1]",0,0,0,0,0,0,0,1,1
"N[3,1]",0,0,0,0,0,0,0,1,1
"N[4,1]",0,0,0,0,0,0,0,1,1
"N[5,1]",0.151166666666667,0.44548316922643,0,0,0,0,1,1.03951930540123,240
"N[6,1]",0,0,0,0,0,0,0,1,1
"N[7,1]",0,0,0,0,0,0,0,1,1
"N[8,1]",0,0,0,0,0,0,0,1,1
"N[9,1]",0,0,0,0,0,0,0,1,1
"N[10,1]",13.0213666666667,14.4831523567544,2,5,9,15,66,1.0472418475765,110
"N[11,1]",0,0,0,0,0,0,0,1,1
"N[12,1]",0,0,0,0,0,0,0,1,1
"N[13,1]",0,0,0,0,0,0,0,1,1
"N[14,1]",0,0,0,0,0,0,0,1,1
"N[15,1]",0,0,0,0,0,0,0,1,1
"N[16,1]",0,0,0,0,0,0,0,1,1
"N[17,1]",0,0,0,0,0,0,0,1,1
"N[18,1]",3.89123333333333,5.20564178903717,0,1,2,5,21,1.16767662152762,53
"N[19,1]",0,0,0,0,0,0,0,1,1
"N[20,1]",0,0,0,0,0,0,0,1,1
"N[21,1]",0,0,0,0,0,0,0,1,1
"N[22,1]",0,0,0,0,0,0,0,1,1
"N[23,1]",0,0,0,0,0,0,0,1,1
"N[24,1]",0,0,0,0,0,0,0,1,1
"N[25,1]",0,0,0,0,0,0,0,1,1
"N[26,1]",0,0,0,0,0,0,0,1,1
"N[27,1]",0,0,0,0,0,0,0,1,1
"N[28,1]",0,0,0,0,0,0,0,1,1
"N[29,1]",0,0,0,0,0,0,0,1,1
"N[30,1]",8.14186666666667,11.7893980696974,0,2,5,9,43,1.21540733735666,52
"N[31,1]",0,0,0,0,0,0,0,1,1
"N[32,1]",0,0,0,0,0,0,0,1,1
"N[33,1]",0,0,0,0,0,0,0,1,1
"N[34,1]",0,0,0,0,0,0,0,1,1
"N[35,1]",0,0,0,0,0,0,0,1,1
"N[36,1]",0.272233333333333,0.59855460999221,0,0,0,0,2,1.0298663922689,270
"N[37,1]",2.4561,3.23787310602835,0,0,2,3,13,1.1668505551996,54
"N[38,1]",0,0,0,0,0,0,0,1,1
"N[39,1]",0,0,0,0,0,0,0,1,1
"N[40,1]",0.233033333333333,0.546752927302945,0,0,0,0,2,1.02851411432833,270
"N[41,1]",0.2082,0.518711604578393,0,0,0,0,2,1.02794834572041,330
"N[42,1]",0.202866666666667,0.501650778934598,0,0,0,0,2,1.02706521571553,270
"N[43,1]",0,0,0,0,0,0,0,1,1
"N[44,1]",0,0,0,0,0,0,0,1,1
"N[45,1]",0,0,0,0,0,0,0,1,1
"N[46,1]",4.34056666666667,5.59746598022137,0,1,3,5,23,1.19596468665009,51
"N[47,1]",0,0,0,0,0,0,0,1,1
"N[48,1]",0,0,0,0,0,0,0,1,1
"N[49,1]",0,0,0,0,0,0,0,1,1
"N[50,1]",0,0,0,0,0,0,0,1,1
"N[51,1]",0,0,0,0,0,0,0,1,1
"N[52,1]",19.1287666666667,24.6013162243586,3,7,12,21,85,1.03297735783659,140
"N[53,1]",1.7338,2.53540631250805,0,0,1,2,9,1.13615835987595,79
"N[54,1]",0,0,0,0,0,0,0,1,1
"N[55,1]",0,0,0,0,0,0,0,1,1
"N[56,1]",0,0,0,0,0,0,0,1,1
"N[57,1]",0,0,0,0,0,0,0,1,1
"N[58,1]",0,0,0,0,0,0,0,1,1
"N[59,1]",0,0,0,0,0,0,0,1,1
"N[60,1]",0,0,0,0,0,0,0,1,1
"N[61,1]",0,0,0,0,0,0,0,1,1
"N[62,1]",0,0,0,0,0,0,0,1,1
"N[63,1]",0,0,0,0,0,0,0,1,1
"N[64,1]",0,0,0,0,0,0,0,1,1
"N[65,1]",0,0,0,0,0,0,0,1,1
"N[66,1]",0,0,0,0,0,0,0,1,1
"N[67,1]",0,0,0,0,0,0,0,1,1
"N[68,1]",1.10173333333333,1.82313679953404,0,0,0,1,6,1.09251075508748,130
"N[69,1]",0,0,0,0,0,0,0,1,1
"N[70,1]",0,0,0,0,0,0,0,1,1
"N[71,1]",0,0,0,0,0,0,0,1,1
"N[72,1]",30.7620333333333,41.8642969507136,3,10,19,34,155,1.03587707468706,120
"N[73,1]",0,0,0,0,0,0,0,1,1
"N[74,1]",0.2241,0.536241962035853,0,0,0,0,2,1.02955890258249,280
"N[75,1]",0,0,0,0,0,0,0,1,1
"N[76,1]",0,0,0,0,0,0,0,1,1
"N[77,1]",0,0,0,0,0,0,0,1,1
"N[78,1]",0,0,0,0,0,0,0,1,1
"N[79,1]",0,0,0,0,0,0,0,1,1
"N[80,1]",12.0958333333333,15.6269955335375,0,4,7,14,69,1.20979763422222,43
"N[1,2]",0,0,0,0,0,0,0,1,1
"N[2,2]",0.182433333333333,0.48189814250477,0,0,0,0,2,1.0374051686849,250
"N[3,2]",0.959266666666667,1.4366197332967,0,0,0,1,5,1.08678874755172,97
"N[4,2]",0,0,0,0,0,0,0,1,1
"N[5,2]",0.167833333333333,0.460947272438495,0,0,0,0,1,1.02462107810563,380
"N[6,2]",0,0,0,0,0,0,0,1,1
"N[7,2]",0,0,0,0,0,0,0,1,1
"N[8,2]",0,0,0,0,0,0,0,1,1
"N[9,2]",0,0,0,0,0,0,0,1,1
"N[10,2]",0,0,0,0,0,0,0,1,1
"N[11,2]",0,0,0,0,0,0,0,1,1
"N[12,2]",0,0,0,0,0,0,0,1,1
"N[13,2]",0,0,0,0,0,0,0,1,1
"N[14,2]",2.5299,3.39031303334694,0,0,2,3,13,1.15834398674824,57
"N[15,2]",11.6369666666667,16.6606830415463,0,3,7,13,56,1.18880066068881,70
"N[16,2]",0,0,0,0,0,0,0,1,1
"N[17,2]",0,0,0,0,0,0,0,1,1
"N[18,2]",19.6038333333333,26.468531719974,1,6,12,22,112.024999999998,1.20126198371349,45
"N[19,2]",0.529533333333333,0.957440166247803,0,0,0,1,3,1.07160642255509,120
"N[20,2]",0,0,0,0,0,0,0,1,1
"N[21,2]",0,0,0,0,0,0,0,1,1
"N[22,2]",0,0,0,0,0,0,0,1,1
"N[23,2]",0.2304,0.542640754673803,0,0,0,0,2,1.03183963975598,270
"N[24,2]",0,0,0,0,0,0,0,1,1
"N[25,2]",0,0,0,0,0,0,0,1,1
"N[26,2]",0,0,0,0,0,0,0,1,1
"N[27,2]",0,0,0,0,0,0,0,1,1
"N[28,2]",0,0,0,0,0,0,0,1,1
"N[29,2]",0,0,0,0,0,0,0,1,1
"N[30,2]",0,0,0,0,0,0,0,1,1
"N[31,2]",0,0,0,0,0,0,0,1,1
"N[32,2]",0,0,0,0,0,0,0,1,1
"N[33,2]",0,0,0,0,0,0,0,1,1
"N[34,2]",0,0,0,0,0,0,0,1,1
"N[35,2]",0,0,0,0,0,0,0,1,1
"N[36,2]",0.8262,1.28059161737704,0,0,0,1,4,1.08753723501957,100
"N[37,2]",12.6198666666667,15.6940086884299,1,4,8,15,70,1.22261916195153,43
"N[38,2]",0,0,0,0,0,0,0,1,1
"N[39,2]",5.1262,6.3552775873107,0,1,3,6,27,1.19173151822456,48
"N[40,2]",0.247266666666667,0.566512630139487,0,0,0,0,2,1.02222162074336,360
"N[41,2]",5.5037,7.00462383966271,0,2,3,6,30,1.1897260669874,48
"N[42,2]",0.2106,0.517419781970461,0,0,0,0,2,1.0223837865232,360
"N[43,2]",0.8275,1.2651734158311,0,0,0,1,4,1.07153798891846,110
"N[44,2]",0,0,0,0,0,0,0,1,1
"N[45,2]",0.7177,1.23479723064424,0,0,0,1,4,1.07399195631395,140
"N[46,2]",9.4519,11.8404431051558,0,3,6,11,50,1.2199255710499,46
"N[47,2]",0,0,0,0,0,0,0,1,1
"N[48,2]",0,0,0,0,0,0,0,1,1
"N[49,2]",0,0,0,0,0,0,0,1,1
"N[50,2]",0,0,0,0,0,0,0,1,1
"N[51,2]",0,0,0,0,0,0,0,1,1
"N[52,2]",2.4397,3.52234450430774,0,0,1,3,12,1.13938355010542,87
"N[53,2]",27.0304666666667,35.709471815306,3,10,17,30,129,1.03663117209509,120
"N[54,2]",1.17306666666667,1.70999378113292,0,0,1,2,6,1.1096401509937,87
"N[55,2]",0,0,0,0,0,0,0,1,1
"N[56,2]",1.13976666666667,1.67068598244672,0,0,1,2,6,1.10738754320322,85
"N[57,2]",0,0,0,0,0,0,0,1,1
"N[58,2]",0,0,0,0,0,0,0,1,1
"N[59,2]",0,0,0,0,0,0,0,1,1
"N[60,2]",0,0,0,0,0,0,0,1,1
"N[61,2]",0,0,0,0,0,0,0,1,1
"N[62,2]",0,0,0,0,0,0,0,1,1
"N[63,2]",0,0,0,0,0,0,0,1,1
"N[64,2]",0,0,0,0,0,0,0,1,1
"N[65,2]",0,0,0,0,0,0,0,1,1
"N[66,2]",0,0,0,0,0,0,0,1,1
"N[67,2]",0,0,0,0,0,0,0,1,1
"N[68,2]",44.2642666666667,62.098287440468,6,15,26,47,213,1.02856357905767,140
"N[69,2]",0,0,0,0,0,0,0,1,1
"N[70,2]",2.42823333333333,3.2374164969012,0,1,2,3,12,1.16386724793919,61
"N[71,2]",0,0,0,0,0,0,0,1,1
"N[72,2]",20.0926333333333,27.1024944222056,2,7,12,23,99,1.2211231637164,51
"N[73,2]",0.533233333333333,0.966985029644793,0,0,0,1,3,1.07279508770475,110
"N[74,2]",0.235466666666667,0.550604717022447,0,0,0,0,2,1.03016033421525,260
"N[75,2]",0,0,0,0,0,0,0,1,1
"N[76,2]",0,0,0,0,0,0,0,1,1
"N[77,2]",0,0,0,0,0,0,0,1,1
"N[78,2]",0,0,0,0,0,0,0,1,1
"N[79,2]",0,0,0,0,0,0,0,1,1
"N[80,2]",9.37993333333333,11.8458879573296,0,3,6,11,52,1.20266388325857,44
"N[1,3]",0.937133333333333,1.40306096383033,0,0,0,1,5,1.09087295789582,96
"N[2,3]",0,0,0,0,0,0,0,1,1
"N[3,3]",0,0,0,0,0,0,0,1,1
"N[4,3]",0,0,0,0,0,0,0,1,1
"N[5,3]",0.482166666666667,0.92749338561248,0,0,0,1,3,1.06257729730285,130
"N[6,3]",0,0,0,0,0,0,0,1,1
"N[7,3]",0,0,0,0,0,0,0,1,1
"N[8,3]",0,0,0,0,0,0,0,1,1
"N[9,3]",0,0,0,0,0,0,0,1,1
"N[10,3]",0,0,0,0,0,0,0,1,1
"N[11,3]",0,0,0,0,0,0,0,1,1
"N[12,3]",3.19653333333333,4.35159808144291,0,1,2,4,15,1.16903907162254,65
"N[13,3]",0.1903,0.488494828604411,0,0,0,0,2,1.02393410378151,350
"N[14,3]",0.204733333333333,0.510515703086913,0,0,0,0,2,1.02100030367156,370
"N[15,3]",0,0,0,0,0,0,0,1,1
"N[16,3]",0,0,0,0,0,0,0,1,1
"N[17,3]",0,0,0,0,0,0,0,1,1
"N[18,3]",6.9532,9.16060443688743,0,2,4,8,38,1.19063926105618,47
"N[19,3]",0.526166666666667,0.952896762139984,0,0,0,1,3,1.05462904505631,160
"N[20,3]",0,0,0,0,0,0,0,1,1
"N[21,3]",0,0,0,0,0,0,0,1,1
"N[22,3]",0,0,0,0,0,0,0,1,1
"N[23,3]",0.237366666666667,0.556208034643048,0,0,0,0,2,1.02722139591725,280
"N[24,3]",0,0,0,0,0,0,0,1,1
"N[25,3]",0,0,0,0,0,0,0,1,1
"N[26,3]",0,0,0,0,0,0,0,1,1
"N[27,3]",0,0,0,0,0,0,0,1,1
"N[28,3]",0,0,0,0,0,0,0,1,1
"N[29,3]",0,0,0,0,0,0,0,1,1
"N[30,3]",6.3971,8.82277014127454,0,2,4,8,32,1.20288218298814,55
"N[31,3]",0,0,0,0,0,0,0,1,1
"N[32,3]",0,0,0,0,0,0,0,1,1
"N[33,3]",5.72756666666667,7.28700098977646,0,2,4,7,31,1.19647128268619,46
"N[34,3]",0,0,0,0,0,0,0,1,1
"N[35,3]",0.7017,1.14345705055658,0,0,0,1,4,1.06835736094926,120
"N[36,3]",0,0,0,0,0,0,0,1,1
"N[37,3]",11.7528333333333,13.3408848261958,1,5,8,14,60,1.03947126398427,120
"N[38,3]",0,0,0,0,0,0,0,1,1
"N[39,3]",76.8666333333333,101.647514089473,7,24,45,85,459,1.04065000490598,110
"N[40,3]",0,0,0,0,0,0,0,1,1
"N[41,3]",2.58983333333333,3.39053287296569,0,1,2,3,13,1.15437818624293,56
"N[42,3]",1.78963333333333,2.46532928034051,0,0,1,2,9,1.12518992075623,66
"N[43,3]",0,0,0,0,0,0,0,1,1
"N[44,3]",0,0,0,0,0,0,0,1,1
"N[45,3]",0,0,0,0,0,0,0,1,1
"N[46,3]",1.05256666666667,1.56719025064975,0,0,1,1,5,1.0963702274445,96
"N[47,3]",0,0,0,0,0,0,0,1,1
"N[48,3]",0,0,0,0,0,0,0,1,1
"N[49,3]",0,0,0,0,0,0,0,1,1
"N[50,3]",0,0,0,0,0,0,0,1,1
"N[51,3]",0,0,0,0,0,0,0,1,1
"N[52,3]",40.99,59.7516285014081,4,13,24,44,204,1.20260348703017,63
"N[53,3]",3.31893333333333,4.49280399140066,0,1,2,4,16,1.17301039608814,63
"N[54,3]",0,0,0,0,0,0,0,1,1
"N[55,3]",0,0,0,0,0,0,0,1,1
"N[56,3]",0,0,0,0,0,0,0,1,1
"N[57,3]",0,0,0,0,0,0,0,1,1
"N[58,3]",0,0,0,0,0,0,0,1,1
"N[59,3]",0,0,0,0,0,0,0,1,1
"N[60,3]",0,0,0,0,0,0,0,1,1
"N[61,3]",0,0,0,0,0,0,0,1,1
"N[62,3]",0,0,0,0,0,0,0,1,1
"N[63,3]",0,0,0,0,0,0,0,1,1
"N[64,3]",0,0,0,0,0,0,0,1,1
"N[65,3]",0,0,0,0,0,0,0,1,1
"N[66,3]",0,0,0,0,0,0,0,1,1
"N[67,3]",0,0,0,0,0,0,0,1,1
"N[68,3]",49.027,72.5751585791453,5,15,28,52,247,1.02601133196014,150
"N[69,3]",0,0,0,0,0,0,0,1,1
"N[70,3]",9.24723333333333,11.8632008130187,0,3,6,11,48,1.21635887278775,49
"N[71,3]",0,0,0,0,0,0,0,1,1
"N[72,3]",2.9708,4.06316350519178,0,1,2,4,14,1.16911041054388,63
"N[73,3]",0.183266666666667,0.483274712115654,0,0,0,0,2,1.02871314344537,310
"N[74,3]",2.86903333333333,3.72021626600629,0,1,2,4,15,1.1682323009224,53
"N[75,3]",0,0,0,0,0,0,0,1,1
"N[76,3]",0,0,0,0,0,0,0,1,1
"N[77,3]",0,0,0,0,0,0,0,1,1
"N[78,3]",0,0,0,0,0,0,0,1,1
"N[79,3]",0,0,0,0,0,0,0,1,1
"N[80,3]",4.52936666666667,5.77200555559562,0,1,3,5,24.0249999999978,1.18429433890145,49
"N[1,4]",30.7107333333333,38.6622979646195,3,11,19,35,176.024999999998,1.2282149418289,42
"N[2,4]",0.179766666666667,0.468961202776107,0,0,0,0,1,1.02186627874684,420
"N[3,4]",0,0,0,0,0,0,0,1,1
"N[4,4]",0,0,0,0,0,0,0,1,1
"N[5,4]",8.78043333333333,9.15742426083114,2,4,6,10,40,1.04363847915912,110
"N[6,4]",0,0,0,0,0,0,0,1,1
"N[7,4]",0,0,0,0,0,0,0,1,1
"N[8,4]",0,0,0,0,0,0,0,1,1
"N[9,4]",0,0,0,0,0,0,0,1,1
"N[10,4]",0,0,0,0,0,0,0,1,1
"N[11,4]",0,0,0,0,0,0,0,1,1
"N[12,4]",0.5872,1.02347337203178,0,0,0,1,3,1.05533246182601,170
"N[13,4]",0.1871,0.482114790434503,0,0,0,0,2,1.02423883855443,330
"N[14,4]",0.607066666666667,1.02174924905273,0,0,0,1,3,1.06484632433964,120
"N[15,4]",66.9617333333333,101.06473142658,6,20,37,71,345,1.19467129727095,67
"N[16,4]",0,0,0,0,0,0,0,1,1
"N[17,4]",0,0,0,0,0,0,0,1,1
"N[18,4]",2.28823333333333,3.14737219660259,0,0,1,3,12,1.14223045554647,61
"N[19,4]",0,0,0,0,0,0,0,1,1
"N[20,4]",0,0,0,0,0,0,0,1,1
"N[21,4]",0,0,0,0,0,0,0,1,1
"N[22,4]",0.1746,0.466749863611306,0,0,0,0,1,1.03026664971713,280
"N[23,4]",0.680966666666667,1.11095703775628,0,0,0,1,4,1.0726321478013,110
"N[24,4]",0,0,0,0,0,0,0,1,1
"N[25,4]",0,0,0,0,0,0,0,1,1
"N[26,4]",0,0,0,0,0,0,0,1,1
"N[27,4]",0,0,0,0,0,0,0,1,1
"N[28,4]",0,0,0,0,0,0,0,1,1
"N[29,4]",0,0,0,0,0,0,0,1,1
"N[30,4]",8.4298,8.84098848522682,2,4,6,10,34,1.04278092221298,120
"N[31,4]",0.573966666666667,1.01059205853096,0,0,0,1,3,1.06486692166566,150
"N[32,4]",0,0,0,0,0,0,0,1,1
"N[33,4]",1.20463333333333,1.75212086620945,0,0,1,2,6,1.11181280909421,72
"N[34,4]",0,0,0,0,0,0,0,1,1
"N[35,4]",0.235533333333333,0.543200900032528,0,0,0,0,2,1.0234503484335,320
"N[36,4]",1.54603333333333,2.12082472845035,0,0,1,2,8,1.13177645131152,65
"N[37,4]",0.294,0.628790250591807,0,0,0,0,2,1.03301974767263,250
"N[38,4]",2.5453,3.33262430968343,0,1,2,3,13,1.16707558691536,55
"N[39,4]",2.96606666666667,3.79878000853002,0,1,2,4,15,1.16897256814704,53
"N[40,4]",0.241666666666667,0.560185400093848,0,0,0,0,2,1.02878362223018,290
"N[41,4]",0,0,0,0,0,0,0,1,1
"N[42,4]",0.205766666666667,0.512934871396911,0,0,0,0,2,1.0233652249501,360
"N[43,4]",3.49723333333333,4.38894457017139,0,1,2,4,18,1.17782239584495,53
"N[44,4]",0,0,0,0,0,0,0,1,1
"N[45,4]",19.1885,25.5650012072408,2,7,12,21,90,1.03046221189103,140
"N[46,4]",25.0982666666667,29.6226241296114,4,10,16,28,133,1.0477191691986,100
"N[47,4]",0,0,0,0,0,0,0,1,1
"N[48,4]",0,0,0,0,0,0,0,1,1
"N[49,4]",0.2358,0.554624750277567,0,0,0,0,2,1.02247657099488,400
"N[50,4]",0,0,0,0,0,0,0,1,1
"N[51,4]",0,0,0,0,0,0,0,1,1
"N[52,4]",0,0,0,0,0,0,0,1,1
"N[53,4]",0,0,0,0,0,0,0,1,1
"N[54,4]",0.393766666666667,0.764242946406176,0,0,0,1,2,1.04021821659825,190
"N[55,4]",0,0,0,0,0,0,0,1,1
"N[56,4]",0.3908,0.765219932689189,0,0,0,1,2,1.04524837662236,190
"N[57,4]",0,0,0,0,0,0,0,1,1
"N[58,4]",0,0,0,0,0,0,0,1,1
"N[59,4]",0,0,0,0,0,0,0,1,1
"N[60,4]",0,0,0,0,0,0,0,1,1
"N[61,4]",0,0,0,0,0,0,0,1,1
"N[62,4]",0,0,0,0,0,0,0,1,1
"N[63,4]",0.2655,0.58846236888917,0,0,0,0,2,1.03081588522483,260
"N[64,4]",0,0,0,0,0,0,0,1,1
"N[65,4]",0,0,0,0,0,0,0,1,1
"N[66,4]",0,0,0,0,0,0,0,1,1
"N[67,4]",0,0,0,0,0,0,0,1,1
"N[68,4]",1.0999,1.83296626142177,0,0,0,1,6,1.09358844781174,140
"N[69,4]",0,0,0,0,0,0,0,1,1
"N[70,4]",2.43983333333333,3.25767816925757,0,1,2,3,12,1.16292526588493,63
"N[71,4]",0,0,0,0,0,0,0,1,1
"N[72,4]",23.3437,31.6502084484946,2,8,14,26,117,1.22148381440151,50
"N[73,4]",0.537766666666667,0.987660296517785,0,0,0,1,3,1.07062626829625,120
"N[74,4]",0.2392,0.555931946084791,0,0,0,0,2,1.02974237581708,270
"N[75,4]",0,0,0,0,0,0,0,1,1
"N[76,4]",0,0,0,0,0,0,0,1,1
"N[77,4]",0,0,0,0,0,0,0,1,1
"N[78,4]",0,0,0,0,0,0,0,1,1
"N[79,4]",0,0,0,0,0,0,0,1,1
"N[80,4]",12.2451333333333,15.5790350533442,0,4,8,14,69,1.20916377222442,43
"N[1,5]",5.2437,6.46797017087054,0,2,3,6,27,1.19942012336158,49
"N[2,5]",0.513166666666667,0.940915945404317,0,0,0,1,3,1.05929272699505,140
"N[3,5]",0,0,0,0,0,0,0,1,1
"N[4,5]",0,0,0,0,0,0,0,1,1
"N[5,5]",0.455933333333333,0.899009678944365,0,0,0,1,3,1.06084637937235,130
"N[6,5]",0,0,0,0,0,0,0,1,1
"N[7,5]",0,0,0,0,0,0,0,1,1
"N[8,5]",0,0,0,0,0,0,0,1,1
"N[9,5]",0,0,0,0,0,0,0,1,1
"N[10,5]",0,0,0,0,0,0,0,1,1
"N[11,5]",0,0,0,0,0,0,0,1,1
"N[12,5]",0,0,0,0,0,0,0,1,1
"N[13,5]",0,0,0,0,0,0,0,1,1
"N[14,5]",0.205166666666667,0.509786198604701,0,0,0,0,2,1.0230485690038,380
"N[15,5]",0,0,0,0,0,0,0,1,1
"N[16,5]",0,0,0,0,0,0,0,1,1
"N[17,5]",0,0,0,0,0,0,0,1,1
"N[18,5]",24.8429666666667,34.0004692359164,1,7,15,27,145,1.20012797734901,45
"N[19,5]",0,0,0,0,0,0,0,1,1
"N[20,5]",0,0,0,0,0,0,0,1,1
"N[21,5]",0,0,0,0,0,0,0,1,1
"N[22,5]",0.1814,0.480314199308815,0,0,0,0,2,1.02624368903935,300
"N[23,5]",0.229066666666667,0.538954059209274,0,0,0,0,2,1.02366888515997,370
"N[24,5]",0,0,0,0,0,0,0,1,1
"N[25,5]",0,0,0,0,0,0,0,1,1
"N[26,5]",0,0,0,0,0,0,0,1,1
"N[27,5]",0,0,0,0,0,0,0,1,1
"N[28,5]",0,0,0,0,0,0,0,1,1
"N[29,5]",0,0,0,0,0,0,0,1,1
"N[30,5]",50.3502666666667,65.3570314858907,9,19,31,54,246.024950589499,1.04549549462913,110
"N[31,5]",0,0,0,0,0,0,0,1,1
"N[32,5]",0,0,0,0,0,0,0,1,1
"N[33,5]",1.20923333333333,1.76911250938371,0,0,1,2,6,1.10587762600626,82
"N[34,5]",0,0,0,0,0,0,0,1,1
"N[35,5]",0,0,0,0,0,0,0,1,1
"N[36,5]",0.2841,0.613133798151062,0,0,0,0,2,1.02422107349812,280
"N[37,5]",1.58493333333333,2.17781490447363,0,0,1,2,8,1.13497213773083,65
"N[38,5]",0,0,0,0,0,0,0,1,1
"N[39,5]",0.244066666666667,0.56418856704137,0,0,0,0,2,1.0303288805301,260
"N[40,5]",0.240666666666667,0.558709788211319,0,0,0,0,2,1.0291845920124,280
"N[41,5]",7.8286,9.94195068649919,0,2,5,9,43,1.20110404624426,44
"N[42,5]",0.2074,0.510288075303869,0,0,0,0,2,1.0229576687523,370
"N[43,5]",8.86166666666667,10.9101924042994,0,3,6,10,49,1.21243482794221,45
"N[44,5]",0,0,0,0,0,0,0,1,1
"N[45,5]",0,0,0,0,0,0,0,1,1
"N[46,5]",64.3137666666667,78.3517620548476,11,25,41,71,345,1.05079593339026,97
"N[47,5]",0,0,0,0,0,0,0,1,1
"N[48,5]",0,0,0,0,0,0,0,1,1
"N[49,5]",0,0,0,0,0,0,0,1,1
"N[50,5]",0,0,0,0,0,0,0,1,1
"N[51,5]",0,0,0,0,0,0,0,1,1
"N[52,5]",0,0,0,0,0,0,0,1,1
"N[53,5]",0,0,0,0,0,0,0,1,1
"N[54,5]",0,0,0,0,0,0,0,1,1
"N[55,5]",0,0,0,0,0,0,0,1,1
"N[56,5]",0,0,0,0,0,0,0,1,1
"N[57,5]",0,0,0,0,0,0,0,1,1
"N[58,5]",0,0,0,0,0,0,0,1,1
"N[59,5]",0,0,0,0,0,0,0,1,1
"N[60,5]",0,0,0,0,0,0,0,1,1
"N[61,5]",0,0,0,0,0,0,0,1,1
"N[62,5]",0,0,0,0,0,0,0,1,1
"N[63,5]",11.4230666666667,14.280738049725,0,4,7,13,64,1.21781058783197,42
"N[64,5]",0,0,0,0,0,0,0,1,1
"N[65,5]",0,0,0,0,0,0,0,1,1
"N[66,5]",0,0,0,0,0,0,0,1,1
"N[67,5]",0.402333333333333,0.784993691731824,0,0,0,1,3,1.04458860211129,200
"N[68,5]",1.09853333333333,1.82289200998438,0,0,0,1,6,1.08968278089732,120
"N[69,5]",0,0,0,0,0,0,0,1,1
"N[70,5]",8.16936666666667,9.30216995890853,1,3,6,9,37,1.03501752484975,130
"N[71,5]",0,0,0,0,0,0,0,1,1
"N[72,5]",259.1565,367.826310751301,33,83,147,271,1388,1.04102429542957,100
"N[73,5]",4.1681,3.17928387925114,2,2,3,5,14,1.05094620325748,110
"N[74,5]",0,0,0,0,0,0,0,1,1
"N[75,5]",0,0,0,0,0,0,0,1,1
"N[76,5]",0,0,0,0,0,0,0,1,1
"N[77,5]",0,0,0,0,0,0,0,1,1
"N[78,5]",0,0,0,0,0,0,0,1,1
"N[79,5]",0,0,0,0,0,0,0,1,1
"N[80,5]",1.169,1.70702552154453,0,0,1,2,6,1.1060533722907,77
"N[1,6]",13.8869,17.0417581968748,1,5,9,16,76,1.22693433296939,42
"N[2,6]",0,0,0,0,0,0,0,1,1
"N[3,6]",0,0,0,0,0,0,0,1,1
"N[4,6]",0,0,0,0,0,0,0,1,1
"N[5,6]",4.5129,5.09626327027729,1,2,3,5,22,1.03440507891513,130
"N[6,6]",0,0,0,0,0,0,0,1,1
"N[7,6]",0,0,0,0,0,0,0,1,1
"N[8,6]",0,0,0,0,0,0,0,1,1
"N[9,6]",0,0,0,0,0,0,0,1,1
"N[10,6]",0.305933333333333,0.646337414944666,0,0,0,0,2,1.03815893718442,210
"N[11,6]",0,0,0,0,0,0,0,1,1
"N[12,6]",0.580666666666667,1.03224435406663,0,0,0,1,3,1.06780250778074,140
"N[13,6]",0.552133333333333,0.984368366817833,0,0,0,1,3,1.06130759470135,140
"N[14,6]",0.204433333333333,0.50942679821964,0,0,0,0,2,1.02574646996362,300
"N[15,6]",0.9643,1.58952080699809,0,0,0,1,5,1.08966997515888,120
"N[16,6]",3.2072,4.77657080769835,0,1,2,4,16,1.14157061614197,94
"N[17,6]",0,0,0,0,0,0,0,1,1
"N[18,6]",11.9411333333333,15.8574057344229,0,4,7,13,66,1.19844802532193,46
"N[19,6]",0.18,0.478756347482386,0,0,0,0,2,1.02470897731792,340
"N[20,6]",0,0,0,0,0,0,0,1,1
"N[21,6]",0,0,0,0,0,0,0,1,1
"N[22,6]",0.525233333333333,0.953656259297649,0,0,0,1,3,1.05447076632444,140
"N[23,6]",0.232133333333333,0.546007374514291,0,0,0,0,2,1.02521716973089,340
"N[24,6]",0,0,0,0,0,0,0,1,1
"N[25,6]",0,0,0,0,0,0,0,1,1
"N[26,6]",0,0,0,0,0,0,0,1,1
"N[27,6]",0,0,0,0,0,0,0,1,1
"N[28,6]",0,0,0,0,0,0,0,1,1
"N[29,6]",0,0,0,0,0,0,0,1,1
"N[30,6]",0,0,0,0,0,0,0,1,1
"N[31,6]",0.583966666666667,1.03427200943878,0,0,0,1,3,1.0632524612724,150
"N[32,6]",0,0,0,0,0,0,0,1,1
"N[33,6]",0,0,0,0,0,0,0,1,1
"N[34,6]",0,0,0,0,0,0,0,1,1
"N[35,6]",0.243733333333333,0.556061479545673,0,0,0,0,2,1.02482746659019,310
"N[36,6]",0.286466666666667,0.614938577315397,0,0,0,0,2,1.02895583023479,290
"N[37,6]",0.288033333333333,0.620228147529108,0,0,0,0,2,1.03340852500708,220
"N[38,6]",0.300533333333333,0.640333285442904,0,0,0,0,2,1.035929195706,230
"N[39,6]",0,0,0,0,0,0,0,1,1
"N[40,6]",0.705633333333333,1.14880760973557,0,0,0,1,4,1.0740697015669,110
"N[41,6]",26.1461,34.1369438070802,2,8,16,29,152,1.20918938776171,43
"N[42,6]",0.209233333333333,0.518584975262596,0,0,0,0,2,1.02732990605753,320
"N[43,6]",0.8319,1.29893493462868,0,0,0,1,4,1.08757834956743,95
"N[44,6]",0,0,0,0,0,0,0,1,1
"N[45,6]",14.8149,20.7587090668809,1,5,9,17,70,1.20855914722995,59
"N[46,6]",55.4283,72.9643345677459,6,19,33,62,318,1.22737790003525,44
"N[47,6]",0,0,0,0,0,0,0,1,1
"N[48,6]",0,0,0,0,0,0,0,1,1
"N[49,6]",0.2445,0.560532684057165,0,0,0,0,2,1.03156139710934,230
"N[50,6]",9.5929,12.7183369507636,0,3,6,11,46,1.20779824037492,56
"N[51,6]",0,0,0,0,0,0,0,1,1
"N[52,6]",10.2185,14.3133895422202,0,3,6,12,48,1.19305120145935,65
"N[53,6]",0.6064,1.06851162709471,0,0,0,1,3,1.06874758351752,140
"N[54,6]",0,0,0,0,0,0,0,1,1
"N[55,6]",0,0,0,0,0,0,0,1,1
"N[56,6]",0,0,0,0,0,0,0,1,1
"N[57,6]",0,0,0,0,0,0,0,1,1
"N[58,6]",0,0,0,0,0,0,0,1,1
"N[59,6]",0,0,0,0,0,0,0,1,1
"N[60,6]",0,0,0,0,0,0,0,1,1
"N[61,6]",0,0,0,0,0,0,0,1,1
"N[62,6]",0,0,0,0,0,0,0,1,1
"N[63,6]",0,0,0,0,0,0,0,1,1
"N[64,6]",0,0,0,0,0,0,0,1,1
"N[65,6]",0,0,0,0,0,0,0,1,1
"N[66,6]",0,0,0,0,0,0,0,1,1
"N[67,6]",0,0,0,0,0,0,0,1,1
"N[68,6]",418.142966666667,690.03419135096,35,108,208,418,2479.04998034525,1.02604946947166,140
"N[69,6]",0,0,0,0,0,0,0,1,1
"N[70,6]",0.448666666666667,0.836095004998915,0,0,0,1,3,1.05564124563959,160
"N[71,6]",0.405633333333333,0.769273244649164,0,0,0,1,3,1.04496314216732,170
"N[72,6]",7.67556666666667,8.85560032225133,1,3,5,9,33,1.03160788916291,150
"N[73,6]",0.540766666666667,0.978725366143962,0,0,0,1,3,1.06908594659054,110
"N[74,6]",0.2333,0.546639189789262,0,0,0,0,2,1.02309402445064,330
"N[75,6]",0,0,0,0,0,0,0,1,1
"N[76,6]",0,0,0,0,0,0,0,1,1
"N[77,6]",0,0,0,0,0,0,0,1,1
"N[78,6]",0,0,0,0,0,0,0,1,1
"N[79,6]",0,0,0,0,0,0,0,1,1
"N[80,6]",5.54516666666667,5.75796825672943,1,2,4,6,25,1.03286839992971,140
"N[1,7]",3.9481,4.91886296791205,0,1,3,5,20,1.18763977700834,50
"N[2,7]",0.182466666666667,0.476354363198449,0,0,0,0,2,1.02225663215726,390
"N[3,7]",0,0,0,0,0,0,0,1,1
"N[4,7]",0,0,0,0,0,0,0,1,1
"N[5,7]",1.41863333333333,2.23157914126694,0,0,1,2,8,1.1363383292177,67
"N[6,7]",0,0,0,0,0,0,0,1,1
"N[7,7]",0,0,0,0,0,0,0,1,1
"N[8,7]",0,0,0,0,0,0,0,1,1
"N[9,7]",0,0,0,0,0,0,0,1,1
"N[10,7]",0.305666666666667,0.654712794934046,0,0,0,0,2,1.03478535172648,230
"N[11,7]",0,0,0,0,0,0,0,1,1
"N[12,7]",0.5793,1.02554696051373,0,0,0,1,3,1.06417761597757,150
"N[13,7]",0.1904,0.49243198140306,0,0,0,0,2,1.02032426404559,410
"N[14,7]",0.206566666666667,0.512092719652089,0,0,0,0,2,1.02445748870608,320
"N[15,7]",0.9638,1.58395281607464,0,0,0,1,5,1.08053181977182,140
"N[16,7]",0,0,0,0,0,0,0,1,1
"N[17,7]",0,0,0,0,0,0,0,1,1
"N[18,7]",1.61,2.27154983758274,0,0,1,2,9,1.11893824767756,70
"N[19,7]",0.1855,0.484387143061703,0,0,0,0,2,1.02471925162754,360
"N[20,7]",0,0,0,0,0,0,0,1,1
"N[21,7]",0,0,0,0,0,0,0,1,1
"N[22,7]",0.1775,0.469894786135153,0,0,0,0,2,1.01879208161069,430
"N[23,7]",0.232566666666667,0.547804175963208,0,0,0,0,2,1.03563170307359,260
"N[24,7]",0,0,0,0,0,0,0,1,1
"N[25,7]",0,0,0,0,0,0,0,1,1
"N[26,7]",0,0,0,0,0,0,0,1,1
"N[27,7]",0,0,0,0,0,0,0,1,1
"N[28,7]",0,0,0,0,0,0,0,1,1
"N[29,7]",0,0,0,0,0,0,0,1,1
"N[30,7]",0,0,0,0,0,0,0,1,1
"N[31,7]",1.6997,2.45784213140947,0,0,1,2,9,1.13307450747882,81
"N[32,7]",0,0,0,0,0,0,0,1,1
"N[33,7]",0,0,0,0,0,0,0,1,1
"N[34,7]",0,0,0,0,0,0,0,1,1
"N[35,7]",0.2405,0.553898284985914,0,0,0,0,2,1.02323521295825,320
"N[36,7]",0.283166666666667,0.612205683368627,0,0,0,0,2,1.03008165901334,240
"N[37,7]",0,0,0,0,0,0,0,1,1
"N[38,7]",0.294566666666667,0.635670733528717,0,0,0,0,2,1.03853962352165,200
"N[39,7]",0,0,0,0,0,0,0,1,1
"N[40,7]",0.702633333333333,1.13891013814333,0,0,0,1,4,1.07683331531192,110
"N[41,7]",0.209666666666667,0.51053753747868,0,0,0,0,2,1.02035435095093,430
"N[42,7]",0,0,0,0,0,0,0,1,1
"N[43,7]",1.5694,2.14822503531638,0,0,1,2,8,1.13096582343823,66
"N[44,7]",0,0,0,0,0,0,0,1,1
"N[45,7]",12.5363333333333,16.0857215640714,1,4,8,14,56,1.02885330933155,150
"N[46,7]",38.7848,49.1937728769573,5,14,24,43,218,1.04459173364862,110
"N[47,7]",0,0,0,0,0,0,0,1,1
"N[48,7]",0.697133333333333,1.13321721436392,0,0,0,1,4,1.06912083615318,120
"N[49,7]",0.690133333333333,1.1274270199345,0,0,0,1,4,1.07436089553518,110
"N[50,7]",0,0,0,0,0,0,0,1,1
"N[51,7]",0,0,0,0,0,0,0,1,1
"N[52,7]",58.6329,86.6274468518779,5,18,33,62,301,1.20113442606415,63
"N[53,7]",0.602433333333333,1.06025698946923,0,0,0,1,3,1.06352780372507,150
"N[54,7]",0,0,0,0,0,0,0,1,1
"N[55,7]",0,0,0,0,0,0,0,1,1
"N[56,7]",1.13166666666667,1.65264079469056,0,0,1,2,6,1.11022472771438,84
"N[57,7]",0,0,0,0,0,0,0,1,1
"N[58,7]",0,0,0,0,0,0,0,1,1
"N[59,7]",0,0,0,0,0,0,0,1,1
"N[60,7]",0,0,0,0,0,0,0,1,1
"N[61,7]",0,0,0,0,0,0,0,1,1
"N[62,7]",0,0,0,0,0,0,0,1,1
"N[63,7]",0,0,0,0,0,0,0,1,1
"N[64,7]",0,0,0,0,0,0,0,1,1
"N[65,7]",0,0,0,0,0,0,0,1,1
"N[66,7]",0,0,0,0,0,0,0,1,1
"N[67,7]",6.54623333333333,8.27465275050824,0,2,4,8,33,1.207730593015,49
"N[68,7]",95.8508666666667,150.208180566725,8,27,51,100,513,1.0253933102841,140
"N[69,7]",0,0,0,0,0,0,0,1,1
"N[70,7]",0.4462,0.837334420028441,0,0,0,1,3,1.04747733117557,180
"N[71,7]",17.2662333333333,21.8608893482171,1,6,11,20,93,1.22872818260738,45
"N[72,7]",11.3267666666667,15.1780192807845,0,4,7,13,55.0249999999978,1.21534114823045,53
"N[73,7]",0.179633333333333,0.482119916143975,0,0,0,0,2,1.01853278534188,480
"N[74,7]",0.232433333333333,0.538409145881799,0,0,0,0,2,1.02433736530582,310
"N[75,7]",0,0,0,0,0,0,0,1,1
"N[76,7]",0,0,0,0,0,0,0,1,1
"N[77,7]",0,0,0,0,0,0,0,1,1
"N[78,7]",0,0,0,0,0,0,0,1,1
"N[79,7]",0,0,0,0,0,0,0,1,1
"N[80,7]",30.8729666666667,40.6279720997261,2,10,19,34,182,1.21069758716028,42
"N[1,8]",13.8378666666667,17.0753769621299,1,5,9,16,76,1.22527866085359,43
"N[2,8]",0.180966666666667,0.47535102556827,0,0,0,0,2,1.02412942974179,360
"N[3,8]",0,0,0,0,0,0,0,1,1
"N[4,8]",0,0,0,0,0,0,0,1,1
"N[5,8]",0.887,1.49368851176509,0,0,0,1,5,1.10759626525754,82
"N[6,8]",0,0,0,0,0,0,0,1,1
"N[7,8]",0,0,0,0,0,0,0,1,1
"N[8,8]",0,0,0,0,0,0,0,1,1
"N[9,8]",0,0,0,0,0,0,0,1,1
"N[10,8]",0.885833333333333,1.36923158452468,0,0,0,1,5,1.09114117281024,96
"N[11,8]",0,0,0,0,0,0,0,1,1
"N[12,8]",0.5774,1.02478172273545,0,0,0,1,3,1.06450312127583,150
"N[13,8]",0.187833333333333,0.48582559261437,0,0,0,0,2,1.02493718552483,350
"N[14,8]",0.597866666666667,1.03880929580329,0,0,0,1,4,1.0694833054685,110
"N[15,8]",0.963866666666667,1.56415342430127,0,0,0,1,5,1.07732552502405,150
"N[16,8]",3.1952,4.77929475431382,0,1,2,4,16,1.14105156486741,94
"N[17,8]",0,0,0,0,0,0,0,1,1
"N[18,8]",34.7412,48.155346402446,2,10,20,38,204,1.19666950066514,46
"N[19,8]",0.1782,0.475870054122215,0,0,0,0,1,1.02578801411548,360
"N[20,8]",0,0,0,0,0,0,0,1,1
"N[21,8]",0,0,0,0,0,0,0,1,1
"N[22,8]",0,0,0,0,0,0,0,1,1
"N[23,8]",0.235166666666667,0.557440875997832,0,0,0,0,2,1.0234610580823,370
"N[24,8]",0,0,0,0,0,0,0,1,1
"N[25,8]",0,0,0,0,0,0,0,1,1
"N[26,8]",0,0,0,0,0,0,0,1,1
"N[27,8]",0,0,0,0,0,0,0,1,1
"N[28,8]",0,0,0,0,0,0,0,1,1
"N[29,8]",0,0,0,0,0,0,0,1,1
"N[30,8]",0,0,0,0,0,0,0,1,1
"N[31,8]",0.580966666666667,1.0274951372622,0,0,0,1,3,1.0703024408009,140
"N[32,8]",0,0,0,0,0,0,0,1,1
"N[33,8]",0.221766666666667,0.534162013366831,0,0,0,0,2,1.02323469216709,320
"N[34,8]",0,0,0,0,0,0,0,1,1
"N[35,8]",0.2381,0.549865257792056,0,0,0,0,2,1.02613229632869,300
"N[36,8]",0.282466666666667,0.618513271895712,0,0,0,0,2,1.03108472894492,250
"N[37,8]",0.2911,0.620462426303223,0,0,0,0,2,1.03115044102688,220
"N[38,8]",0.298666666666667,0.630670130667382,0,0,0,0,2,1.03260416437902,250
"N[39,8]",0.2422,0.559120959371262,0,0,0,0,2,1.02573815306912,310
"N[40,8]",2.06423333333333,2.76076586110211,0,0,1,3,11,1.14196944739536,65
"N[41,8]",131.124933333333,185.239829909269,10,37,73,142,795,1.19143550913389,45
"N[42,8]",0.601233333333333,1.02913577800528,0,0,0,1,3,1.06391838905102,120
"N[43,8]",0,0,0,0,0,0,0,1,1
"N[44,8]",0,0,0,0,0,0,0,1,1
"N[45,8]",0.701266666666667,1.21114572121641,0,0,0,1,4,1.06944945107495,160
"N[46,8]",102.159733333333,138.648148667409,10,33,59,111,594,1.22113239805436,44
"N[47,8]",0,0,0,0,0,0,0,1,1
"N[48,8]",0.236466666666667,0.557279583548536,0,0,0,0,2,1.03159554421593,250
"N[49,8]",0.238633333333333,0.551027149893318,0,0,0,0,2,1.0266477574074,310
"N[50,8]",0.587566666666667,1.03985645913466,0,0,0,1,3,1.06350925335382,170
"N[51,8]",0,0,0,0,0,0,0,1,1
"N[52,8]",0,0,0,0,0,0,0,1,1
"N[53,8]",1.75386666666667,2.53949470367641,0,0,1,2,9,1.13082692922719,86
"N[54,8]",0,0,0,0,0,0,0,1,1
"N[55,8]",0,0,0,0,0,0,0,1,1
"N[56,8]",0.388366666666667,0.754601647456303,0,0,0,1,2,1.04627062611087,190
"N[57,8]",0,0,0,0,0,0,0,1,1
"N[58,8]",0,0,0,0,0,0,0,1,1
"N[59,8]",0,0,0,0,0,0,0,1,1
"N[60,8]",0,0,0,0,0,0,0,1,1
"N[61,8]",0,0,0,0,0,0,0,1,1
"N[62,8]",0,0,0,0,0,0,0,1,1
"N[63,8]",0,0,0,0,0,0,0,1,1
"N[64,8]",0,0,0,0,0,0,0,1,1
"N[65,8]",0,0,0,0,0,0,0,1,1
"N[66,8]",0,0,0,0,0,0,0,1,1
"N[67,8]",0,0,0,0,0,0,0,1,1
"N[68,8]",227.536866666667,368.26937303902,19,61,117,230,1304.02499065847,1.02600402550794,140
"N[69,8]",0,0,0,0,0,0,0,1,1
"N[70,8]",0.445066666666667,0.825391849131293,0,0,0,1,3,1.04830725756684,190
"N[71,8]",0.402566666666667,0.771141946003189,0,0,0,1,3,1.04826073024922,180
"N[72,8]",8.8335,11.8126103102607,0,3,5,10,43,1.20624978227551,55
"N[73,8]",0.176333333333333,0.472984156911531,0,0,0,0,1,1.02636880569992,360
"N[74,8]",1.28153333333333,1.82918484015737,0,0,1,2,7,1.11086222679887,76
"N[75,8]",0,0,0,0,0,0,0,1,1
"N[76,8]",0,0,0,0,0,0,0,1,1
"N[77,8]",0,0,0,0,0,0,0,1,1
"N[78,8]",0,0,0,0,0,0,0,1,1
"N[79,8]",0,0,0,0,0,0,0,1,1
"N[80,8]",0.623866666666667,1.04538357064885,0,0,0,1,4,1.06332772054167,120
"alpha",-0.95199825963858,0.836438598505405,-2.46836247863384,-1.52151973468598,-1.00862211154119,-0.426018062129397,0.986838934142505,1.03654965529217,150
"beta",1.56005478721291,0.192887607052141,1.19441746286582,1.42969267390372,1.55526760145975,1.6868803189796,1.96306415705244,1.00649456425095,400
"deviance",490.021353183937,9.14588316987697,472.71018650946,483.89330849541,489.713288574157,495.848627396635,508.871891250407,1.00144448347905,4000
"eta[1]",-7.63733678714854,1.40648148516112,-10.7856447802328,-8.47346753919183,-7.51807478370191,-6.67041605849898,-5.19898423934616,1.01561308184312,200
"eta[2]",-6.75514106120944,1.5337568135524,-10.0628689382264,-7.68034099194483,-6.6564106352487,-5.71108706100052,-4.01575015435369,1.01112895629131,280
"eta[3]",-6.73006361187183,1.54060507993695,-10.0711459536418,-7.65886113526131,-6.63039257811123,-5.69363465571216,-3.96961241196368,1.00996250170006,310
"eta[4]",-6.69385145064708,1.55131360054342,-10.017441148858,-7.63761527087249,-6.60544116848905,-5.64289170062784,-3.88128159619536,1.01088498548312,260
"eta[5]",-4.71914486860569,0.992854712610629,-6.82358683258034,-5.35868035118166,-4.65583145057052,-4.0320320995847,-2.92086122454734,1.01998668130767,200
"eta[6]",-6.70304255875642,1.56344530194628,-10.0632861378323,-7.66108638226607,-6.61175660852416,-5.65739300027125,-3.8674345749386,1.01096216071061,280
"eta[7]",-6.6887578364113,1.57343208458246,-10.0641351187914,-7.64198978438117,-6.59477675656187,-5.63813417530463,-3.84456518387215,1.00911275113973,340
"eta[8]",-6.68926040628174,1.55559445475102,-10.0161579238828,-7.6324369627548,-6.60780292626947,-5.65361670892634,-3.86262474411355,1.00783491163856,400
"eta[9]",-6.70449138576966,1.56032299144216,-10.0719807198894,-7.65787324950455,-6.61089649036584,-5.65270927470721,-3.90798784333473,1.01058031751573,280
"eta[10]",-5.79329683746633,1.05975924680236,-8.06377559571001,-6.46050388180767,-5.73478474621185,-5.05529101993149,-3.89228960912016,1.02091321541575,190
"eta[11]",-6.71700491605107,1.5648084367414,-10.0567286372925,-7.67305782743504,-6.63190773722564,-5.66721320126217,-3.882583191856,1.00880164493862,340
"eta[12]",-6.89368365530083,1.49306939974857,-10.1217394787013,-7.80587749258863,-6.78865572587002,-5.86799726276949,-4.2566668099519,1.01219600365252,270
"eta[13]",-6.75316977065396,1.53638990879008,-10.069484726274,-7.66668949706851,-6.64831738435634,-5.71691550619387,-4.01941978109233,1.01020546910512,270
"eta[14]",-6.85533636956066,1.50454770183886,-10.1422648409755,-7.76834227273381,-6.74440321340737,-5.83037660958206,-4.22319763230774,1.01414544508174,210
"eta[15]",-7.65780522697848,1.40713410996506,-10.7627256746542,-8.5082316562609,-7.53272498732577,-6.67602166500702,-5.2144503130604,1.01359181712376,230
"eta[16]",-6.90447770769943,1.49983849218249,-10.1279926013626,-7.81207984213936,-6.80014185678824,-5.88623783217894,-4.2511388214321,1.01051907700883,290
"eta[17]",-6.70631251707267,1.5671514888273,-10.0513398998941,-7.65534826138021,-6.62518596005951,-5.65585194282995,-3.82356600886817,1.0104944554615,290
"eta[18]",-7.8065853509993,1.42789478082568,-10.9178620525761,-8.66197165424093,-7.69593293905265,-6.82454772612975,-5.30970589116165,1.01557778386236,200
"eta[19]",-6.76603229747854,1.53182998579313,-10.0930595335897,-7.69301646965783,-6.67373376681516,-5.74317290076995,-4.00830337022887,1.00998180452301,320
"eta[20]",-6.69667025371476,1.55248749242082,-10.0261420315418,-7.63819051762025,-6.60451374621692,-5.6571308126322,-3.90054639775254,1.00936892633898,330
"eta[21]",-6.71208446421497,1.55442525084985,-10.024620662505,-7.64908389390086,-6.6278541776264,-5.67833877802533,-3.87289929973382,1.00882554156358,330
"eta[22]",-6.75682702937392,1.5490933872203,-10.0676099554762,-7.69137308217412,-6.66748246728963,-5.71423285639034,-3.96890444206837,1.01074791415252,300
"eta[23]",-6.78796184149319,1.52804398874398,-10.0940493146677,-7.71285355504607,-6.67822864640728,-5.75054298408121,-4.08449869978362,1.01026244547229,280
"eta[24]",-6.70523762446543,1.56384204830643,-10.0143376209717,-7.66207164606022,-6.6236568435319,-5.66128309756252,-3.84758816327279,1.00897470783029,400
"eta[25]",-6.6958402975178,1.56308534780996,-10.0770250847055,-7.64300686335246,-6.60437406694954,-5.65265998721403,-3.86363668121989,1.0110423048869,310
"eta[26]",-6.68711380888816,1.56702142873723,-10.0706789640261,-7.62595544622203,-6.58458788568349,-5.63815963177803,-3.87348574364337,1.00990121926526,320
"eta[27]",-6.69837812568318,1.56685522611129,-10.0866710766514,-7.63584047046757,-6.61278212234524,-5.65740678013828,-3.85579419575901,1.01078279775223,310
"eta[28]",-6.69609700134897,1.55346363399077,-10.031041370147,-7.64385246215319,-6.60586025443554,-5.65153628050114,-3.86209330689466,1.00959170528575,320
"eta[29]",-6.68822776895659,1.54530170654771,-9.96903254353758,-7.62771547486246,-6.60000167343704,-5.65996363468534,-3.8939611975586,1.00977676899379,320
"eta[30]",-5.28312618638013,0.896847290208798,-7.32725501949847,-5.83243967065167,-5.22117164678894,-4.66028551134185,-3.71791096687103,1.0325973188154,140
"eta[31]",-6.82865779828055,1.51516858066466,-10.0938891144459,-7.7527254851601,-6.7163214042133,-5.79044179172492,-4.16695125474203,1.01176017434119,260
"eta[32]",-6.70452449585534,1.57393790121972,-10.0589673487899,-7.67014296702243,-6.61874615538897,-5.65009836164945,-3.84003215558567,1.00821412532394,370
"eta[33]",-6.97850991487991,1.48792415239856,-10.2467118367734,-7.86667185021293,-6.86098066535295,-5.95868129006121,-4.37575958712378,1.01379763756434,230
"eta[34]",-6.69775985584307,1.56276111135112,-10.0175780223124,-7.6572767712796,-6.59680865096012,-5.64711629360666,-3.8961238600309,1.01077292051576,290
"eta[35]",-6.76859674718365,1.5348193853533,-10.0426626804488,-7.69603315607978,-6.67563111160574,-5.71932627418444,-4.06552367499518,1.0101647431056,300
"eta[36]",-6.85637062253425,1.50208656127578,-10.1190113299475,-7.76151607854896,-6.74795393725466,-5.82709624612966,-4.21280949179675,1.01117568282758,260
"eta[37]",-6.47309916426376,1.18896728745634,-9.04132249710232,-7.21202922526189,-6.39376318209655,-5.64706217433311,-4.37441515315481,1.01811222593924,200
"eta[38]",-6.8509028153278,1.51031224558842,-10.1563286557006,-7.75652020613669,-6.72623266291229,-5.82257606762248,-4.17064663973127,1.00897258424696,360
"eta[39]",-6.98446366238392,1.20262379805809,-9.56235428760637,-7.73020146975565,-6.90665662622905,-6.15549973363669,-4.81677437721818,1.02160819815402,170
"eta[40]",-6.86554897414607,1.50693420727931,-10.1444631080015,-7.77914955117369,-6.76263907441032,-5.83726843301077,-4.2114437745555,1.01005858197324,310
"eta[41]",-8.02368102673591,1.43017388566393,-11.1072182275206,-8.90025475428706,-7.9108486939962,-7.04839246501028,-5.47939529124876,1.01710201225896,200
"eta[42]",-6.84421847023983,1.51223729279754,-10.0919205272823,-7.76502608676854,-6.74391782341302,-5.80753980724237,-4.16483329644621,1.01045502816621,290
"eta[43]",-7.14789889229208,1.44901358373779,-10.3750677729751,-8.03138845098017,-7.02147862686326,-6.14711049736036,-4.65866814571232,1.01109106975967,300
"eta[44]",-6.67215644990658,1.5609216584413,-10.0035618749293,-7.61382988271197,-6.59344056490483,-5.63835905155618,-3.79089034137187,1.00950634084808,330
"eta[45]",-6.11518578329127,1.07971028181603,-8.42806172230521,-6.79404402913446,-6.05568923860121,-5.36893428370773,-4.1618260686096,1.01925018230919,190
"eta[46]",-6.23752357062964,0.917156454540313,-8.34369166384528,-6.79821513505707,-6.18310162071576,-5.60445267756813,-4.60701868096672,1.03834091191221,120
"eta[47]",-6.70564642105028,1.55387068288327,-10.0317056311769,-7.64908467997419,-6.60958537272139,-5.66292064071484,-3.89002206483152,1.01006912860078,310
"eta[48]",-6.74468178989535,1.54318370849035,-10.0946041411669,-7.68350013238617,-6.6445053027225,-5.71233211222558,-3.9472758275341,1.01113839729693,260
"eta[49]",-6.77277308172491,1.5507998533772,-10.1225880196917,-7.71089672448975,-6.6741354329527,-5.72159577929526,-4.03397896973759,1.01111699672783,290
"eta[50]",-6.97734760671299,1.48803814877397,-10.267336985398,-7.86581802832878,-6.86317155709611,-5.96023637355185,-4.40196709238114,1.00998576763344,330
"eta[51]",-6.71157856721609,1.55835953890699,-10.0684471947807,-7.65659077291233,-6.62749004870849,-5.65717673671142,-3.88334070601715,1.00840152484963,340
"eta[52]",-6.87080555995234,1.08556218943023,-9.22658198184314,-7.54818432980305,-6.80598698884742,-6.11931236311,-4.92585298883885,1.02097290150582,170
"eta[53]",-6.49317690324822,1.20663102101411,-9.10383675129613,-7.24656158208067,-6.41990154463911,-5.66437749144239,-4.3386138326325,1.01572994575459,230
"eta[54]",-6.7565138814058,1.5339168179422,-10.0894562036226,-7.68469776894449,-6.66060168992688,-5.7317421643631,-4.0010997084555,1.00822558292891,400
"eta[55]",-6.69708448259672,1.55761033522203,-10.0294948732291,-7.64706654533265,-6.60583221361682,-5.65275569436465,-3.87245301840286,1.00916753054743,360
"eta[56]",-6.82640986542409,1.51410418454858,-10.089648902692,-7.74314276890117,-6.73369277358691,-5.79389777464143,-4.13444235237434,1.00962334190639,330
"eta[57]",-6.69564597195085,1.57029694652617,-10.0691489445772,-7.66038104034704,-6.60197748021057,-5.64077437191172,-3.84114898334552,1.01025794891362,330
"eta[58]",-6.69728649300568,1.55554890131265,-10.0113555849425,-7.64370293896791,-6.61192431596526,-5.64842997362997,-3.87271200636492,1.00853862589053,360
"eta[59]",-6.6815835407645,1.55524071414694,-9.99895691240913,-7.64385108208297,-6.61269400627074,-5.63065631362612,-3.84026763139794,1.00792787182678,410
"eta[60]",-6.69295201775171,1.55544127668778,-10.00642394537,-7.65191927864588,-6.60928488319804,-5.66241554160576,-3.85943921250089,1.00979851243943,320
"eta[61]",-6.69035440065797,1.56069397322281,-10.0612369816512,-7.62757416423639,-6.60051969496875,-5.65757473077753,-3.84510589566312,1.0085572592671,350
"eta[62]",-6.69891234105045,1.56838747510812,-10.0126630156827,-7.65539636898365,-6.60596291202258,-5.64966600340289,-3.83236371311416,1.01029798984215,300
"eta[63]",-7.10013128099246,1.47818039739502,-10.3621954963583,-7.97026705713561,-6.97690313299049,-6.082827292446,-4.55281809179544,1.01298495696827,260
"eta[64]",-6.69920922466186,1.55427298865895,-10.0077080136505,-7.64970800197971,-6.62285064706394,-5.67016075850594,-3.83354482176188,1.00838027155741,370
"eta[65]",-6.68857241909589,1.55951664295578,-10.0023529988118,-7.62920039765659,-6.6010187739236,-5.65016429060027,-3.83688266323416,1.00974029092407,330
"eta[66]",-6.70203608946879,1.54830245918541,-9.96527135216804,-7.66396786886098,-6.61321244054445,-5.67845529522927,-3.85522353995215,1.00744152326442,470
"eta[67]",-6.94394494559777,1.4968472313596,-10.2779037565396,-7.83411591493683,-6.81998216487937,-5.91356457030311,-4.35196776261081,1.01229528467041,270
"eta[68]",-6.63152106660911,1.03024317034248,-8.9597638224969,-7.26201653527705,-6.56368045275636,-5.91958894379859,-4.79910114863441,1.02529815032859,140
"eta[69]",-6.69747659223443,1.57350328511224,-10.0601272443853,-7.64805240249188,-6.61425783207544,-5.65171793682882,-3.82841144043268,1.00919235405973,330
"eta[70]",-6.3993451806714,1.19113683135138,-8.98451151435221,-7.13372472514289,-6.31928811215815,-5.57918636055282,-4.29737025617738,1.01717331151875,220
"eta[71]",-7.1342916674821,1.44764390962014,-10.316584514067,-8.00578134066526,-7.01865773940211,-6.12307396649249,-4.64214608887309,1.01185686543762,260
"eta[72]",-5.95317184802255,0.923725929035381,-8.09992249342805,-6.51116329401789,-5.88276256650687,-5.30054594638037,-4.35956002811598,1.03624032491657,120
"eta[73]",-5.21066400155184,1.07896145850964,-7.47376262965249,-5.91035266765652,-5.15481651483271,-4.45075964078379,-3.26618419297161,1.01229622490208,320
"eta[74]",-6.90701204172313,1.49481932278542,-10.1651342962863,-7.81559234965717,-6.78675899929373,-5.88350110202528,-4.27454909350317,1.00956385407267,310
"eta[75]",-6.69459320311364,1.55453694489029,-9.98927819865238,-7.64656634255086,-6.6088608138358,-5.64890237476768,-3.88860790558831,1.00901595608294,360
"eta[76]",-6.70425373325864,1.55617910032617,-10.0444658663464,-7.65975388690539,-6.62656392888286,-5.6647604022852,-3.87548083288689,1.00863836603622,360
"eta[77]",-6.68979655840268,1.56984986528767,-10.0473094151379,-7.65686398676026,-6.59024352836559,-5.64620578016717,-3.8230021303019,1.00950120577872,350
"eta[78]",-6.69968481588752,1.5556446535625,-10.0546849563541,-7.64077184038321,-6.59431169121245,-5.64662890139555,-3.89142063999691,1.00828654564645,420
"eta[79]",-6.70671395704433,1.5616090807794,-10.019668748854,-7.66001860521625,-6.61632779530966,-5.67006407120051,-3.83552600363111,1.00973395801278,300
"eta[80]",-6.99062258557069,1.18914508525113,-9.5386347133774,-7.72014315607336,-6.91423347199643,-6.17751283714138,-4.84063603815899,1.02003298488533,190
"gamma",1.71784078274706,0.935431403141768,-0.167005710850627,1.10252325779328,1.75028142482314,2.35530106438243,3.47695815062649,1.00332559404563,840
"lambda[1,1]",0.95359957237584,1.01750252302728,0.155923388635852,0.381492093517647,0.629032637025975,1.09978451972057,4.59740665763145,1.04093941445493,140
"lambda[2,1]",0,0,0,0,0,0,0,1,1
"lambda[3,1]",0,0,0,0,0,0,0,1,1
"lambda[4,1]",0,0,0,0,0,0,0,1,1
"lambda[5,1]",0.188672225457962,0.215711968608499,0.0222758110348501,0.0656522810688273,0.115919923629181,0.217707121484376,0.872195876323873,1.02570923626556,200
"lambda[6,1]",0,0,0,0,0,0,0,1,1
"lambda[7,1]",0,0,0,0,0,0,0,1,1
"lambda[8,1]",0,0,0,0,0,0,0,1,1
"lambda[9,1]",0,0,0,0,0,0,0,1,1
"lambda[10,1]",12.034576559958,14.1930725557637,1.96410481788249,4.6168021114068,7.69776191750333,13.6507172179313,67.9786740168405,1.05083044194166,100
"lambda[11,1]",0,0,0,0,0,0,0,1,1
"lambda[12,1]",0,0,0,0,0,0,0,1,1
"lambda[13,1]",0,0,0,0,0,0,0,1,1
"lambda[14,1]",0,0,0,0,0,0,0,1,1
"lambda[15,1]",0,0,0,0,0,0,0,1,1
"lambda[16,1]",0,0,0,0,0,0,0,1,1
"lambda[17,1]",0,0,0,0,0,0,0,1,1
"lambda[18,1]",3.94705600758629,4.8112610663978,0.48280542520736,1.37299826357215,2.4354308226724,4.35072431497265,21.2395690322436,1.03790542708904,120
"lambda[19,1]",0,0,0,0,0,0,0,1,1
"lambda[20,1]",0,0,0,0,0,0,0,1,1
"lambda[21,1]",0,0,0,0,0,0,0,1,1
"lambda[22,1]",0,0,0,0,0,0,0,1,1
"lambda[23,1]",0,0,0,0,0,0,0,1,1
"lambda[24,1]",0,0,0,0,0,0,0,1,1
"lambda[25,1]",0,0,0,0,0,0,0,1,1
"lambda[26,1]",0,0,0,0,0,0,0,1,1
"lambda[27,1]",0,0,0,0,0,0,0,1,1
"lambda[28,1]",0,0,0,0,0,0,0,1,1
"lambda[29,1]",0,0,0,0,0,0,0,1,1
"lambda[30,1]",9.1965953088098,11.4453605264451,1.47334167436639,3.4473023153359,5.86731856900186,10.1423367706045,42.5026861757031,1.0424569099949,120
"lambda[31,1]",0,0,0,0,0,0,0,1,1
"lambda[32,1]",0,0,0,0,0,0,0,1,1
"lambda[33,1]",0,0,0,0,0,0,0,1,1
"lambda[34,1]",0,0,0,0,0,0,0,1,1
"lambda[35,1]",0,0,0,0,0,0,0,1,1
"lambda[36,1]",0.292434233454716,0.307569402428413,0.0429695702206722,0.112374935084444,0.191452861812282,0.34330283835463,1.35158554256882,1.03250671800464,170
"lambda[37,1]",2.58685708126269,2.84706295443807,0.434163407737326,1.02991384188379,1.6971632400508,2.97282814956906,13.5757557151539,1.04681877194552,120
"lambda[38,1]",0,0,0,0,0,0,0,1,1
"lambda[39,1]",0,0,0,0,0,0,0,1,1
"lambda[40,1]",0.24926755871582,0.265741212357821,0.0349043836780257,0.0937555131736261,0.16064828829308,0.29238657465647,1.15164563076071,1.03090182802111,180
"lambda[41,1]",0.214395431668439,0.235483003816466,0.0280442851908405,0.0778864165265952,0.13467680824837,0.249459802126218,0.98187961688032,1.02840217732696,190
"lambda[42,1]",0.214395431668439,0.235483003816466,0.0280442851908405,0.0778864165265952,0.13467680824837,0.249459802126218,0.98187961688032,1.02840217732696,190
"lambda[43,1]",0,0,0,0,0,0,0,1,1
"lambda[44,1]",0,0,0,0,0,0,0,1,1
"lambda[45,1]",0,0,0,0,0,0,0,1,1
"lambda[46,1]",4.58665226001107,5.22479950724091,0.797867289050725,1.8271670743995,3.01520313852391,5.20607051110555,23.8761996417661,1.04851972347929,110
"lambda[47,1]",0,0,0,0,0,0,0,1,1
"lambda[48,1]",0,0,0,0,0,0,0,1,1
"lambda[49,1]",0,0,0,0,0,0,0,1,1
"lambda[50,1]",0,0,0,0,0,0,0,1,1
"lambda[51,1]",0,0,0,0,0,0,0,1,1
"lambda[52,1]",17.6034617739624,24.2559461029959,2.30133157609801,5.98001378798473,10.5250866875855,19.0621692959022,81.3900569542395,1.03257080002614,140
"lambda[53,1]",1.81985088712041,2.15956503569589,0.252529393194294,0.675037973452625,1.16670936521499,2.03248399863295,7.90487203051513,1.03284454721615,160
"lambda[54,1]",0,0,0,0,0,0,0,1,1
"lambda[55,1]",0,0,0,0,0,0,0,1,1
"lambda[56,1]",0,0,0,0,0,0,0,1,1
"lambda[57,1]",0,0,0,0,0,0,0,1,1
"lambda[58,1]",0,0,0,0,0,0,0,1,1
"lambda[59,1]",0,0,0,0,0,0,0,1,1
"lambda[60,1]",0,0,0,0,0,0,0,1,1
"lambda[61,1]",0,0,0,0,0,0,0,1,1
"lambda[62,1]",0,0,0,0,0,0,0,1,1
"lambda[63,1]",0,0,0,0,0,0,0,1,1
"lambda[64,1]",0,0,0,0,0,0,0,1,1
"lambda[65,1]",0,0,0,0,0,0,0,1,1
"lambda[66,1]",0,0,0,0,0,0,0,1,1
"lambda[67,1]",0,0,0,0,0,0,0,1,1
"lambda[68,1]",1.13240415732386,1.4932627749579,0.0943830233854097,0.333904790422218,0.646113848755369,1.27789045305646,5.25951460807731,1.01838372679529,230
"lambda[69,1]",0,0,0,0,0,0,0,1,1
"lambda[70,1]",0,0,0,0,0,0,0,1,1
"lambda[71,1]",0,0,0,0,0,0,0,1,1
"lambda[72,1]",31.5696925930954,41.5166595858157,4.8051457353943,11.3198205247892,19.4926521829761,34.2646174839023,152.573493888398,1.04398019349112,110
"lambda[73,1]",0,0,0,0,0,0,0,1,1
"lambda[74,1]",0.241691039683381,0.258870085271586,0.0334874163204164,0.0903657632360389,0.154880291807052,0.282860353882207,1.11409190492268,1.03046161614862,180
"lambda[75,1]",0,0,0,0,0,0,0,1,1
"lambda[76,1]",0,0,0,0,0,0,0,1,1
"lambda[77,1]",0,0,0,0,0,0,0,1,1
"lambda[78,1]",0,0,0,0,0,0,0,1,1
"lambda[79,1]",0,0,0,0,0,0,0,1,1
"lambda[80,1]",12.4212348527991,15.2044804056432,1.59209598408016,4.36100376686092,7.82049421093687,13.6646585454449,70.4821649208195,1.04384258894547,110
"lambda[1,2]",0,0,0,0,0,0,0,1,1
"lambda[2,2]",0.188672225457962,0.215711968608499,0.0222758110348501,0.0656522810688273,0.115919923629181,0.217707121484376,0.872195876323873,1.02570923626556,200
"lambda[3,2]",0.986684572076961,1.05530316527115,0.16160205847401,0.395322185814727,0.652080914822455,1.13690120111315,4.73448349834881,1.04096855008087,140
"lambda[4,2]",0,0,0,0,0,0,0,1,1
"lambda[5,2]",0.188672225457962,0.215711968608499,0.0222758110348501,0.0656522810688273,0.115919923629181,0.217707121484376,0.872195876323873,1.02570923626556,200
"lambda[6,2]",0,0,0,0,0,0,0,1,1
"lambda[7,2]",0,0,0,0,0,0,0,1,1
"lambda[8,2]",0,0,0,0,0,0,0,1,1
"lambda[9,2]",0,0,0,0,0,0,0,1,1
"lambda[10,2]",0,0,0,0,0,0,0,1,1
"lambda[11,2]",0,0,0,0,0,0,0,1,1
"lambda[12,2]",0,0,0,0,0,0,0,1,1
"lambda[13,2]",0,0,0,0,0,0,0,1,1
"lambda[14,2]",2.62046473911141,3.00957093425089,0.366358761937955,0.974166891263519,1.6692947247775,2.95434956341803,13.8467493150689,1.04093441969986,120
"lambda[15,2]",11.7493340006249,16.2949511875407,1.4027969848497,3.87505196898556,6.93789240045031,12.7652084367221,54.3032792413135,1.02841640569429,150
"lambda[16,2]",0,0,0,0,0,0,0,1,1
"lambda[17,2]",0,0,0,0,0,0,0,1,1
"lambda[18,2]",19.7389279137578,26.0822744777806,2.09082847262998,6.21863235448821,11.8991983212295,21.1845271812799,113.821496218211,1.03868147713315,110
"lambda[19,2]",0.549077752109593,0.628620629217565,0.0692965886849899,0.198012466227747,0.341196595387324,0.626564091712099,2.65885258862074,1.03118667056684,160
"lambda[20,2]",0,0,0,0,0,0,0,1,1
"lambda[21,2]",0,0,0,0,0,0,0,1,1
"lambda[22,2]",0,0,0,0,0,0,0,1,1
"lambda[23,2]",0.241691039683381,0.258870085271586,0.0334874163204164,0.0903657632360389,0.154880291807052,0.282860353882207,1.11409190492268,1.03046161614862,180
"lambda[24,2]",0,0,0,0,0,0,0,1,1
"lambda[25,2]",0,0,0,0,0,0,0,1,1
"lambda[26,2]",0,0,0,0,0,0,0,1,1
"lambda[27,2]",0,0,0,0,0,0,0,1,1
"lambda[28,2]",0,0,0,0,0,0,0,1,1
"lambda[29,2]",0,0,0,0,0,0,0,1,1
"lambda[30,2]",0,0,0,0,0,0,0,1,1
"lambda[31,2]",0,0,0,0,0,0,0,1,1
"lambda[32,2]",0,0,0,0,0,0,0,1,1
"lambda[33,2]",0,0,0,0,0,0,0,1,1
"lambda[34,2]",0,0,0,0,0,0,0,1,1
"lambda[35,2]",0,0,0,0,0,0,0,1,1
"lambda[36,2]",0.848664670041887,0.902368843538069,0.137072850474422,0.337379634793716,0.558141212829548,0.980187755732168,4.13846466803168,1.04029635687432,140
"lambda[37,2]",12.9078968961273,15.2562619309804,2.03058783865748,4.8767141513955,8.23012403203713,14.691404670602,73.8137882824059,1.05025704004157,100
"lambda[38,2]",0,0,0,0,0,0,0,1,1
"lambda[39,2]",5.18426605416439,5.94880444997178,0.78319861861528,1.97527810716133,3.34824298428529,5.86295218521412,27.7494208129183,1.04637800560583,110
"lambda[40,2]",0.24926755871582,0.265741212357821,0.0349043836780257,0.0937555131736261,0.16064828829308,0.29238657465647,1.15164563076071,1.03090182802111,180
"lambda[41,2]",5.53409141214148,6.56351912208274,0.742950990768235,1.99986055624286,3.50802460589706,6.14779386688426,30.2485927771376,1.04253844757446,110
"lambda[42,2]",0.214395431668439,0.235483003816466,0.0280442851908405,0.0778864165265952,0.13467680824837,0.249459802126218,0.98187961688032,1.02840217732696,190
"lambda[43,2]",0.848664670041887,0.902368843538069,0.137072850474422,0.337379634793716,0.558141212829548,0.980187755732168,4.13846466803168,1.04029635687432,140
"lambda[44,2]",0,0,0,0,0,0,0,1,1
"lambda[45,2]",0.739039471722346,0.883613402541488,0.0818210881796704,0.25290533838855,0.457713314426089,0.844600297043027,3.21284376925646,1.02433643716242,200
"lambda[46,2]",9.66576406469241,11.3850672149429,1.65530926133635,3.75988780883077,6.23016842117708,10.8839434892994,52.2868778771698,1.05037584700102,100
"lambda[47,2]",0,0,0,0,0,0,0,1,1
"lambda[48,2]",0,0,0,0,0,0,0,1,1
"lambda[49,2]",0,0,0,0,0,0,0,1,1
"lambda[50,2]",0,0,0,0,0,0,0,1,1
"lambda[51,2]",0,0,0,0,0,0,0,1,1
"lambda[52,2]",2.47530443888827,3.15231699295586,0.286760600236449,0.84302176008677,1.52710244804997,2.74080485524382,10.9614320209314,1.02660756225635,170
"lambda[53,2]",26.6330186028101,35.3496202449041,3.98432292500252,9.49209513552475,16.3734003156535,28.7707468927623,125.839430901285,1.04149069901506,110
"lambda[54,2]",1.19771868721328,1.31034574238604,0.192854843963801,0.474806492594814,0.789594877643149,1.37462855075894,5.61072300226239,1.03989176958109,140
"lambda[55,2]",0,0,0,0,0,0,0,1,1
"lambda[56,2]",1.17629140963262,1.28347134981402,0.189564685068111,0.467045568744049,0.776308429614966,1.3486621731421,5.52857034962405,1.04007296810917,140
"lambda[57,2]",0,0,0,0,0,0,0,1,1
"lambda[58,2]",0,0,0,0,0,0,0,1,1
"lambda[59,2]",0,0,0,0,0,0,0,1,1
"lambda[60,2]",0,0,0,0,0,0,0,1,1
"lambda[61,2]",0,0,0,0,0,0,0,1,1
"lambda[62,2]",0,0,0,0,0,0,0,1,1
"lambda[63,2]",0,0,0,0,0,0,0,1,1
"lambda[64,2]",0,0,0,0,0,0,0,1,1
"lambda[65,2]",0,0,0,0,0,0,0,1,1
"lambda[66,2]",0,0,0,0,0,0,0,1,1
"lambda[67,2]",0,0,0,0,0,0,0,1,1
"lambda[68,2]",41.0885705829792,61.6832212317168,4.42198310462417,12.5127426221773,22.8486420010082,43.400916293523,207.143819373426,1.02680041633799,150
"lambda[69,2]",0,0,0,0,0,0,0,1,1
"lambda[70,2]",2.51034186246893,2.85909706617045,0.413217986597813,0.987519855046675,1.65336740595426,2.83637498503425,11.795306863369,1.04234964235822,130
"lambda[71,2]",0,0,0,0,0,0,0,1,1
"lambda[72,2]",20.7285694657922,26.752255095943,3.24472791179307,7.58088751114309,12.9313752761373,22.5825902964502,98.9527584065521,1.04385011751234,110
"lambda[73,2]",0.588596885602898,0.658506327289051,0.0787262025329509,0.217677586873011,0.371546821688643,0.674883347836135,2.86933163432915,1.03318185744679,150
"lambda[74,2]",0.241691039683381,0.258870085271586,0.0334874163204164,0.0903657632360389,0.154880291807052,0.282860353882207,1.11409190492268,1.03046161614862,180
"lambda[75,2]",0,0,0,0,0,0,0,1,1
"lambda[76,2]",0,0,0,0,0,0,0,1,1
"lambda[77,2]",0,0,0,0,0,0,0,1,1
"lambda[78,2]",0,0,0,0,0,0,0,1,1
"lambda[79,2]",0,0,0,0,0,0,0,1,1
"lambda[80,2]",9.49010386528387,11.4619887940673,1.24822815613211,3.3796944659927,6.01046816332058,10.4550046587593,53.059494528778,1.0438424407717,110
"lambda[1,3]",0.95359957237584,1.01750252302728,0.155923388635852,0.381492093517647,0.629032637025975,1.09978451972057,4.59740665763145,1.04093941445493,140
"lambda[2,3]",0,0,0,0,0,0,0,1,1
"lambda[3,3]",0,0,0,0,0,0,0,1,1
"lambda[4,3]",0,0,0,0,0,0,0,1,1
"lambda[5,3]",0.549077752109593,0.628620629217565,0.0692965886849899,0.198012466227747,0.341196595387324,0.626564091712099,2.65885258862074,1.03118667056684,160
"lambda[6,3]",0,0,0,0,0,0,0,1,1
"lambda[7,3]",0,0,0,0,0,0,0,1,1
"lambda[8,3]",0,0,0,0,0,0,0,1,1
"lambda[9,3]",0,0,0,0,0,0,0,1,1
"lambda[10,3]",0,0,0,0,0,0,0,1,1
"lambda[11,3]",0,0,0,0,0,0,0,1,1
"lambda[12,3]",3.28259599789742,3.95184543936986,0.489121690273734,1.23488905505228,2.11380474776681,3.64058821054508,14.3590984085694,1.03691871487574,140
"lambda[13,3]",0.196720728942662,0.221632406786265,0.0240629936290619,0.06952417579351,0.121844436818013,0.227884413405016,0.90908644038232,1.02663456095075,190
"lambda[14,3]",0.214395431668439,0.235483003816466,0.0280442851908405,0.0778864165265952,0.13467680824837,0.249459802126218,0.98187961688032,1.02840217732696,190
"lambda[15,3]",0,0,0,0,0,0,0,1,1
"lambda[16,3]",0,0,0,0,0,0,0,1,1
"lambda[17,3]",0,0,0,0,0,0,0,1,1
"lambda[18,3]",6.9878948605228,8.74929097262294,0.824842221911232,2.35930651639938,4.31284580347037,7.60294426662974,38.7337906232761,1.03864500077252,120
"lambda[19,3]",0.549077752109593,0.628620629217565,0.0692965886849899,0.198012466227747,0.341196595387324,0.626564091712099,2.65885258862074,1.03118667056684,160
"lambda[20,3]",0,0,0,0,0,0,0,1,1
"lambda[21,3]",0,0,0,0,0,0,0,1,1
"lambda[22,3]",0,0,0,0,0,0,0,1,1
"lambda[23,3]",0.241691039683381,0.258870085271586,0.0334874163204164,0.0903657632360389,0.154880291807052,0.282860353882207,1.11409190492268,1.03046161614862,180
"lambda[24,3]",0,0,0,0,0,0,0,1,1
"lambda[25,3]",0,0,0,0,0,0,0,1,1
"lambda[26,3]",0,0,0,0,0,0,0,1,1
"lambda[27,3]",0,0,0,0,0,0,0,1,1
"lambda[28,3]",0,0,0,0,0,0,0,1,1
"lambda[29,3]",0,0,0,0,0,0,0,1,1
"lambda[30,3]",6.8953044596997,8.47336944215901,1.10181025589377,2.60577545942387,4.43361517606762,7.60490416505528,31.4886421400782,1.04159050832393,120
"lambda[31,3]",0,0,0,0,0,0,0,1,1
"lambda[32,3]",0,0,0,0,0,0,0,1,1
"lambda[33,3]",5.86397616548479,6.87457638700511,0.821376229079163,2.16277116304724,3.75433598282268,6.55066307949847,31.8169794259682,1.04431545096384,110
"lambda[34,3]",0,0,0,0,0,0,0,1,1
"lambda[35,3]",0.723982662069389,0.776758142504693,0.110361468177482,0.28257642715,0.469445086749442,0.837211363407576,3.48965293124212,1.03806939864752,140
"lambda[36,3]",0,0,0,0,0,0,0,1,1
"lambda[37,3]",11.0779953037862,12.9981785655385,1.76600979983816,4.21967059634049,7.08322086637437,12.6348026217237,63.1920705848022,1.05024736172192,100
"lambda[38,3]",0,0,0,0,0,0,0,1,1
"lambda[39,3]",76.8613806710027,100.916399574639,8.61145239687376,24.5194423823935,45.5240679342216,84.6039551069421,457.017847808901,1.04375340281836,100
"lambda[40,3]",0,0,0,0,0,0,0,1,1
"lambda[41,3]",2.62046473911141,3.00957093425089,0.366358761937955,0.974166891263519,1.6692947247775,2.95434956341803,13.8467493150689,1.04093441969986,120
"lambda[42,3]",1.84228620092307,2.0882271825129,0.258900400605248,0.691338307026728,1.17372270092375,2.09934399170115,9.51987445102216,1.03976410900792,130
"lambda[43,3]",0,0,0,0,0,0,0,1,1
"lambda[44,3]",0,0,0,0,0,0,0,1,1
"lambda[45,3]",0,0,0,0,0,0,0,1,1
"lambda[46,3]",1.09528802991372,1.18376631503938,0.178406323584698,0.436721743072167,0.723748051610818,1.25586043452775,5.20667168875962,1.04063580349493,140
"lambda[47,3]",0,0,0,0,0,0,0,1,1
"lambda[48,3]",0,0,0,0,0,0,0,1,1
"lambda[49,3]",0,0,0,0,0,0,0,1,1
"lambda[50,3]",0,0,0,0,0,0,0,1,1
"lambda[51,3]",0,0,0,0,0,0,0,1,1
"lambda[52,3]",41.593189856149,59.4439156541491,5.33736516157926,13.6286847610502,24.1871147008896,44.2527351608891,204.645046110779,1.03361505438342,130
"lambda[53,3]",3.41529315616955,4.14816389887998,0.499400393645582,1.27315233868826,2.18982673415472,3.77948908558945,14.8519156969206,1.03601090916544,140
"lambda[54,3]",0,0,0,0,0,0,0,1,1
"lambda[55,3]",0,0,0,0,0,0,0,1,1
"lambda[56,3]",0,0,0,0,0,0,0,1,1
"lambda[57,3]",0,0,0,0,0,0,0,1,1
"lambda[58,3]",0,0,0,0,0,0,0,1,1
"lambda[59,3]",0,0,0,0,0,0,0,1,1
"lambda[60,3]",0,0,0,0,0,0,0,1,1
"lambda[61,3]",0,0,0,0,0,0,0,1,1
"lambda[62,3]",0,0,0,0,0,0,0,1,1
"lambda[63,3]",0,0,0,0,0,0,0,1,1
"lambda[64,3]",0,0,0,0,0,0,0,1,1
"lambda[65,3]",0,0,0,0,0,0,0,1,1
"lambda[66,3]",0,0,0,0,0,0,0,1,1
"lambda[67,3]",0,0,0,0,0,0,0,1,1
"lambda[68,3]",47.8531865528788,72.2851016762842,5.12773111801051,14.4680480953456,26.4560532022187,50.3474916455357,244.113052228963,1.02694043003349,140
"lambda[69,3]",0,0,0,0,0,0,0,1,1
"lambda[70,3]",9.52991281384895,11.4889036835647,1.61248038961914,3.68498841371745,6.15547272934441,10.5957400516105,47.5990685342872,1.04755028859349,110
"lambda[71,3]",0,0,0,0,0,0,0,1,1
"lambda[72,3]",3.09503578030532,3.67822510483672,0.473331176961348,1.18081293997921,2.00617794901751,3.45124023990592,13.7084880272916,1.03823700207199,140
"lambda[73,3]",0.202369681057716,0.225937194364015,0.0253519173543041,0.0722735360464577,0.125973010896758,0.234333147855753,0.932724856540838,1.02723859813266,190
"lambda[74,3]",2.94847197603537,3.31776653256746,0.446865101544859,1.13050486570301,1.90244862121166,3.35936316509717,15.3706123586547,1.04429771848363,120
"lambda[75,3]",0,0,0,0,0,0,0,1,1
"lambda[76,3]",0,0,0,0,0,0,0,1,1
"lambda[77,3]",0,0,0,0,0,0,0,1,1
"lambda[78,3]",0,0,0,0,0,0,0,1,1
"lambda[79,3]",0,0,0,0,0,0,0,1,1
"lambda[80,3]",4.60246696581612,5.37279954958425,0.638371129508698,1.69664996080012,2.9421327820842,5.14661145946685,24.8136516920318,1.04310836159933,110
"lambda[1,4]",31.02927341929,38.2968325246,4.58579503801502,11.3478077919988,19.3286649824489,34.8937365453823,178.369876144016,1.04995885380076,98
"lambda[2,4]",0.188672225457962,0.215711968608499,0.0222758110348501,0.0656522810688273,0.115919923629181,0.217707121484376,0.872195876323873,1.02570923626556,200
"lambda[3,4]",0,0,0,0,0,0,0,1,1
"lambda[4,4]",0,0,0,0,0,0,0,1,1
"lambda[5,4]",6.9878948605228,8.74929097262294,0.824842221911232,2.35930651639938,4.31284580347037,7.60294426662974,38.7337906232761,1.03864500077252,120
"lambda[6,4]",0,0,0,0,0,0,0,1,1
"lambda[7,4]",0,0,0,0,0,0,0,1,1
"lambda[8,4]",0,0,0,0,0,0,0,1,1
"lambda[9,4]",0,0,0,0,0,0,0,1,1
"lambda[10,4]",0,0,0,0,0,0,0,1,1
"lambda[11,4]",0,0,0,0,0,0,0,1,1
"lambda[12,4]",0.603952784874854,0.691219291778224,0.0750214652610083,0.21728749957223,0.382072965775144,0.694427363729233,2.58112449941612,1.02741121060648,190
"lambda[13,4]",0.196720728942662,0.221632406786265,0.0240629936290619,0.06952417579351,0.121844436818013,0.227884413405016,0.90908644038232,1.02663456095075,190
"lambda[14,4]",0.62330298025999,0.686651003239094,0.0872433564898918,0.234669813950253,0.397354997406198,0.718253147442919,3.02255048683427,1.03471572110429,150
"lambda[15,4]",67.6287599808511,100.876538993834,7.88598781685217,20.9471753203333,37.8276864538894,70.9313049848986,347.573001150417,1.03066586812548,130
"lambda[16,4]",0,0,0,0,0,0,0,1,1
"lambda[17,4]",0,0,0,0,0,0,0,1,1
"lambda[18,4]",2.31170874188019,2.7553940459765,0.290314646601422,0.819811481713452,1.43245459672887,2.57017484289651,12.117721831017,1.03669921800063,130
"lambda[19,4]",0,0,0,0,0,0,0,1,1
"lambda[20,4]",0,0,0,0,0,0,0,1,1
"lambda[21,4]",0,0,0,0,0,0,0,1,1
"lambda[22,4]",0.188672225457962,0.215711968608499,0.0222758110348501,0.0656522810688273,0.115919923629181,0.217707121484376,0.872195876323873,1.02570923626556,200
"lambda[23,4]",0.702104295434959,0.756213247008224,0.105299502918901,0.272615068097533,0.453711576377886,0.813388675032199,3.38795016394884,1.03747162915195,140
"lambda[24,4]",0,0,0,0,0,0,0,1,1
"lambda[25,4]",0,0,0,0,0,0,0,1,1
"lambda[26,4]",0,0,0,0,0,0,0,1,1
"lambda[27,4]",0,0,0,0,0,0,0,1,1
"lambda[28,4]",0,0,0,0,0,0,0,1,1
"lambda[29,4]",0,0,0,0,0,0,0,1,1
"lambda[30,4]",6.8953044596997,8.47336944215901,1.10181025589377,2.60577545942387,4.43361517606762,7.60490416505528,31.4886421400782,1.04159050832393,120
"lambda[31,4]",0.603952784874854,0.691219291778224,0.0750214652610083,0.21728749957223,0.382072965775144,0.694427363729233,2.58112449941612,1.02741121060648,190
"lambda[32,4]",0,0,0,0,0,0,0,1,1
"lambda[33,4]",1.24329863664392,1.37242950264656,0.183407686314429,0.47852992023389,0.798248887547298,1.43222078815518,6.210877709825,1.03951613648969,130
"lambda[34,4]",0,0,0,0,0,0,0,1,1
"lambda[35,4]",0.24926755871582,0.265741212357821,0.0349043836780257,0.0937555131736261,0.16064828829308,0.29238657465647,1.15164563076071,1.03090182802111,180
"lambda[36,4]",1.59482946499388,1.72582751645825,0.264194194988169,0.63588219662065,1.05066307678305,1.8327347882216,8.11729141283184,1.04422014249506,130
"lambda[37,4]",0.302248287317205,0.317647047959805,0.0444793828691151,0.116382307636434,0.198091500829024,0.3552094211036,1.39030318353409,1.03269158265143,170
"lambda[38,4]",2.62986526895198,2.89625120703101,0.443682471243399,1.046033163276,1.72822719443233,3.01958066147524,13.7811980977834,1.0469601948339,120
"lambda[39,4]",3.0395687226691,3.40914545435629,0.468944834041729,1.17481736805551,1.96374474373413,3.46985807396125,15.7855447935801,1.04503736318658,120
"lambda[40,4]",0.24926755871582,0.265741212357821,0.0349043836780257,0.0937555131736261,0.16064828829308,0.29238657465647,1.15164563076071,1.03090182802111,180
"lambda[41,4]",0,0,0,0,0,0,0,1,1
"lambda[42,4]",0.214395431668439,0.235483003816466,0.0280442851908405,0.0778864165265952,0.13467680824837,0.249459802126218,0.98187961688032,1.02840217732696,190
"lambda[43,4]",3.55888923838996,3.96923977017991,0.593728932129026,1.40225489590901,2.31990527451589,4.09119119475823,19.0991532076846,1.04786033085128,110
"lambda[44,4]",0,0,0,0,0,0,0,1,1
"lambda[45,4]",18.8203277716384,25.3235205214696,2.65990018651242,6.61252794494103,11.46860901868,20.4240921576767,86.2583050153622,1.03669189001415,130
"lambda[46,4]",23.7021656956191,29.1167577478675,3.74962037657878,8.88306376570639,14.9588415978245,26.4092575341933,132.253194718327,1.05046393645268,99
"lambda[47,4]",0,0,0,0,0,0,0,1,1
"lambda[48,4]",0,0,0,0,0,0,0,1,1
"lambda[49,4]",0.24926755871582,0.265741212357821,0.0349043836780257,0.0937555131736261,0.16064828829308,0.29238657465647,1.15164563076071,1.03090182802111,180
"lambda[50,4]",0,0,0,0,0,0,0,1,1
"lambda[51,4]",0,0,0,0,0,0,0,1,1
"lambda[52,4]",0,0,0,0,0,0,0,1,1
"lambda[53,4]",0,0,0,0,0,0,0,1,1
"lambda[54,4]",0.413224617958356,0.44287981875036,0.0591658713523087,0.158690039880273,0.267811447176859,0.479182040274251,1.82213037994594,1.03207810398699,170
"lambda[55,4]",0,0,0,0,0,0,0,1,1
"lambda[56,4]",0.405811153184662,0.433966324507041,0.0582119313750275,0.156219538373837,0.26330365556989,0.470624068518755,1.7931124360981,1.03221706305343,170
"lambda[57,4]",0,0,0,0,0,0,0,1,1
"lambda[58,4]",0,0,0,0,0,0,0,1,1
"lambda[59,4]",0,0,0,0,0,0,0,1,1
"lambda[60,4]",0,0,0,0,0,0,0,1,1
"lambda[61,4]",0,0,0,0,0,0,0,1,1
"lambda[62,4]",0,0,0,0,0,0,0,1,1
"lambda[63,4]",0.274042718421829,0.289224715489773,0.0398629298874789,0.104577057103645,0.178681158836185,0.321936062573833,1.26606239123303,1.03199444881719,180
"lambda[64,4]",0,0,0,0,0,0,0,1,1
"lambda[65,4]",0,0,0,0,0,0,0,1,1
"lambda[66,4]",0,0,0,0,0,0,0,1,1
"lambda[67,4]",0,0,0,0,0,0,0,1,1
"lambda[68,4]",1.13240415732386,1.4932627749579,0.0943830233854097,0.333904790422218,0.646113848755369,1.27789045305646,5.25951460807731,1.01838372679529,230
"lambda[69,4]",0,0,0,0,0,0,0,1,1
"lambda[70,4]",2.51034186246893,2.85909706617045,0.413217986597813,0.987519855046675,1.65336740595426,2.83637498503425,11.795306863369,1.04234964235822,130
"lambda[71,4]",0,0,0,0,0,0,0,1,1
"lambda[72,4]",24.1450734543583,31.3752312511328,3.74632894537207,8.76389286881088,15.0195991206581,26.284133818038,115.958420597513,1.04394154354652,110
"lambda[73,4]",0.588596885602898,0.658506327289051,0.0787262025329509,0.217677586873011,0.371546821688643,0.674883347836135,2.86933163432915,1.03318185744679,150
"lambda[74,4]",0.241691039683381,0.258870085271586,0.0334874163204164,0.0903657632360389,0.154880291807052,0.282860353882207,1.11409190492268,1.03046161614862,180
"lambda[75,4]",0,0,0,0,0,0,0,1,1
"lambda[76,4]",0,0,0,0,0,0,0,1,1
"lambda[77,4]",0,0,0,0,0,0,0,1,1
"lambda[78,4]",0,0,0,0,0,0,0,1,1
"lambda[79,4]",0,0,0,0,0,0,0,1,1
"lambda[80,4]",12.4212348527991,15.2044804056432,1.59209598408016,4.36100376686092,7.82049421093687,13.6646585454449,70.4821649208195,1.04384258894547,110
"lambda[1,5]",5.3322661160063,6.05749929382182,0.915086226748167,2.10787493416724,3.47642443715778,6.09946818047033,29.146364957396,1.0496538368826,110
"lambda[2,5]",0.549077752109593,0.628620629217565,0.0692965886849899,0.198012466227747,0.341196595387324,0.626564091712099,2.65885258862074,1.03118667056684,160
"lambda[3,5]",0,0,0,0,0,0,0,1,1
"lambda[4,5]",0,0,0,0,0,0,0,1,1
"lambda[5,5]",0.549077752109593,0.628620629217565,0.0692965886849899,0.198012466227747,0.341196595387324,0.626564091712099,2.65885258862074,1.03118667056684,160
"lambda[6,5]",0,0,0,0,0,0,0,1,1
"lambda[7,5]",0,0,0,0,0,0,0,1,1
"lambda[8,5]",0,0,0,0,0,0,0,1,1
"lambda[9,5]",0,0,0,0,0,0,0,1,1
"lambda[10,5]",0,0,0,0,0,0,0,1,1
"lambda[11,5]",0,0,0,0,0,0,0,1,1
"lambda[12,5]",0,0,0,0,0,0,0,1,1
"lambda[13,5]",0,0,0,0,0,0,0,1,1
"lambda[14,5]",0.214395431668439,0.235483003816466,0.0280442851908405,0.0778864165265952,0.13467680824837,0.249459802126218,0.98187961688032,1.02840217732696,190
"lambda[15,5]",0,0,0,0,0,0,0,1,1
"lambda[16,5]",0,0,0,0,0,0,0,1,1
"lambda[17,5]",0,0,0,0,0,0,0,1,1
"lambda[18,5]",25.0692939869261,33.5609771186679,2.56966410692255,7.75545885030025,14.9786327527991,26.8805621283662,145.483899269649,1.03848943041661,110
"lambda[19,5]",0,0,0,0,0,0,0,1,1
"lambda[20,5]",0,0,0,0,0,0,0,1,1
"lambda[21,5]",0,0,0,0,0,0,0,1,1
"lambda[22,5]",0.188672225457962,0.215711968608499,0.0222758110348501,0.0656522810688273,0.115919923629181,0.217707121484376,0.872195876323873,1.02570923626556,200
"lambda[23,5]",0.241691039683381,0.258870085271586,0.0334874163204164,0.0903657632360389,0.154880291807052,0.282860353882207,1.11409190492268,1.03046161614862,180
"lambda[24,5]",0,0,0,0,0,0,0,1,1
"lambda[25,5]",0,0,0,0,0,0,0,1,1
"lambda[26,5]",0,0,0,0,0,0,0,1,1
"lambda[27,5]",0,0,0,0,0,0,0,1,1
"lambda[28,5]",0,0,0,0,0,0,0,1,1
"lambda[29,5]",0,0,0,0,0,0,0,1,1
"lambda[30,5]",48.6487403080042,65.2098030249547,7.10950505388787,17.0779762679932,29.590771494565,52.3715935865011,238.282747434508,1.04373977102135,110
"lambda[31,5]",0,0,0,0,0,0,0,1,1
"lambda[32,5]",0,0,0,0,0,0,0,1,1
"lambda[33,5]",1.24329863664392,1.37242950264656,0.183407686314429,0.47852992023389,0.798248887547298,1.43222078815518,6.210877709825,1.03951613648969,130
"lambda[34,5]",0,0,0,0,0,0,0,1,1
"lambda[35,5]",0,0,0,0,0,0,0,1,1
"lambda[36,5]",0.292434233454716,0.307569402428413,0.0429695702206722,0.112374935084444,0.191452861812282,0.34330283835463,1.35158554256882,1.03250671800464,170
"lambda[37,5]",1.64796108116511,1.78440732209182,0.27533920895839,0.659281915154954,1.08801965676396,1.89360147405609,8.3610780165653,1.04453357285246,120
"lambda[38,5]",0,0,0,0,0,0,0,1,1
"lambda[39,5]",0.24926755871582,0.265741212357821,0.0349043836780257,0.0937555131736261,0.16064828829308,0.29238657465647,1.15164563076071,1.03090182802111,180
"lambda[40,5]",0.24926755871582,0.265741212357821,0.0349043836780257,0.0937555131736261,0.16064828829308,0.29238657465647,1.15164563076071,1.03090182802111,180
"lambda[41,5]",7.91224722791286,9.54420234789235,1.03784635353296,2.81104881248208,5.00663307925033,8.71080788181775,44.174867846572,1.04288699279879,110
"lambda[42,5]",0.214395431668439,0.235483003816466,0.0280442851908405,0.0778864165265952,0.13467680824837,0.249459802126218,0.98187961688032,1.02840217732696,190
"lambda[43,5]",9.05934134436347,10.5347506588948,1.44522328660555,3.46367888828246,5.80572443143762,10.3410501255373,51.1699336513003,1.04979186728231,100
"lambda[44,5]",0,0,0,0,0,0,0,1,1
"lambda[45,5]",0,0,0,0,0,0,0,1,1
"lambda[46,5]",60.6763548575936,77.9060577863338,8.6066316749819,21.3894233979222,36.924404521183,66.6757562741268,344.75889472189,1.04857374848993,97
"lambda[47,5]",0,0,0,0,0,0,0,1,1
"lambda[48,5]",0,0,0,0,0,0,0,1,1
"lambda[49,5]",0,0,0,0,0,0,0,1,1
"lambda[50,5]",0,0,0,0,0,0,0,1,1
"lambda[51,5]",0,0,0,0,0,0,0,1,1
"lambda[52,5]",0,0,0,0,0,0,0,1,1
"lambda[53,5]",0,0,0,0,0,0,0,1,1
"lambda[54,5]",0,0,0,0,0,0,0,1,1
"lambda[55,5]",0,0,0,0,0,0,0,1,1
"lambda[56,5]",0,0,0,0,0,0,0,1,1
"lambda[57,5]",0,0,0,0,0,0,0,1,1
"lambda[58,5]",0,0,0,0,0,0,0,1,1
"lambda[59,5]",0,0,0,0,0,0,0,1,1
"lambda[60,5]",0,0,0,0,0,0,0,1,1
"lambda[61,5]",0,0,0,0,0,0,0,1,1
"lambda[62,5]",0,0,0,0,0,0,0,1,1
"lambda[63,5]",11.7233514439296,13.8434516186236,1.77302202102477,4.38726150881118,7.46934047668326,13.2595392309112,65.9702573508719,1.04893730563701,100
"lambda[64,5]",0,0,0,0,0,0,0,1,1
"lambda[65,5]",0,0,0,0,0,0,0,1,1
"lambda[66,5]",0,0,0,0,0,0,0,1,1
"lambda[67,5]",0.413224617958356,0.44287981875036,0.0591658713523087,0.158690039880273,0.267811447176859,0.479182040274251,1.82213037994594,1.03207810398699,170
"lambda[68,5]",1.13240415732386,1.4932627749579,0.0943830233854097,0.333904790422218,0.646113848755369,1.27789045305646,5.25951460807731,1.01838372679529,230
"lambda[69,5]",0,0,0,0,0,0,0,1,1
"lambda[70,5]",7.46309565433839,8.89870301415303,1.26604085223357,2.90576324661527,4.84187262243276,8.31481629717105,36.9078365282444,1.04695580974853,110
"lambda[71,5]",0,0,0,0,0,0,0,1,1
"lambda[72,5]",255.844960347437,367.750790513162,30.8513402613293,79.2232065702872,143.761104013961,267.399404306963,1383.22071606242,1.04033873794522,100
"lambda[73,5]",2.47606720086468,2.88578326752917,0.329771652405888,0.902767483096113,1.56089390391226,2.77361380334055,13.1566746891398,1.03908588274819,120
"lambda[74,5]",0,0,0,0,0,0,0,1,1
"lambda[75,5]",0,0,0,0,0,0,0,1,1
"lambda[76,5]",0,0,0,0,0,0,0,1,1
"lambda[77,5]",0,0,0,0,0,0,0,1,1
"lambda[78,5]",0,0,0,0,0,0,0,1,1
"lambda[79,5]",0,0,0,0,0,0,0,1,1
"lambda[80,5]",1.20721152311015,1.34022228424667,0.174106593845424,0.461191895422782,0.773138365461182,1.38670893198914,6.03943417884827,1.03872304209928,130
"lambda[1,6]",14.0216948017749,16.6570239717225,2.25923429539512,5.33421735951209,8.94547792414469,15.8774758628606,79.7657613799668,1.05083861770331,100
"lambda[2,6]",0,0,0,0,0,0,0,1,1
"lambda[3,6]",0,0,0,0,0,0,0,1,1
"lambda[4,6]",0,0,0,0,0,0,0,1,1
"lambda[5,6]",3.94705600758629,4.8112610663978,0.48280542520736,1.37299826357215,2.4354308226724,4.35072431497265,21.2395690322436,1.03790542708904,120
"lambda[6,6]",0,0,0,0,0,0,0,1,1
"lambda[7,6]",0,0,0,0,0,0,0,1,1
"lambda[8,6]",0,0,0,0,0,0,0,1,1
"lambda[9,6]",0,0,0,0,0,0,0,1,1
"lambda[10,6]",0.328753670576243,0.345779223028887,0.0488006034784289,0.127031704726512,0.215956576788646,0.385589106313189,1.49774270490904,1.03293444442828,170
"lambda[11,6]",0,0,0,0,0,0,0,1,1
"lambda[12,6]",0.603952784874854,0.691219291778224,0.0750214652610083,0.21728749957223,0.382072965775144,0.694427363729233,2.58112449941612,1.02741121060648,190
"lambda[13,6]",0.572297216748062,0.645885234187451,0.0751379353928213,0.209425131372644,0.359084766203921,0.654518102569144,2.77848746732997,1.0323911580844,160
"lambda[14,6]",0.214395431668439,0.235483003816466,0.0280442851908405,0.0778864165265952,0.13467680824837,0.249459802126218,0.98187961688032,1.02840217732696,190
"lambda[15,6]",0.971970426128452,1.23727871586607,0.0895805292150018,0.303041278282378,0.57446370383779,1.10321736085051,4.42109890227721,1.02035798411823,220
"lambda[16,6]",3.27682563248007,4.45293012819974,0.312748061546131,1.01258402370705,1.91338500092162,3.61806140399257,15.1905156815704,1.02161211177075,190
"lambda[17,6]",0,0,0,0,0,0,0,1,1
"lambda[18,6]",12.0235251543,15.473822806339,1.3551376399498,3.93523118317452,7.34939240216675,12.9803278787913,68.2730712883731,1.03885597344695,110
"lambda[19,6]",0.188672225457962,0.215711968608499,0.0222758110348501,0.0656522810688273,0.115919923629181,0.217707121484376,0.872195876323873,1.02570923626556,200
"lambda[20,6]",0,0,0,0,0,0,0,1,1
"lambda[21,6]",0,0,0,0,0,0,0,1,1
"lambda[22,6]",0.549077752109593,0.628620629217565,0.0692965886849899,0.198012466227747,0.341196595387324,0.626564091712099,2.65885258862074,1.03118667056684,160
"lambda[23,6]",0.241691039683381,0.258870085271586,0.0334874163204164,0.0903657632360389,0.154880291807052,0.282860353882207,1.11409190492268,1.03046161614862,180
"lambda[24,6]",0,0,0,0,0,0,0,1,1
"lambda[25,6]",0,0,0,0,0,0,0,1,1
"lambda[26,6]",0,0,0,0,0,0,0,1,1
"lambda[27,6]",0,0,0,0,0,0,0,1,1
"lambda[28,6]",0,0,0,0,0,0,0,1,1
"lambda[29,6]",0,0,0,0,0,0,0,1,1
"lambda[30,6]",0,0,0,0,0,0,0,1,1
"lambda[31,6]",0.603952784874854,0.691219291778224,0.0750214652610083,0.21728749957223,0.382072965775144,0.694427363729233,2.58112449941612,1.02741121060648,190
"lambda[32,6]",0,0,0,0,0,0,0,1,1
"lambda[33,6]",0,0,0,0,0,0,0,1,1
"lambda[34,6]",0,0,0,0,0,0,0,1,1
"lambda[35,6]",0.24926755871582,0.265741212357821,0.0349043836780257,0.0937555131736261,0.16064828829308,0.29238657465647,1.15164563076071,1.03090182802111,180
"lambda[36,6]",0.292434233454716,0.307569402428413,0.0429695702206722,0.112374935084444,0.191452861812282,0.34330283835463,1.35158554256882,1.03250671800464,170
"lambda[37,6]",0.302248287317205,0.317647047959805,0.0444793828691151,0.116382307636434,0.198091500829024,0.3552094211036,1.39030318353409,1.03269158265143,170
"lambda[38,6]",0.307318750027824,0.322927959852716,0.0454428147598025,0.118373452063726,0.201573556190562,0.361651742312052,1.41043666037599,1.03276549163308,170
"lambda[39,6]",0,0,0,0,0,0,0,1,1
"lambda[40,6]",0.723982662069389,0.776758142504693,0.110361468177482,0.28257642715,0.469445086749442,0.837211363407576,3.48965293124212,1.03806939864752,140
"lambda[41,6]",26.2770672753924,33.7030138000656,3.01836440955462,8.63019788464496,16.1515483669209,28.6574272487688,155.064690048781,1.04235345715233,110
"lambda[42,6]",0.214395431668439,0.235483003816466,0.0280442851908405,0.0778864165265952,0.13467680824837,0.249459802126218,0.98187961688032,1.02840217732696,190
"lambda[43,6]",0.848664670041887,0.902368843538069,0.137072850474422,0.337379634793716,0.558141212829548,0.980187755732168,4.13846466803168,1.04029635687432,140
"lambda[44,6]",0,0,0,0,0,0,0,1,1
"lambda[45,6]",15.2221246847843,20.2937780780139,2.15475759538611,5.37329802600623,9.32961979280691,16.5558691571161,68.6738935219961,1.03631618218764,130
"lambda[46,6]",56.7708977565958,72.6653907658543,8.11038579188999,20.1079351131668,34.6078002798393,62.4820756231857,322.12754177618,1.04875729670852,97
"lambda[47,6]",0,0,0,0,0,0,0,1,1
"lambda[48,6]",0,0,0,0,0,0,0,1,1
"lambda[49,6]",0.24926755871582,0.265741212357821,0.0349043836780257,0.0937555131736261,0.16064828829308,0.29238657465647,1.15164563076071,1.03090182802111,180
"lambda[50,6]",9.75270544102126,12.2946854604447,1.52893466299808,3.61609657892594,6.19394038813967,10.7284646645414,44.2620162808083,1.04099649072236,120
"lambda[51,6]",0,0,0,0,0,0,0,1,1
"lambda[52,6]",10.341000255116,13.9302472428789,1.33911104220864,3.55021250687384,6.24207014678142,11.2733921471183,46.4794337613103,1.03140555783909,140
"lambda[53,6]",0.628436611929827,0.72524336216604,0.0767875383190388,0.224465739244818,0.395644663467699,0.721177818407065,2.68845969093047,1.0268126631859,190
"lambda[54,6]",0,0,0,0,0,0,0,1,1
"lambda[55,6]",0,0,0,0,0,0,0,1,1
"lambda[56,6]",0,0,0,0,0,0,0,1,1
"lambda[57,6]",0,0,0,0,0,0,0,1,1
"lambda[58,6]",0,0,0,0,0,0,0,1,1
"lambda[59,6]",0,0,0,0,0,0,0,1,1
"lambda[60,6]",0,0,0,0,0,0,0,1,1
"lambda[61,6]",0,0,0,0,0,0,0,1,1
"lambda[62,6]",0,0,0,0,0,0,0,1,1
"lambda[63,6]",0,0,0,0,0,0,0,1,1
"lambda[64,6]",0,0,0,0,0,0,0,1,1
"lambda[65,6]",0,0,0,0,0,0,0,1,1
"lambda[66,6]",0,0,0,0,0,0,0,1,1
"lambda[67,6]",0,0,0,0,0,0,0,1,1
"lambda[68,6]",420.330192054664,690.095321633353,38.4170791712038,111.010376914088,210.120913905939,419.276541186294,2473.97731175666,1.02695328206035,130
"lambda[69,6]",0,0,0,0,0,0,0,1,1
"lambda[70,6]",0.461451574874141,0.502419685663338,0.0641969747666903,0.175345930314166,0.29759650488147,0.534317795279121,1.99524882491372,1.03101982611569,180
"lambda[71,6]",0.413224617958356,0.44287981875036,0.0591658713523087,0.158690039880273,0.267811447176859,0.479182040274251,1.82213037994594,1.03207810398699,170
"lambda[72,6]",6.8953044596997,8.47336944215901,1.10181025589377,2.60577545942387,4.43361517606762,7.60490416505528,31.4886421400782,1.04159050832393,120
"lambda[73,6]",0.588596885602898,0.658506327289051,0.0787262025329509,0.217677586873011,0.371546821688643,0.674883347836135,2.86933163432915,1.03318185744679,150
"lambda[74,6]",0.241691039683381,0.258870085271586,0.0334874163204164,0.0903657632360389,0.154880291807052,0.282860353882207,1.11409190492268,1.03046161614862,180
"lambda[75,6]",0,0,0,0,0,0,0,1,1
"lambda[76,6]",0,0,0,0,0,0,0,1,1
"lambda[77,6]",0,0,0,0,0,0,0,1,1
"lambda[78,6]",0,0,0,0,0,0,0,1,1
"lambda[79,6]",0,0,0,0,0,0,0,1,1
"lambda[80,6]",4.60246696581612,5.37279954958425,0.638371129508698,1.69664996080012,2.9421327820842,5.14661145946685,24.8136516920318,1.04310836159933,110
"lambda[1,7]",3.99612344631524,4.48318588765616,0.686480985877531,1.5879959722749,2.61974489726921,4.58124897732721,21.417275090105,1.04875650412503,110
"lambda[2,7]",0.188672225457962,0.215711968608499,0.0222758110348501,0.0656522810688273,0.115919923629181,0.217707121484376,0.872195876323873,1.02570923626556,200
"lambda[3,7]",0,0,0,0,0,0,0,1,1
"lambda[4,7]",0,0,0,0,0,0,0,1,1
"lambda[5,7]",1.62464125155102,1.91154611218391,0.204928319435276,0.581579517580724,1.00802999707994,1.82661972303146,8.35942477470683,1.03563397141996,130
"lambda[6,7]",0,0,0,0,0,0,0,1,1
"lambda[7,7]",0,0,0,0,0,0,0,1,1
"lambda[8,7]",0,0,0,0,0,0,0,1,1
"lambda[9,7]",0,0,0,0,0,0,0,1,1
"lambda[10,7]",0.328753670576243,0.345779223028887,0.0488006034784289,0.127031704726512,0.215956576788646,0.385589106313189,1.49774270490904,1.03293444442828,170
"lambda[11,7]",0,0,0,0,0,0,0,1,1
"lambda[12,7]",0.603952784874854,0.691219291778224,0.0750214652610083,0.21728749957223,0.382072965775144,0.694427363729233,2.58112449941612,1.02741121060648,190
"lambda[13,7]",0.196720728942662,0.221632406786265,0.0240629936290619,0.06952417579351,0.121844436818013,0.227884413405016,0.90908644038232,1.02663456095075,190
"lambda[14,7]",0.214395431668439,0.235483003816466,0.0280442851908405,0.0778864165265952,0.13467680824837,0.249459802126218,0.98187961688032,1.02840217732696,190
"lambda[15,7]",0.971970426128452,1.23727871586607,0.0895805292150018,0.303041278282378,0.57446370383779,1.10321736085051,4.42109890227721,1.02035798411823,220
"lambda[16,7]",0,0,0,0,0,0,0,1,1
"lambda[17,7]",0,0,0,0,0,0,0,1,1
"lambda[18,7]",1.62464125155102,1.91154611218391,0.204928319435276,0.581579517580724,1.00802999707994,1.82661972303146,8.35942477470683,1.03563397141996,130
"lambda[19,7]",0.188672225457962,0.215711968608499,0.0222758110348501,0.0656522810688273,0.115919923629181,0.217707121484376,0.872195876323873,1.02570923626556,200
"lambda[20,7]",0,0,0,0,0,0,0,1,1
"lambda[21,7]",0,0,0,0,0,0,0,1,1
"lambda[22,7]",0.188672225457962,0.215711968608499,0.0222758110348501,0.0656522810688273,0.115919923629181,0.217707121484376,0.872195876323873,1.02570923626556,200
"lambda[23,7]",0.241691039683381,0.258870085271586,0.0334874163204164,0.0903657632360389,0.154880291807052,0.282860353882207,1.11409190492268,1.03046161614862,180
"lambda[24,7]",0,0,0,0,0,0,0,1,1
"lambda[25,7]",0,0,0,0,0,0,0,1,1
"lambda[26,7]",0,0,0,0,0,0,0,1,1
"lambda[27,7]",0,0,0,0,0,0,0,1,1
"lambda[28,7]",0,0,0,0,0,0,0,1,1
"lambda[29,7]",0,0,0,0,0,0,0,1,1
"lambda[30,7]",0,0,0,0,0,0,0,1,1
"lambda[31,7]",1.74906761559565,2.0574563808024,0.248298899751921,0.654517673294133,1.12668303330977,1.96134186118489,7.58669919902266,1.03365007690148,150
"lambda[32,7]",0,0,0,0,0,0,0,1,1
"lambda[33,7]",0,0,0,0,0,0,0,1,1
"lambda[34,7]",0,0,0,0,0,0,0,1,1
"lambda[35,7]",0.24926755871582,0.265741212357821,0.0349043836780257,0.0937555131736261,0.16064828829308,0.29238657465647,1.15164563076071,1.03090182802111,180
"lambda[36,7]",0.292434233454716,0.307569402428413,0.0429695702206722,0.112374935084444,0.191452861812282,0.34330283835463,1.35158554256882,1.03250671800464,170
"lambda[37,7]",0,0,0,0,0,0,0,1,1
"lambda[38,7]",0.307318750027824,0.322927959852716,0.0454428147598025,0.118373452063726,0.201573556190562,0.361651742312052,1.41043666037599,1.03276549163308,170
"lambda[39,7]",0,0,0,0,0,0,0,1,1
"lambda[40,7]",0.723982662069389,0.776758142504693,0.110361468177482,0.28257642715,0.469445086749442,0.837211363407576,3.48965293124212,1.03806939864752,140
"lambda[41,7]",0.214395431668439,0.235483003816466,0.0280442851908405,0.0778864165265952,0.13467680824837,0.249459802126218,0.98187961688032,1.02840217732696,190
"lambda[42,7]",0,0,0,0,0,0,0,1,1
"lambda[43,7]",1.59482946499388,1.72582751645825,0.264194194988169,0.63588219662065,1.05066307678305,1.8327347882216,8.11729141283184,1.04422014249506,130
"lambda[44,7]",0,0,0,0,0,0,0,1,1
"lambda[45,7]",11.9235988138146,15.7286168703585,1.68318358737039,4.22735473814559,7.34810068337496,13.0392150582319,53.1434044512605,1.0357869232302,130
"lambda[46,7]",38.8343669242568,48.8294887387803,5.82909582282869,14.1342337994043,24.0610739371135,43.0010288665362,218.717874000912,1.04967434766705,98
"lambda[47,7]",0,0,0,0,0,0,0,1,1
"lambda[48,7]",0.723982662069389,0.776758142504693,0.110361468177482,0.28257642715,0.469445086749442,0.837211363407576,3.48965293124212,1.03806939864752,140
"lambda[49,7]",0.723982662069389,0.776758142504693,0.110361468177482,0.28257642715,0.469445086749442,0.837211363407576,3.48965293124212,1.03806939864752,140
"lambda[50,7]",0,0,0,0,0,0,0,1,1
"lambda[51,7]",0,0,0,0,0,0,0,1,1
"lambda[52,7]",59.5396431510423,86.3747299782744,7.48466952952416,19.1649369800045,34.1829879653027,62.6758262537213,302.135662214901,1.03375348900755,120
"lambda[53,7]",0.628436611929827,0.72524336216604,0.0767875383190388,0.224465739244818,0.395644663467699,0.721177818407065,2.68845969093047,1.0268126631859,190
"lambda[54,7]",0,0,0,0,0,0,0,1,1
"lambda[55,7]",0,0,0,0,0,0,0,1,1
"lambda[56,7]",1.17629140963262,1.28347134981402,0.189564685068111,0.467045568744049,0.776308429614966,1.3486621731421,5.52857034962405,1.04007296810917,140
"lambda[57,7]",0,0,0,0,0,0,0,1,1
"lambda[58,7]",0,0,0,0,0,0,0,1,1
"lambda[59,7]",0,0,0,0,0,0,0,1,1
"lambda[60,7]",0,0,0,0,0,0,0,1,1
"lambda[61,7]",0,0,0,0,0,0,0,1,1
"lambda[62,7]",0,0,0,0,0,0,0,1,1
"lambda[63,7]",0,0,0,0,0,0,0,1,1
"lambda[64,7]",0,0,0,0,0,0,0,1,1
"lambda[65,7]",0,0,0,0,0,0,0,1,1
"lambda[66,7]",0,0,0,0,0,0,0,1,1
"lambda[67,7]",6.68846044681222,7.82116013644529,1.15681180344677,2.63303133540044,4.36770330776042,7.4991039150819,34.2956876451517,1.04860668135247,110
"lambda[68,7]",96.3450829040078,149.663911200512,9.96620657164089,28.0715072141021,51.9492313627808,99.5811136912388,517.748046545655,1.02732292652887,140
"lambda[69,7]",0,0,0,0,0,0,0,1,1
"lambda[70,7]",0.461451574874141,0.502419685663338,0.0641969747666903,0.175345930314166,0.29759650488147,0.534317795279121,1.99524882491372,1.03101982611569,180
"lambda[71,7]",17.5740449614885,21.4821728153992,2.8952213410123,6.67951949945627,11.1494295844943,19.522087410707,94.0493635840776,1.04991755471633,100
"lambda[72,7]",11.7420700986002,14.7730716282491,1.88013441363261,4.3792899623804,7.4240922172756,12.8888339056316,54.7178419243676,1.04303950746048,120
"lambda[73,7]",0.202369681057716,0.225937194364015,0.0253519173543041,0.0722735360464577,0.125973010896758,0.234333147855753,0.932724856540838,1.02723859813266,190
"lambda[74,7]",0.241691039683381,0.258870085271586,0.0334874163204164,0.0903657632360389,0.154880291807052,0.282860353882207,1.11409190492268,1.03046161614862,180
"lambda[75,7]",0,0,0,0,0,0,0,1,1
"lambda[76,7]",0,0,0,0,0,0,0,1,1
"lambda[77,7]",0,0,0,0,0,0,0,1,1
"lambda[78,7]",0,0,0,0,0,0,0,1,1
"lambda[79,7]",0,0,0,0,0,0,0,1,1
"lambda[80,7]",31.3584347027793,40.2757082523361,3.624340797339,10.3025938326246,19.2119692470249,34.2571465676633,185.174861114756,1.04291505410185,100
"lambda[1,8]",14.0216948017749,16.6570239717225,2.25923429539512,5.33421735951209,8.94547792414469,15.8774758628606,79.7657613799668,1.05083861770331,100
"lambda[2,8]",0.188672225457962,0.215711968608499,0.0222758110348501,0.0656522810688273,0.115919923629181,0.217707121484376,0.872195876323873,1.02570923626556,200
"lambda[3,8]",0,0,0,0,0,0,0,1,1
"lambda[4,8]",0,0,0,0,0,0,0,1,1
"lambda[5,8]",1.03361527875169,1.19928676982703,0.130921221159428,0.373690788591868,0.643355418615573,1.16997116063948,5.20126275728142,1.03397549260813,140
"lambda[6,8]",0,0,0,0,0,0,0,1,1
"lambda[7,8]",0,0,0,0,0,0,0,1,1
"lambda[8,8]",0,0,0,0,0,0,0,1,1
"lambda[9,8]",0,0,0,0,0,0,0,1,1
"lambda[10,8]",0.95359957237584,1.01750252302728,0.155923388635852,0.381492093517647,0.629032637025975,1.09978451972057,4.59740665763145,1.04093941445493,140
"lambda[11,8]",0,0,0,0,0,0,0,1,1
"lambda[12,8]",0.603952784874854,0.691219291778224,0.0750214652610083,0.21728749957223,0.382072965775144,0.694427363729233,2.58112449941612,1.02741121060648,190
"lambda[13,8]",0.196720728942662,0.221632406786265,0.0240629936290619,0.06952417579351,0.121844436818013,0.227884413405016,0.90908644038232,1.02663456095075,190
"lambda[14,8]",0.62330298025999,0.686651003239094,0.0872433564898918,0.234669813950253,0.397354997406198,0.718253147442919,3.02255048683427,1.03471572110429,150
"lambda[15,8]",0.971970426128452,1.23727871586607,0.0895805292150018,0.303041278282378,0.57446370383779,1.10321736085051,4.42109890227721,1.02035798411823,220
"lambda[16,8]",3.27682563248007,4.45293012819974,0.312748061546131,1.01258402370705,1.91338500092162,3.61806140399257,15.1905156815704,1.02161211177075,190
"lambda[17,8]",0,0,0,0,0,0,0,1,1
"lambda[18,8]",35.0485470606164,47.8015543668776,3.42266482784967,10.5494271107166,20.6296351211915,37.4905213520609,205.698371149744,1.03811923289109,110
"lambda[19,8]",0.188672225457962,0.215711968608499,0.0222758110348501,0.0656522810688273,0.115919923629181,0.217707121484376,0.872195876323873,1.02570923626556,200
"lambda[20,8]",0,0,0,0,0,0,0,1,1
"lambda[21,8]",0,0,0,0,0,0,0,1,1
"lambda[22,8]",0,0,0,0,0,0,0,1,1
"lambda[23,8]",0.241691039683381,0.258870085271586,0.0334874163204164,0.0903657632360389,0.154880291807052,0.282860353882207,1.11409190492268,1.03046161614862,180
"lambda[24,8]",0,0,0,0,0,0,0,1,1
"lambda[25,8]",0,0,0,0,0,0,0,1,1
"lambda[26,8]",0,0,0,0,0,0,0,1,1
"lambda[27,8]",0,0,0,0,0,0,0,1,1
"lambda[28,8]",0,0,0,0,0,0,0,1,1
"lambda[29,8]",0,0,0,0,0,0,0,1,1
"lambda[30,8]",0,0,0,0,0,0,0,1,1
"lambda[31,8]",0.603952784874854,0.691219291778224,0.0750214652610083,0.21728749957223,0.382072965775144,0.694427363729233,2.58112449941612,1.02741121060648,190
"lambda[32,8]",0,0,0,0,0,0,0,1,1
"lambda[33,8]",0.227468806149258,0.246404107290344,0.0306567476743206,0.0837605222002138,0.144540963507637,0.265339326591488,1.04882327154106,1.02948518885638,180
"lambda[34,8]",0,0,0,0,0,0,0,1,1
"lambda[35,8]",0.24926755871582,0.265741212357821,0.0349043836780257,0.0937555131736261,0.16064828829308,0.29238657465647,1.15164563076071,1.03090182802111,180
"lambda[36,8]",0.292434233454716,0.307569402428413,0.0429695702206722,0.112374935084444,0.191452861812282,0.34330283835463,1.35158554256882,1.03250671800464,170
"lambda[37,8]",0.302248287317205,0.317647047959805,0.0444793828691151,0.116382307636434,0.198091500829024,0.3552094211036,1.39030318353409,1.03269158265143,170
"lambda[38,8]",0.307318750027824,0.322927959852716,0.0454428147598025,0.118373452063726,0.201573556190562,0.361651742312052,1.41043666037599,1.03276549163308,170
"lambda[39,8]",0.24926755871582,0.265741212357821,0.0349043836780257,0.0937555131736261,0.16064828829308,0.29238657465647,1.15164563076071,1.03090182802111,180
"lambda[40,8]",2.13766391833342,2.36527881888707,0.334288984668204,0.833370676029646,1.38053138549008,2.45529585149858,10.9174747547924,1.04375304889273,120
"lambda[41,8]",131.960261185353,184.897533376327,11.8683287934166,37.6473921649708,73.5206840740442,142.301530263886,799.587337247835,1.03896161099928,110
"lambda[42,8]",0.62330298025999,0.686651003239094,0.0872433564898918,0.234669813950253,0.397354997406198,0.718253147442919,3.02255048683427,1.03471572110429,150
"lambda[43,8]",0,0,0,0,0,0,0,1,1
"lambda[44,8]",0,0,0,0,0,0,0,1,1
"lambda[45,8]",0.739039471722346,0.883613402541488,0.0818210881796704,0.25290533838855,0.457713314426089,0.844600297043027,3.21284376925646,1.02433643716242,200
"lambda[46,8]",105.207296799828,138.576561437766,13.7750352213708,35.5723398248683,62.3754928694355,114.151723039641,598.425772758225,1.04685079459081,97
"lambda[47,8]",0,0,0,0,0,0,0,1,1
"lambda[48,8]",0.24926755871582,0.265741212357821,0.0349043836780257,0.0937555131736261,0.16064828829308,0.29238657465647,1.15164563076071,1.03090182802111,180
"lambda[49,8]",0.24926755871582,0.265741212357821,0.0349043836780257,0.0937555131736261,0.16064828829308,0.29238657465647,1.15164563076071,1.03090182802111,180
"lambda[50,8]",0.603952784874854,0.691219291778224,0.0750214652610083,0.21728749957223,0.382072965775144,0.694427363729233,2.58112449941612,1.02741121060648,190
"lambda[51,8]",0,0,0,0,0,0,0,1,1
"lambda[52,8]",0,0,0,0,0,0,0,1,1
"lambda[53,8]",1.81985088712041,2.15956503569589,0.252529393194294,0.675037973452625,1.16670936521499,2.03248399863295,7.90487203051513,1.03284454721615,160
"lambda[54,8]",0,0,0,0,0,0,0,1,1
"lambda[55,8]",0,0,0,0,0,0,0,1,1
"lambda[56,8]",0.405811153184662,0.433966324507041,0.0582119313750275,0.156219538373837,0.26330365556989,0.470624068518755,1.7931124360981,1.03221706305343,170
"lambda[57,8]",0,0,0,0,0,0,0,1,1
"lambda[58,8]",0,0,0,0,0,0,0,1,1
"lambda[59,8]",0,0,0,0,0,0,0,1,1
"lambda[60,8]",0,0,0,0,0,0,0,1,1
"lambda[61,8]",0,0,0,0,0,0,0,1,1
"lambda[62,8]",0,0,0,0,0,0,0,1,1
"lambda[63,8]",0,0,0,0,0,0,0,1,1
"lambda[64,8]",0,0,0,0,0,0,0,1,1
"lambda[65,8]",0,0,0,0,0,0,0,1,1
"lambda[66,8]",0,0,0,0,0,0,0,1,1
"lambda[67,8]",0,0,0,0,0,0,0,1,1
"lambda[68,8]",229.225721731782,368.100231387121,22.2004180647732,63.4031563556982,118.670274786036,231.684116109662,1305.69227249166,1.02726824034602,130
"lambda[69,8]",0,0,0,0,0,0,0,1,1
"lambda[70,8]",0.461451574874141,0.502419685663338,0.0641969747666903,0.175345930314166,0.29759650488147,0.534317795279121,1.99524882491372,1.03101982611569,180
"lambda[71,8]",0.413224617958356,0.44287981875036,0.0591658713523087,0.158690039880273,0.267811447176859,0.479182040274251,1.82213037994594,1.03207810398699,170
"lambda[72,8]",9.1965953088098,11.4453605264451,1.47334167436639,3.4473023153359,5.86731856900186,10.1423367706045,42.5026861757031,1.0424569099949,120
"lambda[73,8]",0.202369681057716,0.225937194364015,0.0253519173543041,0.0722735360464577,0.125973010896758,0.234333147855753,0.932724856540838,1.02723859813266,190
"lambda[74,8]",1.32022187111417,1.44393958764657,0.202627642755924,0.514804938331191,0.85321326776985,1.52337401556162,6.5759439651734,1.0409955188464,130
"lambda[75,8]",0,0,0,0,0,0,0,1,1
"lambda[76,8]",0,0,0,0,0,0,0,1,1
"lambda[77,8]",0,0,0,0,0,0,0,1,1
"lambda[78,8]",0,0,0,0,0,0,0,1,1
"lambda[79,8]",0,0,0,0,0,0,0,1,1
"lambda[80,8]",0.641775478519622,0.702288084742308,0.0914804258190855,0.243719077805062,0.410987410561678,0.74147307874376,3.1059026412374,1.03545036792341,150
"mu_p",-6.6968290274996,0.920717420682905,-8.790365040412,-7.25770695101827,-6.63355284765445,-6.06928720112252,-5.03495210220227,1.03956425694833,120
"p[1]",0.00107509807402368,0.00161323293680679,2.0694026494712e-05,0.000208895494679721,0.000542882412233881,0.00126626567100279,0.00549184387695198,1.01562136433674,200
"p[2]",0.00335004919106791,0.0117610037406119,4.26317374770873e-05,0.000461604219059146,0.00128410209644315,0.00329815957214552,0.0177101213237723,1.01117000915759,280
"p[3]",0.00338618737520727,0.00858855512620626,4.22803450941062e-05,0.000471621939742053,0.00131790575297348,0.00335603074050302,0.0185308728974482,1.01001499038873,310
"p[4]",0.00364719801413161,0.0107138071952392,4.46129776381276e-05,0.000481744276576183,0.00135115804897716,0.00353010363615973,0.0202076068292754,1.01097287219102,260
"p[5]",0.0135415970052718,0.0135000987992206,0.00108663006704959,0.00468506063447145,0.00941649294089191,0.0174290859789226,0.051131900338333,1.02037290513992,200
"p[6]",0.00369881209718243,0.0110582046631545,4.26139560003964e-05,0.000470574124547025,0.00134266320109845,0.00347945875861577,0.0204835967735168,1.01102992485751,280
"p[7]",0.0039052002604238,0.0141807334611578,4.25777944559837e-05,0.000479642491024262,0.00136562467924493,0.00354687849711994,0.0209475158760895,1.00912623078381,340
"p[8]",0.00379110570817112,0.012258291192464,4.46702603132459e-05,0.000484244155854621,0.00134797500275986,0.00349257707174853,0.0205803242182134,1.00788657737382,400
"p[9]",0.00371532788674538,0.0127800194331565,4.22450671064693e-05,0.000472087858490153,0.00134381699425973,0.00349573671009726,0.0196855631249438,1.01061976519619,280
"p[10]",0.00496988873132065,0.00547164034154273,0.00031463721463245,0.00156156513742379,0.00322116844609275,0.00633512145392962,0.0199908035759908,1.02104372277067,190
"p[11]",0.00359634073668908,0.00965948747298657,4.28943032374443e-05,0.000464976862149375,0.00131591305372938,0.00344557415515125,0.020181852287233,1.00883421974433,330
"p[12]",0.0026505720314633,0.00646732253707996,4.01945286820756e-05,0.000407167974673694,0.00112521452352817,0.00282055444269047,0.0139714849614353,1.01222772591623,270
"p[13]",0.00330685563773281,0.0102029353980983,4.23506377558841e-05,0.000467946047113906,0.00129452331734329,0.00327905519205413,0.0176463956006072,1.01026593595762,270
"p[14]",0.00275702954838103,0.00631384916129346,3.93779627299599e-05,0.00042273498126668,0.00117606639600398,0.00292837014331127,0.0144401457562803,1.01417365237103,210
"p[15]",0.00105613489429923,0.00158688957927564,2.11737818111615e-05,0.000201759646816138,0.00053499127385188,0.00125919625462313,0.00540801587273081,1.01359913397302,230
"p[16]",0.00268591171099942,0.00689938895018885,3.99439815707916e-05,0.000404651410846515,0.00111237839878967,0.00276971351456306,0.0140478450607304,1.01054837643554,290
"p[17]",0.00368482605515801,0.0103396043180162,4.31260632911935e-05,0.000473280816035968,0.00132477636527074,0.0034848062379607,0.0213825423088468,1.01052953556813,290
"p[18]",0.000942806580361157,0.00148650159336257,1.81311304285302e-05,0.000173012851160525,0.000454465975593256,0.00108558756568607,0.0049190635919106,1.01558840843691,200
"p[19]",0.00324039701462969,0.00955799086600348,4.13639471471326e-05,0.000455792741372707,0.00126207682549331,0.0031943477428627,0.0178401354495332,1.01005740993501,320
"p[20]",0.00367243641696788,0.0120811535170312,4.42265062801235e-05,0.000481467367826045,0.00135241002882842,0.00348036797383363,0.0198296828783425,1.00941196455956,320
"p[21]",0.0036500536317037,0.0104784189850912,4.42938393433073e-05,0.000476253510292973,0.00132125094941501,0.00340758251300547,0.02037423925069,1.00887399725777,320
"p[22]",0.00339625457625872,0.00964649781890832,4.24301065955773e-05,0.000456542059029358,0.00126998110635701,0.00328783459801279,0.018543753475507,1.01078879918149,300
"p[23]",0.00312674228894773,0.00828487844444924,4.13230278406189e-05,0.000446844231648118,0.00125642378406034,0.00317096605501209,0.0165529624321816,1.01031033902213,280
"p[24]",0.00379182948964879,0.0130170793810885,4.47516441284109e-05,0.000470110931083093,0.00132680096245549,0.00346599644112037,0.0208856081812727,1.00904785393029,400
"p[25]",0.00368541224718085,0.0103907710059824,4.20325130843533e-05,0.000479155138360955,0.00135259869013414,0.00349590840808296,0.0205599367276875,1.01110228829916,310
"p[26]",0.00379168663675139,0.0123574863819731,4.23000933518013e-05,0.000487391451218194,0.00137959068500072,0.00354678852741453,0.0203625376417409,1.00995307868136,320
"p[27]",0.00374891330448727,0.0115452985263108,4.16290337874693e-05,0.000482599622700753,0.00134128883311335,0.00347941097918133,0.0207184578535663,1.01084916972278,310
"p[28]",0.00365614394433424,0.0106503695659883,4.40103650935197e-05,0.000478750330504174,0.00135059268082846,0.00349982523532766,0.020591039012831,1.00964400705943,320
"p[29]",0.00367951901802288,0.0113384983582744,4.68256527144301e-05,0.000486534799751919,0.00135851768012046,0.00347055683099647,0.0199580814632798,1.00979905555538,320
"p[30]",0.00715062440403819,0.0062070232647497,0.000656943737159018,0.00292235260144989,0.00537198328898406,0.00937503690580323,0.0237088844452237,1.03288184709653,140
"p[31]",0.00287251429823023,0.00655670708425888,4.13296480555496e-05,0.000429385705269354,0.00120952004350988,0.00304731695849536,0.0152628759490981,1.01178622718574,260
"p[32]",0.00384818733892118,0.0138685620948056,4.27983867821545e-05,0.000466333549070992,0.00133332378358611,0.00350484366935115,0.0210406846701719,1.00827567352798,370
"p[33]",0.00236405994647155,0.00615894738115709,3.54726950802255e-05,0.000383161079260701,0.0010467888880688,0.00257666004372342,0.0124223287752599,1.01384116308252,230
"p[34]",0.00371853238843687,0.011218530172479,4.46068719959824e-05,0.000472369399561719,0.00136285646907826,0.0035152741556009,0.0199158241909447,1.01083921871139,290
"p[35]",0.00327737501474206,0.0110328627974816,4.35018895324565e-05,0.000454420453342355,0.00125968751443448,0.00327118549947555,0.0168647065514752,1.01017371288682,300
"p[36]",0.0027653101697405,0.00808471371201581,4.0304330625693e-05,0.000425629291434268,0.0011719027989989,0.00293796376600857,0.0145887340564994,1.01118899637222,260
"p[37]",0.00283841658706069,0.0036966371285753,0.0001184001102644,0.00073711502054252,0.00166916172700332,0.00351546373601091,0.0124388331270901,1.01816921073339,200
"p[38]",0.0027880584840929,0.00636206316817422,3.88280558193295e-05,0.000427760089650617,0.00119760567492354,0.00295123466466706,0.0152074339859611,1.00899883124385,360
"p[39]",0.00174073092166751,0.00231721826458325,7.03220880019905e-05,0.000439162642758278,0.00100009805906572,0.00211728797518323,0.00802788112794818,1.0216484808758,170
"p[40]",0.00278610285001552,0.00786981805190234,3.92914979252071e-05,0.000418192865343628,0.00115483872075153,0.00290831621192284,0.0146083804990659,1.0100909405506,310
"p[41]",0.000768533269171375,0.00126712083163478,1.50034072742461e-05,0.00013633559531466,0.000366608744467564,0.000868050302940169,0.00415451965068843,1.01710886839365,200
"p[42]",0.00288074422023276,0.00743267855992357,4.14110858333372e-05,0.000424138580503746,0.0011766367135642,0.00299581155185325,0.0152947414018604,1.01048900915514,290
"p[43]",0.00188233408589583,0.00450432446356396,3.1199796885082e-05,0.000324990861444361,0.000891708980497936,0.00213508703580895,0.00939006954112775,1.01110035464994,300
"p[44]",0.00390464941986052,0.0134091145268877,4.5236462112484e-05,0.000493334389582144,0.00136744813829238,0.00354608380611972,0.0220770917713244,1.00961022031999,330
"p[45]",0.00370206253431087,0.00439214938168619,0.000218597079291996,0.00111917459907714,0.00233900189726544,0.00463748744809441,0.015340098771873,1.01932961237142,190
"p[46]",0.00283498044932994,0.00264868505923779,0.000237835921369098,0.00111452131749217,0.00205976473361991,0.00366793167309497,0.00988288578219228,1.03846284768611,120
"p[47]",0.00362593217559282,0.0103154581877527,4.39811417158618e-05,0.000476253136101289,0.00134557767969782,0.00346034499077759,0.0200352758105303,1.01012059966217,310
"p[48]",0.00346792406719663,0.0112043672678907,4.13001080355435e-05,0.000460148917486723,0.00129946113901177,0.00329406926808479,0.0189415182326899,1.01121739089362,260
"p[49]",0.00328201723631183,0.0086907420854115,4.01604378124361e-05,0.000447719094309418,0.00126157063315166,0.00326379414811007,0.0173957765239929,1.01115672591059,290
"p[50]",0.00232129506754982,0.0045381073647109,3.47485840138764e-05,0.000383488244766832,0.00104450039023514,0.00257266653662299,0.0121048891935547,1.01000218339031,330
"p[51]",0.00361697394613018,0.0120033331402461,4.23945988150278e-05,0.000472693402144761,0.0013217315067003,0.00348020870105479,0.0201668782285721,1.00848912868078,340
"p[52]",0.00174465589913545,0.00200371980893787,9.83792779554602e-05,0.000526788584840573,0.00110590253532143,0.00219513898631523,0.00720425596892214,1.0210079546183,170
"p[53]",0.00285750473534052,0.00391277066351597,0.000111225822841913,0.000712113001797607,0.00162616786342039,0.00345532486139796,0.0128863847960487,1.01577365776968,230
"p[54]",0.003271181183077,0.00823402239068459,4.15132577561357e-05,0.000459598409320801,0.00127873848362797,0.00323095232582974,0.0179667964156689,1.0082550147656,400
"p[55]",0.00363980769116825,0.0100821376457438,4.40784766409987e-05,0.000477214790429527,0.00135063050199556,0.0034955750101707,0.0203831485673314,1.00920849867361,360
"p[56]",0.00296579227052632,0.00836237718187594,4.15052592926963e-05,0.000433518372324426,0.00118871522744001,0.00303683558774727,0.0157592606126348,1.00964953445585,330
"p[57]",0.00380233151490997,0.0136804309785566,4.23648601101039e-05,0.000470906000931471,0.00135583979734998,0.00353755947530476,0.0210176925760569,1.01033626327652,330
"p[58]",0.00372123936206706,0.0119378458449319,4.4885288320395e-05,0.000478821885851648,0.00134243834762483,0.00351067544355613,0.0203779778222708,1.00855910458483,360
"p[59]",0.00387026606058768,0.0138126068343341,4.54452452085338e-05,0.000478750990894374,0.00134140686886388,0.00357340584654004,0.0210358348918562,1.00797792411544,410
"p[60]",0.00375155876220293,0.0117455825747248,4.51071831025623e-05,0.000474905701329763,0.00134598152814315,0.00346208719684662,0.0206446324177872,1.00982194515263,320
"p[61]",0.00371607809754808,0.011038843046635,4.2701364449149e-05,0.000486603523681596,0.00135781507625902,0.00347882869171542,0.0209364294191125,1.0086157545603,350
"p[62]",0.0038894332802904,0.0150999805828075,4.48266448898356e-05,0.000473258058953085,0.00135045422665021,0.00350635403053889,0.0211992205556727,1.01037416343125,300
"p[63]",0.0020156844804938,0.00382380060029934,3.16039924862201e-05,0.000345467293284275,0.000932318664950986,0.00227652206726942,0.0104275866034908,1.01300377076121,260
"p[64]",0.00379431398385161,0.0131379158282237,4.50493021782924e-05,0.000475956510789455,0.00132786963508373,0.00343546792003495,0.0211747266217641,1.00841698429361,370
"p[65]",0.00380238365668464,0.0125317761144672,4.5291177980169e-05,0.000485813219999765,0.00135713850784935,0.00350461341607413,0.021105655786494,1.00979343722535,330
"p[66]",0.00372404137997391,0.0117428740010903,4.70020962883523e-05,0.000469220758545716,0.00134071254991224,0.00340718684681579,0.0207300391740629,1.00747037503901,470
"p[67]",0.00243519270559216,0.00525749084092833,3.43833493777546e-05,0.000395835503264322,0.00109054979616394,0.00269525229961334,0.0127176187658434,1.01232542766462,270
"p[68]",0.00209057387136221,0.00219191977429666,0.000128460089317846,0.000701199596170824,0.00140869696120244,0.00267910727497144,0.00816985142110847,1.02535249910611,140
"p[69]",0.00377097265958645,0.0111235752650771,4.27487760211611e-05,0.00047674478082249,0.00133931358890781,0.00349919175228908,0.0212813848504864,1.00921798400495,320
"p[70]",0.00306244424707169,0.00402869155549657,0.000125320407198837,0.000797106589604152,0.0017979867410844,0.00376143446756503,0.0134216952001069,1.01722683836837,220
"p[71]",0.00187190485705247,0.00311079491358727,3.30788122634881e-05,0.000333417595245936,0.000894225689848762,0.00218691527884461,0.00954500838932699,1.01186612932586,260
"p[72]",0.00374033099416848,0.00330266405049923,0.000303470542941664,0.00148454204856728,0.00277932895096092,0.00496410423975527,0.0126226430104482,1.03638094127768,120
"p[73]",0.00899564945570896,0.00997368235306811,0.000567465696904361,0.00270389966005908,0.00573841945817295,0.0115350878218289,0.0367496660017587,1.01245658447219,320
"p[74]",0.00255490998392537,0.00506921629806523,3.84876639579712e-05,0.000403233135154762,0.00112734836481021,0.00277728277423608,0.0137272626824839,1.00958518833362,310
"p[75]",0.00373784055022005,0.0123518778303955,4.58872119293954e-05,0.000477453440299112,0.00134655166995426,0.00350902320629588,0.0200630600743258,1.00903605055726,350
"p[76]",0.00371624406238008,0.0121985588839636,4.34235216221817e-05,0.000471201284674427,0.00132295453529645,0.00345400660232606,0.0203227778650165,1.00865299093202,360
"p[77]",0.00375421954578666,0.0111797770958165,4.3300225448572e-05,0.000472564334423775,0.00137182090883973,0.00351846505085622,0.0213943448403606,1.00954535800277,350
"p[78]",0.00362601576019861,0.0117748943970075,4.29820513733969e-05,0.000480226743897889,0.0013662590637486,0.00351698186326498,0.0200078347993702,1.00832070924658,420
"p[79]",0.0036627040787715,0.0105946885840312,4.45137127953177e-05,0.000471076624327665,0.00133654782787042,0.00343579896131401,0.0211337028544209,1.00978486646694,300
"p[80]",0.00171435683634046,0.00230989368293869,7.20099160232077e-05,0.000443600198642505,0.000992556597819617,0.00207128463029298,0.0078400739897404,1.02006444869741,190
"sigma_p",1.19468972431984,0.403137366479873,0.519156028238435,0.917967255105214,1.1510378838068,1.42561790565747,2.10759032114741,1.00398181300552,1100
