"","mean","sd","2.5%","25%","50%","75%","97.5%","Rhat","n.eff"
"N[1,1]",0.88965,1.34679925163537,0,0,0,1,5,1.06716181623807,140
"N[2,1]",0,0,0,0,0,0,0,1,1
"N[3,1]",0,0,0,0,0,0,0,1,1
"N[4,1]",0,0,0,0,0,0,0,1,1
"N[5,1]",0.1431,0.432870736394666,0,0,0,0,1,1.02628997863302,400
"N[6,1]",0,0,0,0,0,0,0,1,1
"N[7,1]",0,0,0,0,0,0,0,1,1
"N[8,1]",0,0,0,0,0,0,0,1,1
"N[9,1]",0,0,0,0,0,0,0,1,1
"N[10,1]",12.58235,13.7880046128611,2,5,8,14,60,1.03109356280617,170
"N[11,1]",0,0,0,0,0,0,0,1,1
"N[12,1]",0,0,0,0,0,0,0,1,1
"N[13,1]",0,0,0,0,0,0,0,1,1
"N[14,1]",0,0,0,0,0,0,0,1,1
"N[15,1]",0,0,0,0,0,0,0,1,1
"N[16,1]",0,0,0,0,0,0,0,1,1
"N[17,1]",0,0,0,0,0,0,0,1,1
"N[18,1]",3.764025,5.15763083481851,0,1,2,5,21,1.10194261164823,98
"N[19,1]",0,0,0,0,0,0,0,1,1
"N[20,1]",0,0,0,0,0,0,0,1,1
"N[21,1]",0,0,0,0,0,0,0,1,1
"N[22,1]",0,0,0,0,0,0,0,1,1
"N[23,1]",0,0,0,0,0,0,0,1,1
"N[24,1]",0,0,0,0,0,0,0,1,1
"N[25,1]",0,0,0,0,0,0,0,1,1
"N[26,1]",0,0,0,0,0,0,0,1,1
"N[27,1]",0,0,0,0,0,0,0,1,1
"N[28,1]",0,0,0,0,0,0,0,1,1
"N[29,1]",0,0,0,0,0,0,0,1,1
"N[30,1]",7.74025,10.8594211684234,0,2,5,9,37,1.17951156029091,79
"N[31,1]",0,0,0,0,0,0,0,1,1
"N[32,1]",0,0,0,0,0,0,0,1,1
"N[33,1]",0,0,0,0,0,0,0,1,1
"N[34,1]",0,0,0,0,0,0,0,1,1
"N[35,1]",0,0,0,0,0,0,0,1,1
"N[36,1]",0.261675,0.584944226716282,0,0,0,0,2,1.01952928303074,440
"N[37,1]",2.3483,3.09623590459762,0,0,1,3,12,1.11895351979794,88
"N[38,1]",0,0,0,0,0,0,0,1,1
"N[39,1]",0,0,0,0,0,0,0,1,1
"N[40,1]",0.223175,0.53448579144027,0,0,0,0,2,1.01876612065566,430
"N[41,1]",0.199175,0.50627139672628,0,0,0,0,2,1.01848100210035,520
"N[42,1]",0.194125,0.4897922843278,0,0,0,0,2,1.01805130197722,440
"N[43,1]",0,0,0,0,0,0,0,1,1
"N[44,1]",0,0,0,0,0,0,0,1,1
"N[45,1]",0,0,0,0,0,0,0,1,1
"N[46,1]",4.147475,5.26850263854696,0,1,3,5,20,1.14957591432631,80
"N[47,1]",0,0,0,0,0,0,0,1,1
"N[48,1]",0,0,0,0,0,0,0,1,1
"N[49,1]",0,0,0,0,0,0,0,1,1
"N[50,1]",0,0,0,0,0,0,0,1,1
"N[51,1]",0,0,0,0,0,0,0,1,1
"N[52,1]",18.361975,22.5548845523493,3,7,12,20,76,1.02216730859206,240
"N[53,1]",1.645725,2.35991598461923,0,0,1,2,8,1.11196242764738,110
"N[54,1]",0,0,0,0,0,0,0,1,1
"N[55,1]",0,0,0,0,0,0,0,1,1
"N[56,1]",0,0,0,0,0,0,0,1,1
"N[57,1]",0,0,0,0,0,0,0,1,1
"N[58,1]",0,0,0,0,0,0,0,1,1
"N[59,1]",0,0,0,0,0,0,0,1,1
"N[60,1]",0,0,0,0,0,0,0,1,1
"N[61,1]",0,0,0,0,0,0,0,1,1
"N[62,1]",0,0,0,0,0,0,0,1,1
"N[63,1]",0,0,0,0,0,0,0,1,1
"N[64,1]",0,0,0,0,0,0,0,1,1
"N[65,1]",0,0,0,0,0,0,0,1,1
"N[66,1]",0,0,0,0,0,0,0,1,1
"N[67,1]",0,0,0,0,0,0,0,1,1
"N[68,1]",1.043025,1.71640540099433,0,0,0,1,6,1.0737073307359,180
"N[69,1]",0,0,0,0,0,0,0,1,1
"N[70,1]",0,0,0,0,0,0,0,1,1
"N[71,1]",0,0,0,0,0,0,0,1,1
"N[72,1]",29.4756,38.7739447323812,3,10,18,33,138,1.02367549968099,190
"N[73,1]",0,0,0,0,0,0,0,1,1
"N[74,1]",0.214875,0.522456274140679,0,0,0,0,2,1.01977421187123,460
"N[75,1]",0,0,0,0,0,0,0,1,1
"N[76,1]",0,0,0,0,0,0,0,1,1
"N[77,1]",0,0,0,0,0,0,0,1,1
"N[78,1]",0,0,0,0,0,0,0,1,1
"N[79,1]",0,0,0,0,0,0,0,1,1
"N[80,1]",11.746975,15.5003616048021,0,3,7,13,68,1.12829759656225,80
"N[1,2]",0,0,0,0,0,0,0,1,1
"N[2,2]",0.17335,0.466910299340988,0,0,0,0,1,1.02571950465024,400
"N[3,2]",0.910025,1.37104941332811,0,0,0,1,5,1.06501364805803,140
"N[4,2]",0,0,0,0,0,0,0,1,1
"N[5,2]",0.160125,0.448542098498405,0,0,0,0,1,1.01690071165724,590
"N[6,2]",0,0,0,0,0,0,0,1,1
"N[7,2]",0,0,0,0,0,0,0,1,1
"N[8,2]",0,0,0,0,0,0,0,1,1
"N[9,2]",0,0,0,0,0,0,0,1,1
"N[10,2]",0,0,0,0,0,0,0,1,1
"N[11,2]",0,0,0,0,0,0,0,1,1
"N[12,2]",0,0,0,0,0,0,0,1,1
"N[13,2]",0,0,0,0,0,0,0,1,1
"N[14,2]",2.44085,3.31873871043891,0,0,1,3,13,1.10080021471431,100
"N[15,2]",11.10995,15.2788889356745,0,3,7,13,51,1.16103825930208,100
"N[16,2]",0,0,0,0,0,0,0,1,1
"N[17,2]",0,0,0,0,0,0,0,1,1
"N[18,2]",19.124225,26.6889836954434,1,5,11,21,112,1.11575418671078,89
"N[19,2]",0.508,0.938140715831088,0,0,0,1,3,1.04489010010077,200
"N[20,2]",0,0,0,0,0,0,0,1,1
"N[21,2]",0,0,0,0,0,0,0,1,1
"N[22,2]",0,0,0,0,0,0,0,1,1
"N[23,2]",0.222,0.530398937664685,0,0,0,0,2,1.0204015071496,460
"N[24,2]",0,0,0,0,0,0,0,1,1
"N[25,2]",0,0,0,0,0,0,0,1,1
"N[26,2]",0,0,0,0,0,0,0,1,1
"N[27,2]",0,0,0,0,0,0,0,1,1
"N[28,2]",0,0,0,0,0,0,0,1,1
"N[29,2]",0,0,0,0,0,0,0,1,1
"N[30,2]",0,0,0,0,0,0,0,1,1
"N[31,2]",0,0,0,0,0,0,0,1,1
"N[32,2]",0,0,0,0,0,0,0,1,1
"N[33,2]",0,0,0,0,0,0,0,1,1
"N[34,2]",0,0,0,0,0,0,0,1,1
"N[35,2]",0,0,0,0,0,0,0,1,1
"N[36,2]",0.785925,1.22806131676718,0,0,0,1,4,1.06298326610134,150
"N[37,2]",12.163925,15.1016623290121,1,4,8,14,66,1.15405971382522,73
"N[38,2]",0,0,0,0,0,0,0,1,1
"N[39,2]",4.9402,6.20085762019099,0,1,3,6,26,1.12521342274138,83
"N[40,2]",0.234275,0.550043441984087,0,0,0,0,2,1.01665859289757,490
"N[41,2]",5.32415,6.89293947404624,0,1,3,6,29,1.11918961674988,86
"N[42,2]",0.202,0.50438314807198,0,0,0,0,2,1.01535393063838,560
"N[43,2]",0.788675,1.22108722895849,0,0,0,1,4,1.05035740520821,170
"N[44,2]",0,0,0,0,0,0,0,1,1
"N[45,2]",0.68115,1.16651990841023,0,0,0,1,4,1.05901054875643,200
"N[46,2]",9.069125,11.1530110945783,0,3,6,11,45,1.16643646994845,74
"N[47,2]",0,0,0,0,0,0,0,1,1
"N[48,2]",0,0,0,0,0,0,0,1,1
"N[49,2]",0,0,0,0,0,0,0,1,1
"N[50,2]",0,0,0,0,0,0,0,1,1
"N[51,2]",0,0,0,0,0,0,0,1,1
"N[52,2]",2.315525,3.26010501080748,0,0,1,3,11,1.11781881401213,120
"N[53,2]",25.9175,32.9321538457314,3,9,16,29,116,1.02408111354746,200
"N[54,2]",1.1165,1.61616615786442,0,0,1,2,6,1.08441354119588,130
"N[55,2]",0,0,0,0,0,0,0,1,1
"N[56,2]",1.08975,1.5914170580669,0,0,1,2,5,1.07861583906085,130
"N[57,2]",0,0,0,0,0,0,0,1,1
"N[58,2]",0,0,0,0,0,0,0,1,1
"N[59,2]",0,0,0,0,0,0,0,1,1
"N[60,2]",0,0,0,0,0,0,0,1,1
"N[61,2]",0,0,0,0,0,0,0,1,1
"N[62,2]",0,0,0,0,0,0,0,1,1
"N[63,2]",0,0,0,0,0,0,0,1,1
"N[64,2]",0,0,0,0,0,0,0,1,1
"N[65,2]",0,0,0,0,0,0,0,1,1
"N[66,2]",0,0,0,0,0,0,0,1,1
"N[67,2]",0,0,0,0,0,0,0,1,1
"N[68,2]",42.4673,57.0163717924625,6,15,26,46,193,1.01922140430468,250
"N[69,2]",0,0,0,0,0,0,0,1,1
"N[70,2]",2.321425,3.03955456303609,0,0,1,3,11,1.12685429261425,95
"N[71,2]",0,0,0,0,0,0,0,1,1
"N[72,2]",19.230825,25.0665804041098,2,6,12,22,88,1.18025266775077,79
"N[73,2]",0.510225,0.942426471172334,0,0,0,1,3,1.0471694865439,180
"N[74,2]",0.22435,0.538260457964372,0,0,0,0,2,1.01997509801232,410
"N[75,2]",0,0,0,0,0,0,0,1,1
"N[76,2]",0,0,0,0,0,0,0,1,1
"N[77,2]",0,0,0,0,0,0,0,1,1
"N[78,2]",0,0,0,0,0,0,0,1,1
"N[79,2]",0,0,0,0,0,0,0,1,1
"N[80,2]",9.08045,11.7261935592026,0,3,6,10,51,1.12512960617265,81
"N[1,3]",0.89495,1.34642482857212,0,0,0,1,5,1.06464978967453,150
"N[2,3]",0,0,0,0,0,0,0,1,1
"N[3,3]",0,0,0,0,0,0,0,1,1
"N[4,3]",0,0,0,0,0,0,0,1,1
"N[5,3]",0.459375,0.907342378118524,0,0,0,1,3,1.04005462960298,220
"N[6,3]",0,0,0,0,0,0,0,1,1
"N[7,3]",0,0,0,0,0,0,0,1,1
"N[8,3]",0,0,0,0,0,0,0,1,1
"N[9,3]",0,0,0,0,0,0,0,1,1
"N[10,3]",0,0,0,0,0,0,0,1,1
"N[11,3]",0,0,0,0,0,0,0,1,1
"N[12,3]",3.04,4.02218901223093,0,1,2,4,14,1.14153270498109,95
"N[13,3]",0.181,0.475914553640209,0,0,0,0,1,1.01660976771944,530
"N[14,3]",0.19625,0.501041129604486,0,0,0,0,2,1.01361439324478,590
"N[15,3]",0,0,0,0,0,0,0,1,1
"N[16,3]",0,0,0,0,0,0,0,1,1
"N[17,3]",0,0,0,0,0,0,0,1,1
"N[18,3]",6.74645,9.11471828142449,0,2,4,8,38,1.1146876176165,89
"N[19,3]",0.50645,0.937059416210487,0,0,0,1,3,1.03358073760439,270
"N[20,3]",0,0,0,0,0,0,0,1,1
"N[21,3]",0,0,0,0,0,0,0,1,1
"N[22,3]",0,0,0,0,0,0,0,1,1
"N[23,3]",0.224625,0.537750721776335,0,0,0,0,2,1.02057221658158,400
"N[24,3]",0,0,0,0,0,0,0,1,1
"N[25,3]",0,0,0,0,0,0,0,1,1
"N[26,3]",0,0,0,0,0,0,0,1,1
"N[27,3]",0,0,0,0,0,0,0,1,1
"N[28,3]",0,0,0,0,0,0,0,1,1
"N[29,3]",0,0,0,0,0,0,0,1,1
"N[30,3]",6.0943,8.13375445037754,0,2,4,7,27,1.16909092989712,82
"N[31,3]",0,0,0,0,0,0,0,1,1
"N[32,3]",0,0,0,0,0,0,0,1,1
"N[33,3]",5.53735,7.1451264018408,0,2,3,7,30,1.12536914378407,83
"N[34,3]",0,0,0,0,0,0,0,1,1
"N[35,3]",0.672125,1.10729564117535,0,0,0,1,4,1.04638524152864,190
"N[36,3]",0,0,0,0,0,0,0,1,1
"N[37,3]",11.36445,12.8276065532408,1,4,8,13,57,1.02606506012984,180
"N[38,3]",0,0,0,0,0,0,0,1,1
"N[39,3]",75.310075,102.429750194157,7,23,43,83,451,1.02658628081386,170
"N[40,3]",0,0,0,0,0,0,0,1,1
"N[41,3]",2.49995,3.33483553203162,0,1,2,3,13,1.09649954750706,100
"N[42,3]",1.7227,2.40745708294876,0,0,1,2,9,1.08040162119188,110
"N[43,3]",0,0,0,0,0,0,0,1,1
"N[44,3]",0,0,0,0,0,0,0,1,1
"N[45,3]",0,0,0,0,0,0,0,1,1
"N[46,3]",1.00535,1.48989156381322,0,0,1,1,5,1.07193726749811,150
"N[47,3]",0,0,0,0,0,0,0,1,1
"N[48,3]",0,0,0,0,0,0,0,1,1
"N[49,3]",0,0,0,0,0,0,0,1,1
"N[50,3]",0,0,0,0,0,0,0,1,1
"N[51,3]",0,0,0,0,0,0,0,1,1
"N[52,3]",39.202175,54.8362542086781,4,12,23,43,180,1.1709165784528,95
"N[53,3]",3.15785,4.15855332016351,0,1,2,4,14,1.14358734095916,93
"N[54,3]",0,0,0,0,0,0,0,1,1
"N[55,3]",0,0,0,0,0,0,0,1,1
"N[56,3]",0,0,0,0,0,0,0,1,1
"N[57,3]",0,0,0,0,0,0,0,1,1
"N[58,3]",0,0,0,0,0,0,0,1,1
"N[59,3]",0,0,0,0,0,0,0,1,1
"N[60,3]",0,0,0,0,0,0,0,1,1
"N[61,3]",0,0,0,0,0,0,0,1,1
"N[62,3]",0,0,0,0,0,0,0,1,1
"N[63,3]",0,0,0,0,0,0,0,1,1
"N[64,3]",0,0,0,0,0,0,0,1,1
"N[65,3]",0,0,0,0,0,0,0,1,1
"N[66,3]",0,0,0,0,0,0,0,1,1
"N[67,3]",0,0,0,0,0,0,0,1,1
"N[68,3]",46.9386,66.6192838693466,5,15,27,51,221,1.01746030232739,260
"N[69,3]",0,0,0,0,0,0,0,1,1
"N[70,3]",8.83665,11.0206988513696,0,3,6,10,41,1.17409931563419,75
"N[71,3]",0,0,0,0,0,0,0,1,1
"N[72,3]",2.83,3.76621887443033,0,1,2,4,13,1.13930733614222,94
"N[73,3]",0.1737,0.469024316635332,0,0,0,0,1,1.02021073453986,470
"N[74,3]",2.760525,3.62858180140978,0,1,2,3,15,1.10950748933204,92
"N[75,3]",0,0,0,0,0,0,0,1,1
"N[76,3]",0,0,0,0,0,0,0,1,1
"N[77,3]",0,0,0,0,0,0,0,1,1
"N[78,3]",0,0,0,0,0,0,0,1,1
"N[79,3]",0,0,0,0,0,0,0,1,1
"N[80,3]",4.376275,5.67091228159347,0,1,3,5,24,1.11647818486274,88
"N[1,4]",29.710725,37.2868321619133,3,10,18,34,167,1.15596554545261,74
"N[2,4]",0.17315,0.462032914801921,0,0,0,0,1,1.01335713231942,700
"N[3,4]",0,0,0,0,0,0,0,1,1
"N[4,4]",0,0,0,0,0,0,0,1,1
"N[5,4]",8.565575,9.09391100681164,2,4,6,10,40,1.02851308462439,180
"N[6,4]",0,0,0,0,0,0,0,1,1
"N[7,4]",0,0,0,0,0,0,0,1,1
"N[8,4]",0,0,0,0,0,0,0,1,1
"N[9,4]",0,0,0,0,0,0,0,1,1
"N[10,4]",0,0,0,0,0,0,0,1,1
"N[11,4]",0,0,0,0,0,0,0,1,1
"N[12,4]",0.55625,0.97288724950017,0,0,0,1,3,1.04431589323535,240
"N[13,4]",0.1792,0.471214294215251,0,0,0,0,1,1.01603708164807,540
"N[14,4]",0.5823,1.00120016482432,0,0,0,1,3,1.04112030821591,200
"N[15,4]",64.0837,92.9049047539643,6,20,36,69,308.025000000001,1.16302884451769,100
"N[16,4]",0,0,0,0,0,0,0,1,1
"N[17,4]",0,0,0,0,0,0,0,1,1
"N[18,4]",2.21005,3.1095129400387,0,0,1,3,12,1.08686687698956,110
"N[19,4]",0,0,0,0,0,0,0,1,1
"N[20,4]",0,0,0,0,0,0,0,1,1
"N[21,4]",0,0,0,0,0,0,0,1,1
"N[22,4]",0.16895,0.458869438434331,0,0,0,0,1,1.01833935405496,500
"N[23,4]",0.6481,1.08138597405858,0,0,0,1,4,1.04839161259452,180
"N[24,4]",0,0,0,0,0,0,0,1,1
"N[25,4]",0,0,0,0,0,0,0,1,1
"N[26,4]",0,0,0,0,0,0,0,1,1
"N[27,4]",0,0,0,0,0,0,0,1,1
"N[28,4]",0,0,0,0,0,0,0,1,1
"N[29,4]",0,0,0,0,0,0,0,1,1
"N[30,4]",8.11855,8.13937664282735,2,4,6,9,30,1.02939809377952,190
"N[31,4]",0.544575,0.961033901082046,0,0,0,1,3,1.05030936225606,210
"N[32,4]",0,0,0,0,0,0,0,1,1
"N[33,4]",1.15895,1.70997309853107,0,0,1,2,6,1.07181397358192,120
"N[34,4]",0,0,0,0,0,0,0,1,1
"N[35,4]",0.225475,0.531829949751221,0,0,0,0,2,1.01558504464875,510
"N[36,4]",1.478375,2.03132604879495,0,0,1,2,7,1.09346398426406,110
"N[37,4]",0.27795,0.605601326223909,0,0,0,0,2,1.02535009507902,350
"N[38,4]",2.434875,3.16925225224673,0,1,2,3,12,1.1219891133011,88
"N[39,4]",2.8555,3.69168125151151,0,1,2,4,15,1.11157782339013,92
"N[40,4]",0.231775,0.544529854272523,0,0,0,0,2,1.01976400434374,460
"N[41,4]",0,0,0,0,0,0,0,1,1
"N[42,4]",0.1966,0.498151225900425,0,0,0,0,2,1.01666138746609,550
"N[43,4]",3.346575,4.19827957717923,0,1,2,4,17,1.12683591653389,85
"N[44,4]",0,0,0,0,0,0,0,1,1
"N[45,4]",18.3583,23.4565540171219,2,7,12,21,80,1.02058437467561,230
"N[46,4]",24.236625,28.0852194774797,4,10,16,27,120,1.03101661794447,160
"N[47,4]",0,0,0,0,0,0,0,1,1
"N[48,4]",0,0,0,0,0,0,0,1,1
"N[49,4]",0.226425,0.541261529647256,0,0,0,0,2,1.01520202140201,620
"N[50,4]",0,0,0,0,0,0,0,1,1
"N[51,4]",0,0,0,0,0,0,0,1,1
"N[52,4]",0,0,0,0,0,0,0,1,1
"N[53,4]",0,0,0,0,0,0,0,1,1
"N[54,4]",0.37545,0.737631954312244,0,0,0,1,2,1.02920046885235,290
"N[55,4]",0,0,0,0,0,0,0,1,1
"N[56,4]",0.372425,0.735314991400566,0,0,0,1,2,1.03342833883913,280
"N[57,4]",0,0,0,0,0,0,0,1,1
"N[58,4]",0,0,0,0,0,0,0,1,1
"N[59,4]",0,0,0,0,0,0,0,1,1
"N[60,4]",0,0,0,0,0,0,0,1,1
"N[61,4]",0,0,0,0,0,0,0,1,1
"N[62,4]",0,0,0,0,0,0,0,1,1
"N[63,4]",0.254825,0.571836859873389,0,0,0,0,2,1.0211184261857,420
"N[64,4]",0,0,0,0,0,0,0,1,1
"N[65,4]",0,0,0,0,0,0,0,1,1
"N[66,4]",0,0,0,0,0,0,0,1,1
"N[67,4]",0,0,0,0,0,0,0,1,1
"N[68,4]",1.0513,1.72580206565505,0,0,0,1,6,1.0731229484679,200
"N[69,4]",0,0,0,0,0,0,0,1,1
"N[70,4]",2.3195,3.044675927137,0,0,1,3,11,1.13008369122788,93
"N[71,4]",0,0,0,0,0,0,0,1,1
"N[72,4]",22.35525,29.2778180061831,2,8,14,25,104,1.18022262966859,78
"N[73,4]",0.513325,0.960622461877119,0,0,0,1,3,1.04640803668295,200
"N[74,4]",0.226575,0.5398111283369,0,0,0,0,2,1.02120784302464,400
"N[75,4]",0,0,0,0,0,0,0,1,1
"N[76,4]",0,0,0,0,0,0,0,1,1
"N[77,4]",0,0,0,0,0,0,0,1,1
"N[78,4]",0,0,0,0,0,0,0,1,1
"N[79,4]",0,0,0,0,0,0,0,1,1
"N[80,4]",11.878975,15.459328986754,0,4,7,14,68,1.12796642475289,80
"N[1,5]",5.0276,6.13851612969347,0,2,3,6,25,1.14664923297516,79
"N[2,5]",0.493175,0.925378207813264,0,0,0,1,3,1.03651025904351,230
"N[3,5]",0,0,0,0,0,0,0,1,1
"N[4,5]",0,0,0,0,0,0,0,1,1
"N[5,5]",0.4361,0.883309852717266,0,0,0,1,3,1.03777229871969,220
"N[6,5]",0,0,0,0,0,0,0,1,1
"N[7,5]",0,0,0,0,0,0,0,1,1
"N[8,5]",0,0,0,0,0,0,0,1,1
"N[9,5]",0,0,0,0,0,0,0,1,1
"N[10,5]",0,0,0,0,0,0,0,1,1
"N[11,5]",0,0,0,0,0,0,0,1,1
"N[12,5]",0,0,0,0,0,0,0,1,1
"N[13,5]",0,0,0,0,0,0,0,1,1
"N[14,5]",0.195925,0.498542483636249,0,0,0,0,2,1.015379370869,580
"N[15,5]",0,0,0,0,0,0,0,1,1
"N[16,5]",0,0,0,0,0,0,0,1,1
"N[17,5]",0,0,0,0,0,0,0,1,1
"N[18,5]",24.2835,34.3220742069801,1,7,14,26,144,1.11437860038837,89
"N[19,5]",0,0,0,0,0,0,0,1,1
"N[20,5]",0,0,0,0,0,0,0,1,1
"N[21,5]",0,0,0,0,0,0,0,1,1
"N[22,5]",0.174425,0.474770001725955,0,0,0,0,1,1.01565473923393,530
"N[23,5]",0.218675,0.525369531571462,0,0,0,0,2,1.01636023394477,550
"N[24,5]",0,0,0,0,0,0,0,1,1
"N[25,5]",0,0,0,0,0,0,0,1,1
"N[26,5]",0,0,0,0,0,0,0,1,1
"N[27,5]",0,0,0,0,0,0,0,1,1
"N[28,5]",0,0,0,0,0,0,0,1,1
"N[29,5]",0,0,0,0,0,0,0,1,1
"N[30,5]",48.476975,60.7089104592119,9,18,30,53,221,1.02942592160512,180
"N[31,5]",0,0,0,0,0,0,0,1,1
"N[32,5]",0,0,0,0,0,0,0,1,1
"N[33,5]",1.159025,1.71165396425718,0,0,1,2,6,1.0712718142225,130
"N[34,5]",0,0,0,0,0,0,0,1,1
"N[35,5]",0,0,0,0,0,0,0,1,1
"N[36,5]",0.27115,0.596185007706572,0,0,0,0,2,1.01750578641693,420
"N[37,5]",1.509125,2.0769628255555,0,0,1,2,8,1.09840225417993,100
"N[38,5]",0,0,0,0,0,0,0,1,1
"N[39,5]",0.23265,0.54943746189909,0,0,0,0,2,1.0207168176306,400
"N[40,5]",0.2298,0.543000305002936,0,0,0,0,2,1.02026063076787,430
"N[41,5]",7.582025,9.80542837208115,0,2,5,9,42,1.12555353788964,81
"N[42,5]",0.196775,0.497554809437825,0,0,0,0,2,1.01610222559547,530
"N[43,5]",8.5341,10.486683768161,0,3,5,10,45,1.14766305183814,76
"N[44,5]",0,0,0,0,0,0,0,1,1
"N[45,5]",0,0,0,0,0,0,0,1,1
"N[46,5]",62.42675,75.2579811616729,11,24,39,69,325,1.03218678343367,160
"N[47,5]",0,0,0,0,0,0,0,1,1
"N[48,5]",0,0,0,0,0,0,0,1,1
"N[49,5]",0,0,0,0,0,0,0,1,1
"N[50,5]",0,0,0,0,0,0,0,1,1
"N[51,5]",0,0,0,0,0,0,0,1,1
"N[52,5]",0,0,0,0,0,0,0,1,1
"N[53,5]",0,0,0,0,0,0,0,1,1
"N[54,5]",0,0,0,0,0,0,0,1,1
"N[55,5]",0,0,0,0,0,0,0,1,1
"N[56,5]",0,0,0,0,0,0,0,1,1
"N[57,5]",0,0,0,0,0,0,0,1,1
"N[58,5]",0,0,0,0,0,0,0,1,1
"N[59,5]",0,0,0,0,0,0,0,1,1
"N[60,5]",0,0,0,0,0,0,0,1,1
"N[61,5]",0,0,0,0,0,0,0,1,1
"N[62,5]",0,0,0,0,0,0,0,1,1
"N[63,5]",11.040225,13.8346229391759,0,4,7,13,61,1.14622445056512,74
"N[64,5]",0,0,0,0,0,0,0,1,1
"N[65,5]",0,0,0,0,0,0,0,1,1
"N[66,5]",0,0,0,0,0,0,0,1,1
"N[67,5]",0.380375,0.752299148095494,0,0,0,1,2,1.03436266437094,280
"N[68,5]",1.04905,1.71885658482579,0,0,0,1,6,1.07002401538377,190
"N[69,5]",0,0,0,0,0,0,0,1,1
"N[70,5]",7.8401,8.64286407780932,1,3,5,9,32,1.02391337398753,200
"N[71,5]",0,0,0,0,0,0,0,1,1
"N[72,5]",251.402275,348.893906472689,33,81,141,265,1301,1.02564172964234,180
"N[73,5]",4.086975,3.12264377122624,2,2,3,5,14,1.03290117920654,180
"N[74,5]",0,0,0,0,0,0,0,1,1
"N[75,5]",0,0,0,0,0,0,0,1,1
"N[76,5]",0,0,0,0,0,0,0,1,1
"N[77,5]",0,0,0,0,0,0,0,1,1
"N[78,5]",0,0,0,0,0,0,0,1,1
"N[79,5]",0,0,0,0,0,0,0,1,1
"N[80,5]",1.12165,1.66268469365354,0,0,1,2,6,1.06908197805944,130
"N[1,6]",13.383775,16.2669529136007,1,5,9,16,70,1.1621971640485,71
"N[2,6]",0,0,0,0,0,0,0,1,1
"N[3,6]",0,0,0,0,0,0,0,1,1
"N[4,6]",0,0,0,0,0,0,0,1,1
"N[5,6]",4.3877,5.04111337212334,1,2,3,5,21,1.02315378933519,200
"N[6,6]",0,0,0,0,0,0,0,1,1
"N[7,6]",0,0,0,0,0,0,0,1,1
"N[8,6]",0,0,0,0,0,0,0,1,1
"N[9,6]",0,0,0,0,0,0,0,1,1
"N[10,6]",0.293175,0.628039234608002,0,0,0,0,2,1.02581743513347,340
"N[11,6]",0,0,0,0,0,0,0,1,1
"N[12,6]",0.5527,0.982367973913495,0,0,0,1,3,1.05159731501306,210
"N[13,6]",0.533125,0.965337262968638,0,0,0,1,3,1.03796197607088,240
"N[14,6]",0.1979,0.502485723476357,0,0,0,0,2,1.01546064888854,530
"N[15,6]",0.919,1.50133119260333,0,0,0,1,5,1.06963030634881,180
"N[16,6]",3.0537,4.4253820072563,0,1,2,4,15,1.11787707198614,130
"N[17,6]",0,0,0,0,0,0,0,1,1
"N[18,6]",11.635425,15.9140988288031,0,3,7,13,66,1.11585361138969,89
"N[19,6]",0.172975,0.467076121609299,0,0,0,0,1,1.01639794473313,560
"N[20,6]",0,0,0,0,0,0,0,1,1
"N[21,6]",0,0,0,0,0,0,0,1,1
"N[22,6]",0.5047,0.936936420599822,0,0,0,1,3,1.03395540357091,230
"N[23,6]",0.221775,0.532726894687708,0,0,0,0,2,1.01711856460895,520
"N[24,6]",0,0,0,0,0,0,0,1,1
"N[25,6]",0,0,0,0,0,0,0,1,1
"N[26,6]",0,0,0,0,0,0,0,1,1
"N[27,6]",0,0,0,0,0,0,0,1,1
"N[28,6]",0,0,0,0,0,0,0,1,1
"N[29,6]",0,0,0,0,0,0,0,1,1
"N[30,6]",0,0,0,0,0,0,0,1,1
"N[31,6]",0.55715,0.986158298755709,0,0,0,1,3,1.04770486643808,220
"N[32,6]",0,0,0,0,0,0,0,1,1
"N[33,6]",0,0,0,0,0,0,0,1,1
"N[34,6]",0,0,0,0,0,0,0,1,1
"N[35,6]",0.23365,0.543658961690751,0,0,0,0,2,1.01655439404045,490
"N[36,6]",0.27265,0.595500497918411,0,0,0,0,2,1.02117053491331,420
"N[37,6]",0.2757,0.604978230985627,0,0,0,0,2,1.02232965646568,350
"N[38,6]",0.28795,0.620237385893797,0,0,0,0,2,1.02505161870189,370
"N[39,6]",0,0,0,0,0,0,0,1,1
"N[40,6]",0.6755,1.11692924497188,0,0,0,1,4,1.04897897101645,180
"N[41,6]",25.530625,34.2675213385042,2,8,15,28,151,1.12228228974436,83
"N[42,6]",0.198575,0.504429708292707,0,0,0,0,2,1.01906553203739,480
"N[43,6]",0.7939,1.24563701787058,0,0,0,1,4,1.06259812512374,150
"N[44,6]",0,0,0,0,0,0,0,1,1
"N[45,6]",14.120775,19.0295242050126,1,5,9,16,63,1.17754437474819,87
"N[46,6]",53.694775,70.0848350914955,6,18,32,60,297,1.1572658421198,76
"N[47,6]",0,0,0,0,0,0,0,1,1
"N[48,6]",0,0,0,0,0,0,0,1,1
"N[49,6]",0.230225,0.544085333469165,0,0,0,0,2,1.02290298636936,330
"N[50,6]",9.152725,11.7090895309506,0,3,6,11,39,1.17406049286787,84
"N[51,6]",0,0,0,0,0,0,0,1,1
"N[52,6]",9.747,13.1368339188,0,3,6,11,43,1.16419507211931,96
"N[53,6]",0.580325,1.01559031108366,0,0,0,1,3,1.05216642333915,220
"N[54,6]",0,0,0,0,0,0,0,1,1
"N[55,6]",0,0,0,0,0,0,0,1,1
"N[56,6]",0,0,0,0,0,0,0,1,1
"N[57,6]",0,0,0,0,0,0,0,1,1
"N[58,6]",0,0,0,0,0,0,0,1,1
"N[59,6]",0,0,0,0,0,0,0,1,1
"N[60,6]",0,0,0,0,0,0,0,1,1
"N[61,6]",0,0,0,0,0,0,0,1,1
"N[62,6]",0,0,0,0,0,0,0,1,1
"N[63,6]",0,0,0,0,0,0,0,1,1
"N[64,6]",0,0,0,0,0,0,0,1,1
"N[65,6]",0,0,0,0,0,0,0,1,1
"N[66,6]",0,0,0,0,0,0,0,1,1
"N[67,6]",0,0,0,0,0,0,0,1,1
"N[68,6]",402.102875,640.298916373667,35,106,203,407,2231,1.01662093815241,240
"N[69,6]",0,0,0,0,0,0,0,1,1
"N[70,6]",0.425975,0.799928932176111,0,0,0,1,3,1.04189702944631,230
"N[71,6]",0.385075,0.73719456778436,0,0,0,1,2,1.03454847972643,250
"N[72,6]",7.3771,8.18520131261371,1,3,5,9,29,1.02123905513097,240
"N[73,6]",0.51755,0.958104872455863,0,0,0,1,3,1.04384154046646,190
"N[74,6]",0.22225,0.531000928953673,0,0,0,0,2,1.01678029368704,490
"N[75,6]",0,0,0,0,0,0,0,1,1
"N[76,6]",0,0,0,0,0,0,0,1,1
"N[77,6]",0,0,0,0,0,0,0,1,1
"N[78,6]",0,0,0,0,0,0,0,1,1
"N[79,6]",0,0,0,0,0,0,0,1,1
"N[80,6]",5.3839,5.64096324236008,1,2,4,6,24,1.02244500280032,200
"N[1,7]",3.7855,4.67719859046699,0,1,2,5,18,1.13682929923608,82
"N[2,7]",0.174375,0.466501661272497,0,0,0,0,1,1.0146045444371,610
"N[3,7]",0,0,0,0,0,0,0,1,1
"N[4,7]",0,0,0,0,0,0,0,1,1
"N[5,7]",1.358125,2.18541549491101,0,0,1,2,8,1.08649505269601,120
"N[6,7]",0,0,0,0,0,0,0,1,1
"N[7,7]",0,0,0,0,0,0,0,1,1
"N[8,7]",0,0,0,0,0,0,0,1,1
"N[9,7]",0,0,0,0,0,0,0,1,1
"N[10,7]",0.292325,0.634571636148383,0,0,0,0,2,1.02435570276583,360
"N[11,7]",0,0,0,0,0,0,0,1,1
"N[12,7]",0.5543,0.975897186891623,0,0,0,1,3,1.04867753816448,230
"N[13,7]",0.18345,0.480938540820967,0,0,0,0,2,1.01358409795716,680
"N[14,7]",0.196375,0.496908474797732,0,0,0,0,2,1.01776303729013,470
"N[15,7]",0.913675,1.48696949240117,0,0,0,1,5,1.06656781766633,200
"N[16,7]",0,0,0,0,0,0,0,1,1
"N[17,7]",0,0,0,0,0,0,0,1,1
"N[18,7]",1.554575,2.24181783672432,0,0,1,2,8,1.07257838268324,130
"N[19,7]",0.1755,0.47064348251324,0,0,0,0,1,1.01768672160611,520
"N[20,7]",0,0,0,0,0,0,0,1,1
"N[21,7]",0,0,0,0,0,0,0,1,1
"N[22,7]",0.17025,0.45844322631575,0,0,0,0,1,1.01296358564711,680
"N[23,7]",0.222775,0.534418786590616,0,0,0,0,2,1.02318411218354,430
"N[24,7]",0,0,0,0,0,0,0,1,1
"N[25,7]",0,0,0,0,0,0,0,1,1
"N[26,7]",0,0,0,0,0,0,0,1,1
"N[27,7]",0,0,0,0,0,0,0,1,1
"N[28,7]",0,0,0,0,0,0,0,1,1
"N[29,7]",0,0,0,0,0,0,0,1,1
"N[30,7]",0,0,0,0,0,0,0,1,1
"N[31,7]",1.617425,2.29225712572636,0,0,1,2,8,1.10818807507547,120
"N[32,7]",0,0,0,0,0,0,0,1,1
"N[33,7]",0,0,0,0,0,0,0,1,1
"N[34,7]",0,0,0,0,0,0,0,1,1
"N[35,7]",0.231025,0.543424173294493,0,0,0,0,2,1.01504768104877,520
"N[36,7]",0.2691,0.592953606827293,0,0,0,0,2,1.02203024268647,360
"N[37,7]",0,0,0,0,0,0,0,1,1
"N[38,7]",0.28205,0.614253392486159,0,0,0,0,2,1.02724615205598,330
"N[39,7]",0,0,0,0,0,0,0,1,1
"N[40,7]",0.671525,1.10159407774044,0,0,0,1,4,1.0524020525746,170
"N[41,7]",0.200575,0.499400545051374,0,0,0,0,2,1.01371776337843,650
"N[42,7]",0,0,0,0,0,0,0,1,1
"N[43,7]",1.502475,2.05933239075735,0,0,1,2,8,1.09233429130435,110
"N[44,7]",0,0,0,0,0,0,0,1,1
"N[45,7]",11.990325,14.7554218664271,1,4,8,14,50,1.01980262650723,240
"N[46,7]",37.49885,46.9282580671031,5,13,23,42,199,1.02860719773594,170
"N[47,7]",0,0,0,0,0,0,0,1,1
"N[48,7]",0.6644,1.09332178420312,0,0,0,1,4,1.04849416345921,190
"N[49,7]",0.66075,1.0949152517365,0,0,0,1,4,1.04939056163766,190
"N[50,7]",0,0,0,0,0,0,0,1,1
"N[51,7]",0,0,0,0,0,0,0,1,1
"N[52,7]",56.122575,79.6429053662582,6,18,33,61,264.025000000001,1.16816564002197,96
"N[53,7]",0.57295,1.01037310873037,0,0,0,1,3,1.04841032052946,220
"N[54,7]",0,0,0,0,0,0,0,1,1
"N[55,7]",0,0,0,0,0,0,0,1,1
"N[56,7]",1.0798,1.56864383340735,0,0,1,2,5,1.08244577929587,130
"N[57,7]",0,0,0,0,0,0,0,1,1
"N[58,7]",0,0,0,0,0,0,0,1,1
"N[59,7]",0,0,0,0,0,0,0,1,1
"N[60,7]",0,0,0,0,0,0,0,1,1
"N[61,7]",0,0,0,0,0,0,0,1,1
"N[62,7]",0,0,0,0,0,0,0,1,1
"N[63,7]",0,0,0,0,0,0,0,1,1
"N[64,7]",0,0,0,0,0,0,0,1,1
"N[65,7]",0,0,0,0,0,0,0,1,1
"N[66,7]",0,0,0,0,0,0,0,1,1
"N[67,7]",6.26855,7.72631692961352,0,2,4,8,29,1.16349256103863,77
"N[68,7]",91.778525,138.118034805788,9,27,50,98,456,1.01675715072253,250
"N[69,7]",0,0,0,0,0,0,0,1,1
"N[70,7]",0.423925,0.801110877994408,0,0,0,1,3,1.0364952964591,270
"N[71,7]",16.5881,20.5427441813031,1,6,11,19,83,1.1743616899025,72
"N[72,7]",10.8159,14.0045942606885,0,4,7,13,48,1.17804781749665,80
"N[73,7]",0.170775,0.469325479848634,0,0,0,0,1,1.01339021176425,690
"N[74,7]",0.2219,0.526181823786029,0,0,0,0,2,1.01649466796577,480
"N[75,7]",0,0,0,0,0,0,0,1,1
"N[76,7]",0,0,0,0,0,0,0,1,1
"N[77,7]",0,0,0,0,0,0,0,1,1
"N[78,7]",0,0,0,0,0,0,0,1,1
"N[79,7]",0,0,0,0,0,0,0,1,1
"N[80,7]",30.1341,40.8083098172879,2,9,18,33,180,1.12303913069945,82
"N[1,8]",13.34945,16.3148165490292,1,5,9,16,70,1.16012723296789,72
"N[2,8]",0.172025,0.462425934954597,0,0,0,0,1,1.01691112550409,550
"N[3,8]",0,0,0,0,0,0,0,1,1
"N[4,8]",0,0,0,0,0,0,0,1,1
"N[5,8]",0.85085,1.47025790899351,0,0,0,1,5,1.06614894945473,140
"N[6,8]",0,0,0,0,0,0,0,1,1
"N[7,8]",0,0,0,0,0,0,0,1,1
"N[8,8]",0,0,0,0,0,0,0,1,1
"N[9,8]",0,0,0,0,0,0,0,1,1
"N[10,8]",0.846625,1.31013129894508,0,0,0,1,5,1.06558361402449,150
"N[11,8]",0,0,0,0,0,0,0,1,1
"N[12,8]",0.552675,0.975422539519805,0,0,0,1,3,1.0487728088303,230
"N[13,8]",0.1766,0.471346999778141,0,0,0,0,1,1.01842305021187,480
"N[14,8]",0.57485,1.02086900816819,0,0,0,1,3,1.04302919374039,190
"N[15,8]",0.92115,1.47576662270093,0,0,0,1,5,1.0612415737464,220
"N[16,8]",3.037825,4.42723212391015,0,1,2,4,15,1.11780137316509,130
"N[17,8]",0,0,0,0,0,0,0,1,1
"N[18,8]",34.08835,48.9946380345993,2,9,19,37,203,1.10933802082508,93
"N[19,8]",0.1707,0.462943698436104,0,0,0,0,1,1.01753993178185,580
"N[20,8]",0,0,0,0,0,0,0,1,1
"N[21,8]",0,0,0,0,0,0,0,1,1
"N[22,8]",0,0,0,0,0,0,0,1,1
"N[23,8]",0.224325,0.540009800503302,0,0,0,0,2,1.01732640234934,550
"N[24,8]",0,0,0,0,0,0,0,1,1
"N[25,8]",0,0,0,0,0,0,0,1,1
"N[26,8]",0,0,0,0,0,0,0,1,1
"N[27,8]",0,0,0,0,0,0,0,1,1
"N[28,8]",0,0,0,0,0,0,0,1,1
"N[29,8]",0,0,0,0,0,0,0,1,1
"N[30,8]",0,0,0,0,0,0,0,1,1
"N[31,8]",0.5525,0.977377936977704,0,0,0,1,3,1.05353407138654,200
"N[32,8]",0,0,0,0,0,0,0,1,1
"N[33,8]",0.209375,0.515939690486306,0,0,0,0,2,1.01834257904525,440
"N[34,8]",0,0,0,0,0,0,0,1,1
"N[35,8]",0.226575,0.535253147373553,0,0,0,0,2,1.01833428488094,460
"N[36,8]",0.26725,0.597483357223491,0,0,0,0,2,1.02338322439513,360
"N[37,8]",0.2778,0.60202676095463,0,0,0,0,2,1.02216388022429,340
"N[38,8]",0.2831,0.609888259513353,0,0,0,0,2,1.02407763748068,360
"N[39,8]",0.23075,0.545263120242656,0,0,0,0,2,1.01774399313445,460
"N[40,8]",1.97865,2.66799965012241,0,0,1,3,10,1.09621571389693,110
"N[41,8]",129.699725,191.333316155005,10,35,69,138,785,1.1015875695964,94
"N[42,8]",0.575475,1.00612068428483,0,0,0,1,3,1.04116829101292,200
"N[43,8]",0,0,0,0,0,0,0,1,1
"N[44,8]",0,0,0,0,0,0,0,1,1
"N[45,8]",0.6665,1.14545211663945,0,0,0,1,4,1.05523404484263,220
"N[46,8]",99.312425,134.415418212479,10,31,56,109,562,1.14679054827835,79
"N[47,8]",0,0,0,0,0,0,0,1,1
"N[48,8]",0.2283,0.544000467290893,0,0,0,0,2,1.02045988508434,420
"N[49,8]",0.228475,0.536452578434686,0,0,0,0,2,1.01830551536052,480
"N[50,8]",0.558275,0.987663106193242,0,0,0,1,3,1.04953148576322,240
"N[51,8]",0,0,0,0,0,0,0,1,1
"N[52,8]",0,0,0,0,0,0,0,1,1
"N[53,8]",1.665675,2.36632453008237,0,0,1,2,8,1.10734587674727,120
"N[54,8]",0,0,0,0,0,0,0,1,1
"N[55,8]",0,0,0,0,0,0,0,1,1
"N[56,8]",0.370375,0.724989999681024,0,0,0,1,2,1.03406385404283,290
"N[57,8]",0,0,0,0,0,0,0,1,1
"N[58,8]",0,0,0,0,0,0,0,1,1
"N[59,8]",0,0,0,0,0,0,0,1,1
"N[60,8]",0,0,0,0,0,0,0,1,1
"N[61,8]",0,0,0,0,0,0,0,1,1
"N[62,8]",0,0,0,0,0,0,0,1,1
"N[63,8]",0,0,0,0,0,0,0,1,1
"N[64,8]",0,0,0,0,0,0,0,1,1
"N[65,8]",0,0,0,0,0,0,0,1,1
"N[66,8]",0,0,0,0,0,0,0,1,1
"N[67,8]",0,0,0,0,0,0,0,1,1
"N[68,8]",218.339625,340.274378107094,20,60,114,225,1170.02498958919,1.01676387056692,250
"N[69,8]",0,0,0,0,0,0,0,1,1
"N[70,8]",0.4214,0.792267462536046,0,0,0,1,3,1.03642105503503,270
"N[71,8]",0.384125,0.747319842201894,0,0,0,1,2,1.03317176205543,280
"N[72,8]",8.43235,10.8882109322851,0,3,5,10,37.0250000000015,1.1717461021606,82
"N[73,8]",0.1706,0.465619007372445,0,0,0,0,1,1.01586001880351,620
"N[74,8]",1.22725,1.76394025540283,0,0,1,2,6,1.07606813286998,120
"N[75,8]",0,0,0,0,0,0,0,1,1
"N[76,8]",0,0,0,0,0,0,0,1,1
"N[77,8]",0,0,0,0,0,0,0,1,1
"N[78,8]",0,0,0,0,0,0,0,1,1
"N[79,8]",0,0,0,0,0,0,0,1,1
"N[80,8]",0.597375,1.02366708784285,0,0,0,1,3,1.04051308677608,200
"alpha",-0.984317381259542,0.817753452998715,-2.45844175650584,-1.53832676390244,-1.03960768282075,-0.486732517769546,0.959798607231182,1.02725911327973,200
"beta",1.55880036506728,0.195171803449974,1.19513125882732,1.42642485172725,1.55360445688608,1.68367956594692,1.97500565085084,1.0041882904867,780
"deviance",489.90992790393,9.121388382384,472.684290103822,483.777689119244,489.612142976417,495.736120039776,508.71131033576,1.00163169781744,3700
"eta[1]",-7.60530272113747,1.40686055673197,-10.7510851151713,-8.44849632534346,-7.47801014871832,-6.62472927510975,-5.19476875512747,1.01043520373284,330
"eta[2]",-6.7234504308538,1.53835422783328,-10.0422220862285,-7.64671385441276,-6.62541644777016,-5.67632374817248,-3.98727546890492,1.00756436736472,460
"eta[3]",-6.69947483955469,1.54085542465711,-10.0554522686792,-7.62903807563403,-6.59165136229643,-5.65624886949103,-3.95879328568664,1.00682715389017,500
"eta[4]",-6.66222773487026,1.54541930495101,-9.98209318837492,-7.60834291145778,-6.57225666549474,-5.61532805252742,-3.85954926265796,1.00761184606719,420
"eta[5]",-4.68970240464092,0.985309208367428,-6.79262967811983,-5.32068972808954,-4.62795115255969,-4.00434294704723,-2.90598015484707,1.01421234115673,290
"eta[6]",-6.67108820954615,1.5570045270563,-10.0161467267814,-7.62465664712522,-6.56942805039445,-5.63174200768643,-3.8618326344603,1.00761142440245,450
"eta[7]",-6.65436327458803,1.56298561918024,-10.0277969699271,-7.60470223867959,-6.55558314873445,-5.60858373509797,-3.8305145934535,1.00677419577829,510
"eta[8]",-6.6542306570994,1.54917125269761,-9.97011247988504,-7.5924814172606,-6.56816109342212,-5.61687799279692,-3.84857696417353,1.00596812375839,570
"eta[9]",-6.67336960380191,1.5547277679635,-10.0282753420812,-7.62512493406666,-6.57423414877776,-5.62641063855887,-3.88909122004808,1.00733176001826,460
"eta[10]",-5.7661587772275,1.05221692796106,-8.01285956951391,-6.43071893313938,-5.70065126649924,-5.03252694635921,-3.88252074381094,1.01407689529419,300
"eta[11]",-6.67961026012329,1.55865717162004,-10.019550976965,-7.6261100765629,-6.58357781794257,-5.63292287779262,-3.85637606717898,1.00675864618227,480
"eta[12]",-6.86112063613489,1.48940272155041,-10.1000514002011,-7.76612743968275,-6.74878195527224,-5.83485096669213,-4.25221616326509,1.00836876889672,430
"eta[13]",-6.71857193818724,1.53249304005424,-10.0412593197277,-7.63416058011307,-6.61485160146212,-5.68921608850126,-3.99756698648272,1.0074290316472,420
"eta[14]",-6.82232645798633,1.50890261868923,-10.1346145900334,-7.73520661710026,-6.70371026180104,-5.78917361070675,-4.21019649711913,1.0094717694262,360
"eta[15]",-7.63221783066882,1.40876821233259,-10.7550553085231,-8.48726322722294,-7.50648378885771,-6.63911986369654,-5.2144503130604,1.00876124869215,390
"eta[16]",-6.87827054591721,1.4949215385007,-10.1105992151483,-7.78016626244839,-6.76766098960347,-5.85619154025448,-4.25581062769614,1.00701054247556,490
"eta[17]",-6.67245519943331,1.56004143320324,-10.0008856851528,-7.62306040217033,-6.58201014224252,-5.61909494436918,-3.82433395569676,1.00748191790617,450
"eta[18]",-7.76596237267634,1.43151332677265,-10.9016597229106,-8.62706971029261,-7.65712748088528,-6.77185301762122,-5.28691270563708,1.01112435794254,310
"eta[19]",-6.73629084091889,1.53333826209504,-10.0879399133436,-7.66170378727363,-6.63827895361839,-5.70572346094651,-4.0034997866167,1.00676529643043,520
"eta[20]",-6.67006456164876,1.54680640572393,-9.9849570210858,-7.60438225694653,-6.57357043424016,-5.63650921944698,-3.89491575344332,1.0063132534108,540
"eta[21]",-6.67621724094391,1.55095265646504,-10.0016518266789,-7.61317179155428,-6.58816532028942,-5.64463288322625,-3.85137747823058,1.00662034034039,480
"eta[22]",-6.71806843786667,1.5421873573568,-10.036418010952,-7.64083881127632,-6.62355196396588,-5.68148507344411,-3.96014406091267,1.00801878770564,430
"eta[23]",-6.75319129900565,1.52458933404369,-10.0641323793275,-7.66991069011786,-6.63730796743232,-5.72346890809606,-4.05581398982178,1.00746916591255,430
"eta[24]",-6.67100655867549,1.55865279347278,-9.98397270534718,-7.61821057085113,-6.58247714288096,-5.61996013104304,-3.84718299061044,1.00646475721571,580
"eta[25]",-6.66264019584281,1.55957875165202,-10.0308792841587,-7.607710807289,-6.56859985493198,-5.61924595165472,-3.85219087782749,1.00760336285186,480
"eta[26]",-6.65781713567613,1.56204002817965,-10.034281488191,-7.59665618080357,-6.55159545752133,-5.6079875297534,-3.84966037825732,1.00675009828382,520
"eta[27]",-6.66091663827686,1.55821847336803,-10.0221047388179,-7.59941258608343,-6.57102446739097,-5.62146888719026,-3.83518552547056,1.00790924999973,450
"eta[28]",-6.65972147880647,1.55029963740222,-9.97416337578836,-7.60908799146895,-6.56166150557933,-5.613126488527,-3.85302024745982,1.00709183185745,470
"eta[29]",-6.65659816864709,1.54633408523914,-9.96419661532848,-7.59575297380209,-6.55858369843968,-5.63127504683974,-3.86313999071282,1.0067733066923,510
"eta[30]",-5.25764284630488,0.884324319717379,-7.21990285026257,-5.80619240835118,-5.19080669174608,-4.63864107368012,-3.71970461919785,1.02194429797831,220
"eta[31]",-6.7986429091635,1.50945375451896,-10.0682728176728,-7.72257766708308,-6.6813805882555,-5.76494160134585,-4.16154943263173,1.00800578146694,430
"eta[32]",-6.67097427908597,1.56689447236728,-10.0171298392114,-7.62364271379543,-6.57917168867105,-5.61921999065363,-3.83625030808361,1.00609061910782,550
"eta[33]",-6.94438091050852,1.48124573647859,-10.1867195877283,-7.83281753620807,-6.82439469207621,-5.91923505649443,-4.37171000054984,1.00958256515972,360
"eta[34]",-6.66816554178823,1.55997394397893,-9.99645906065291,-7.62110333035403,-6.56212876776026,-5.61808769488804,-3.87579458955234,1.00725116801752,480
"eta[35]",-6.74146639997463,1.53214064806231,-10.0225380068856,-7.66765878551554,-6.6377182649722,-5.69143761218742,-4.05005101139536,1.00678765202082,510
"eta[36]",-6.83027196910859,1.50509222117599,-10.0938345708194,-7.73708051518394,-6.70866970758572,-5.79842084209494,-4.20478618760008,1.00733293833107,450
"eta[37]",-6.44090339552229,1.18109044126775,-8.99812529194258,-7.17449669691652,-6.3589405031033,-5.62069749911858,-4.35318381365912,1.01269971110422,300
"eta[38]",-6.81951638544379,1.51066285679902,-10.1282181823419,-7.72670237058195,-6.69316816535565,-5.78626548304996,-4.16676523186649,1.00630456766107,550
"eta[39]",-6.95262618291965,1.20750366446123,-9.55351236154013,-7.69875104787397,-6.86514777437918,-6.10857740686801,-4.8104006718025,1.01414085180479,280
"eta[40]",-6.83597913514778,1.49962664964465,-10.1135312147196,-7.74388764933148,-6.71603179410014,-5.80947772248933,-4.2191038378485,1.00699402053024,500
"eta[41]",-7.98987243456813,1.44074053010231,-11.1186507538202,-8.86732431727015,-7.87145590822358,-6.99565532680092,-5.46290900236776,1.01121706240565,330
"eta[42]",-6.80902154193806,1.50710933137568,-10.0652610263161,-7.72681139633034,-6.69585832339341,-5.77180731966652,-4.16204282430286,1.00761059647556,440
"eta[43]",-7.11471781493976,1.44809823247112,-10.3469315820273,-7.99372009529745,-6.9839894361604,-6.11365495870445,-4.63660206282345,1.0077899086266,460
"eta[44]",-6.64795635897449,1.56153108315834,-10.0162827651624,-7.58263273275372,-6.55743417874054,-5.61473497493399,-3.78367344715961,1.00613487612016,570
"eta[45]",-6.08942113874626,1.06714270801594,-8.35499004431616,-6.76242642088159,-6.03034340563556,-5.35193368392942,-4.16072065039714,1.01327045000282,310
"eta[46]",-6.20675367757092,0.916943414518041,-8.28872674082665,-6.7738633225307,-6.14045501670076,-5.56578192704941,-4.59598819769765,1.02485148482428,190
"eta[47]",-6.6747630952383,1.55327314304249,-10.0067829788846,-7.61556160604656,-6.57641561752972,-5.62879312886055,-3.86968214365485,1.00689569148375,500
"eta[48]",-6.71068645556994,1.53920129941816,-10.069383938013,-7.64039330511377,-6.60457546296473,-5.67860163981116,-3.93962461782929,1.0078857284977,410
"eta[49]",-6.73591039252372,1.54779119006113,-10.0869500699345,-7.67707291481831,-6.62836477986786,-5.68312260025389,-4.00695872315056,1.007992716695,430
"eta[50]",-6.94422474154035,1.48569865542324,-10.2342255755615,-7.82445503450289,-6.8180300586283,-5.92347562531317,-4.38932356153846,1.00709658668329,490
"eta[51]",-6.6760548852124,1.55657214555269,-10.031606243101,-7.61777174166963,-6.58496120384181,-5.62560081132293,-3.85820394644578,1.00632165551469,510
"eta[52]",-6.84532650475122,1.07629280032734,-9.16591845493212,-7.52154196444837,-6.77639349279273,-6.09263348749612,-4.92746664124723,1.01402014069104,280
"eta[53]",-6.46646309028788,1.19458700149431,-9.0379786852407,-7.21739762005716,-6.39141916351309,-5.64233813613465,-4.33383268656687,1.0108253146399,370
"eta[54]",-6.72511917143659,1.53135321658571,-10.0548649240611,-7.65160452813006,-6.6240699070694,-5.69709332167216,-3.97654892788307,1.00586362049286,600
"eta[55]",-6.66731159763055,1.55206915688928,-9.993478712693,-7.6169339912629,-6.57003433082139,-5.62802334529338,-3.86070652398019,1.00633772121684,560
"eta[56]",-6.79397733733707,1.51042665214268,-10.0778032504235,-7.69768024762219,-6.6911526815698,-5.76302155119924,-4.11264767086938,1.00683569745292,500
"eta[57]",-6.66552861372427,1.5661942403764,-10.0367104672517,-7.62670230651175,-6.56388229882043,-5.60849260733309,-3.8347880131775,1.00692862407215,530
"eta[58]",-6.66043146938975,1.55484541860773,-9.98627629942361,-7.61007809721774,-6.56492861191354,-5.60791972810108,-3.85189121640636,1.00644852376322,510
"eta[59]",-6.65456876401482,1.5452944968978,-9.970548616052,-7.59997047284153,-6.57297744780383,-5.61456994933324,-3.83629712375183,1.00553546115395,650
"eta[60]",-6.66051257023329,1.55119534531692,-9.97572135052342,-7.61702521170664,-6.57126155148745,-5.62462213889844,-3.84880048331781,1.00689170464217,500
"eta[61]",-6.66369682109065,1.55847993999908,-10.0295100708429,-7.6031185363231,-6.56911043287282,-5.62204441945888,-3.853791020954,1.00577525100282,590
"eta[62]",-6.66510517839955,1.56048535436524,-9.97713809691224,-7.61861207249624,-6.56580491373442,-5.61680807453669,-3.83429666117236,1.00738577437241,460
"eta[63]",-7.06292817609642,1.47491360796617,-10.3280473913297,-7.93264143116035,-6.93373370490054,-6.04585188756261,-4.52672005596443,1.00922943460828,390
"eta[64]",-6.6668143171229,1.54773265799656,-9.98210751489197,-7.60762675572921,-6.57891376248212,-5.63488608717815,-3.83108854198331,1.00610002566142,550
"eta[65]",-6.65664111631591,1.56062104363008,-9.9870823577407,-7.59900766192772,-6.56102584151779,-5.61739033838346,-3.82021213078561,1.00672146833693,520
"eta[66]",-6.67136087879054,1.54699687243765,-9.95955638534399,-7.62199888726932,-6.57467778131719,-5.6444012765153,-3.83887735455402,1.0052922177658,690
"eta[67]",-6.90530953019348,1.49532693566982,-10.2141281742336,-7.79589943314793,-6.77950820421981,-5.87512143828968,-4.31961388795656,1.00889825111268,400
"eta[68]",-6.61209902161681,1.01860797206982,-8.88192475199073,-7.2363772121672,-6.53971954716054,-5.90251974485298,-4.81217528277403,1.01629602034264,250
"eta[69]",-6.67100758145616,1.56727771903802,-10.0439231210703,-7.61433666430723,-6.58146295092382,-5.62213684725833,-3.84696306790522,1.00620055031301,540
"eta[70]",-6.36747148563487,1.18187312745627,-8.92660072980495,-7.1005285144165,-6.28469168623879,-5.54922671227905,-4.27519051468838,1.01213319814385,330
"eta[71]",-7.10871961060746,1.44769993258776,-10.3050316826025,-7.97478779372075,-6.98986314904411,-6.09047684322306,-4.63685539925026,1.00768572652879,450
"eta[72]",-5.92618380639246,0.919158066848053,-8.02537476840263,-6.48150449975961,-5.84848476088214,-5.27590037365681,-4.34872440414153,1.0233463066934,190
"eta[73]",-5.18265635229914,1.06980804230616,-7.44233420752304,-5.87064556820069,-5.12500354218293,-4.42649808592987,-3.26550943886715,1.00916817495397,440
"eta[74]",-6.87404503701076,1.49290501855497,-10.1281700124674,-7.77966431022646,-6.74949810483608,-5.84734307567005,-4.26891733855621,1.00688086375703,480
"eta[75]",-6.66173734153425,1.55249035216352,-9.9824999867464,-7.60731787360001,-6.56636905139581,-5.62018449643903,-3.87057903513541,1.00641476183189,540
"eta[76]",-6.6735895532477,1.5537034393489,-10.0337103270523,-7.62525034691261,-6.58521104634187,-5.63348239211399,-3.8663063966851,1.00606291240638,560
"eta[77]",-6.66280221624272,1.55932881543026,-10.0060600100243,-7.61872057427456,-6.56310751367017,-5.62135890073903,-3.83054749867628,1.00646208940218,570
"eta[78]",-6.66747856987803,1.5505756589702,-10.008753492832,-7.60282581117376,-6.5619819631835,-5.6184673654695,-3.87789168775081,1.00595494250695,610
"eta[79]",-6.67088062218956,1.55619287529892,-10.0002965703221,-7.6166411886132,-6.57473778233065,-5.62601622103028,-3.82246783892383,1.00718243271254,450
"eta[80]",-6.9520249322437,1.18990916878371,-9.51441962911061,-7.68531918294888,-6.87053162943426,-6.13295359922244,-4.81085203709919,1.01425454888622,270
"gamma",1.73883334000933,0.937693644017615,-0.132653478482948,1.10786191449722,1.76337303230725,2.38664610314582,3.49359904613004,1.0036846814927,920
"lambda[1,1]",0.911513299022697,0.957034402775348,0.157537374291748,0.376966497924869,0.611895077228084,1.04462934224042,4.19875150503786,1.03009898831898,190
"lambda[2,1]",0,0,0,0,0,0,0,1,1
"lambda[3,1]",0,0,0,0,0,0,0,1,1
"lambda[4,1]",0,0,0,0,0,0,0,1,1
"lambda[5,1]",0.180784262991087,0.211670634724561,0.0225073318072156,0.0641290595847498,0.111362042738718,0.204117924569565,0.861209742941256,1.02032451973847,240
"lambda[6,1]",0,0,0,0,0,0,0,1,1
"lambda[7,1]",0,0,0,0,0,0,0,1,1
"lambda[8,1]",0,0,0,0,0,0,0,1,1
"lambda[9,1]",0,0,0,0,0,0,0,1,1
"lambda[10,1]",11.5946449495582,13.520245578754,1.95764606574794,4.49118568589493,7.38953680074012,13.2465359532639,63.1530362565941,1.03375163603512,150
"lambda[11,1]",0,0,0,0,0,0,0,1,1
"lambda[12,1]",0,0,0,0,0,0,0,1,1
"lambda[13,1]",0,0,0,0,0,0,0,1,1
"lambda[14,1]",0,0,0,0,0,0,0,1,1
"lambda[15,1]",0,0,0,0,0,0,0,1,1
"lambda[16,1]",0,0,0,0,0,0,0,1,1
"lambda[17,1]",0,0,0,0,0,0,0,1,1
"lambda[18,1]",3.81966879691389,4.769892814417,0.47748062695981,1.30980431748313,2.34030536881847,4.22439717487695,21.1671122748611,1.0265125228871,170
"lambda[19,1]",0,0,0,0,0,0,0,1,1
"lambda[20,1]",0,0,0,0,0,0,0,1,1
"lambda[21,1]",0,0,0,0,0,0,0,1,1
"lambda[22,1]",0,0,0,0,0,0,0,1,1
"lambda[23,1]",0,0,0,0,0,0,0,1,1
"lambda[24,1]",0,0,0,0,0,0,0,1,1
"lambda[25,1]",0,0,0,0,0,0,0,1,1
"lambda[26,1]",0,0,0,0,0,0,0,1,1
"lambda[27,1]",0,0,0,0,0,0,0,1,1
"lambda[28,1]",0,0,0,0,0,0,0,1,1
"lambda[29,1]",0,0,0,0,0,0,0,1,1
"lambda[30,1]",8.79267609307576,10.5117682093229,1.49218938717438,3.40246845483048,5.69226412345391,9.8508576239427,37.3444538112094,1.02924044881967,190
"lambda[31,1]",0,0,0,0,0,0,0,1,1
"lambda[32,1]",0,0,0,0,0,0,0,1,1
"lambda[33,1]",0,0,0,0,0,0,0,1,1
"lambda[34,1]",0,0,0,0,0,0,0,1,1
"lambda[35,1]",0,0,0,0,0,0,0,1,1
"lambda[36,1]",0.279311001179677,0.29296361925145,0.0433258816629854,0.111218371974935,0.18682875474043,0.322362985776605,1.2832622547229,1.02510907840736,230
"lambda[37,1]",2.48091760711753,2.69967317593398,0.437058584635684,1.00830252232121,1.63926727599697,2.84548451382989,12.3151001521496,1.03280806178835,170
"lambda[38,1]",0,0,0,0,0,0,0,1,1
"lambda[39,1]",0,0,0,0,0,0,0,1,1
"lambda[40,1]",0.238332267891235,0.255986024246941,0.0353456253538094,0.092502303581273,0.156778423986223,0.273657660263347,1.11732334949681,1.0239640690581,230
"lambda[41,1]",0.205221695529031,0.229236351416375,0.0281898170154812,0.0763101218087986,0.130728914564772,0.23405105771809,0.963945409850113,1.0221969023045,230
"lambda[42,1]",0.205221695529031,0.229236351416375,0.0281898170154812,0.0763101218087986,0.130728914564772,0.23405105771809,0.963945409850113,1.0221969023045,230
"lambda[43,1]",0,0,0,0,0,0,0,1,1
"lambda[44,1]",0,0,0,0,0,0,0,1,1
"lambda[45,1]",0,0,0,0,0,0,0,1,1
"lambda[46,1]",4.39440680198421,4.88178470682746,0.802299068166063,1.79780252582442,2.91047301135005,5.00841614918046,20.9822345541635,1.03356373271675,170
"lambda[47,1]",0,0,0,0,0,0,0,1,1
"lambda[48,1]",0,0,0,0,0,0,0,1,1
"lambda[49,1]",0,0,0,0,0,0,0,1,1
"lambda[50,1]",0,0,0,0,0,0,0,1,1
"lambda[51,1]",0,0,0,0,0,0,0,1,1
"lambda[52,1]",16.8153754084033,22.1823385232612,2.34778588054846,5.92477350351055,10.2780856816569,18.5583462262604,73.302826838913,1.02236329843334,230
"lambda[53,1]",1.73488755065883,1.97928231853993,0.257449333468764,0.672190849757329,1.14351681746859,1.9713326318505,7.02960216529425,1.02419374507972,240
"lambda[54,1]",0,0,0,0,0,0,0,1,1
"lambda[55,1]",0,0,0,0,0,0,0,1,1
"lambda[56,1]",0,0,0,0,0,0,0,1,1
"lambda[57,1]",0,0,0,0,0,0,0,1,1
"lambda[58,1]",0,0,0,0,0,0,0,1,1
"lambda[59,1]",0,0,0,0,0,0,0,1,1
"lambda[60,1]",0,0,0,0,0,0,0,1,1
"lambda[61,1]",0,0,0,0,0,0,0,1,1
"lambda[62,1]",0,0,0,0,0,0,0,1,1
"lambda[63,1]",0,0,0,0,0,0,0,1,1
"lambda[64,1]",0,0,0,0,0,0,0,1,1
"lambda[65,1]",0,0,0,0,0,0,0,1,1
"lambda[66,1]",0,0,0,0,0,0,0,1,1
"lambda[67,1]",0,0,0,0,0,0,0,1,1
"lambda[68,1]",1.08080003426537,1.3788517681232,0.0969183194677545,0.337994054913838,0.642842449494315,1.24149637791035,4.87142032956547,1.01366595367923,390
"lambda[69,1]",0,0,0,0,0,0,0,1,1
"lambda[70,1]",0,0,0,0,0,0,0,1,1
"lambda[71,1]",0,0,0,0,0,0,0,1,1
"lambda[72,1]",30.2957176436444,38.4152661810392,4.82341075902868,11.1218757026015,18.8076113646615,33.4723598409526,140.010428293034,1.028962412661,180
"lambda[73,1]",0,0,0,0,0,0,0,1,1
"lambda[74,1]",0.231139433642937,0.249916140874169,0.0340211079257989,0.0890795794540374,0.151143489797629,0.265456338416185,1.08640807460005,1.02365082024306,230
"lambda[75,1]",0,0,0,0,0,0,0,1,1
"lambda[76,1]",0,0,0,0,0,0,0,1,1
"lambda[77,1]",0,0,0,0,0,0,0,1,1
"lambda[78,1]",0,0,0,0,0,0,0,1,1
"lambda[79,1]",0,0,0,0,0,0,0,1,1
"lambda[80,1]",12.0594298136073,15.0756588096481,1.57348432627897,4.15547016865846,7.43382734682147,13.3737450637128,69.5720473656138,1.02940246777226,160
"lambda[1,2]",0,0,0,0,0,0,0,1,1
"lambda[2,2]",0.180784262991087,0.211670634724561,0.0225073318072156,0.0641290595847498,0.111362042738718,0.204117924569565,0.861209742941256,1.02032451973847,240
"lambda[3,2]",0.942916210621972,0.990284788112912,0.163341685289853,0.389902958099598,0.633388420948603,1.08052792383576,4.2771323590954,1.03012647473112,190
"lambda[4,2]",0,0,0,0,0,0,0,1,1
"lambda[5,2]",0.180784262991087,0.211670634724561,0.0225073318072156,0.0641290595847498,0.111362042738718,0.204117924569565,0.861209742941256,1.02032451973847,240
"lambda[6,2]",0,0,0,0,0,0,0,1,1
"lambda[7,2]",0,0,0,0,0,0,0,1,1
"lambda[8,2]",0,0,0,0,0,0,0,1,1
"lambda[9,2]",0,0,0,0,0,0,0,1,1
"lambda[10,2]",0,0,0,0,0,0,0,1,1
"lambda[11,2]",0,0,0,0,0,0,0,1,1
"lambda[12,2]",0,0,0,0,0,0,0,1,1
"lambda[13,2]",0,0,0,0,0,0,0,1,1
"lambda[14,2]",2.52588645323298,2.94511682445388,0.364374970054634,0.93985116542835,1.60525698239321,2.85454195472809,13.5594835235756,1.02867319190338,170
"lambda[15,2]",11.2140764746831,14.8983060883525,1.42752276093815,3.85873071909472,6.80231237716733,12.4491569391443,49.2728567685424,1.01988591521837,260
"lambda[16,2]",0,0,0,0,0,0,0,1,1
"lambda[17,2]",0,0,0,0,0,0,0,1,1
"lambda[18,2]",19.2836549622049,26.3081201003267,2.04268491973212,5.87606197630174,11.2457917139349,20.7354939685226,113.302982878567,1.02625445725493,160
"lambda[19,2]",0.527405103066149,0.616905166603246,0.0694630220297978,0.191310461775383,0.328333583717746,0.591212112600352,2.62693386142738,1.02341797271321,200
"lambda[20,2]",0,0,0,0,0,0,0,1,1
"lambda[21,2]",0,0,0,0,0,0,0,1,1
"lambda[22,2]",0,0,0,0,0,0,0,1,1
"lambda[23,2]",0.231139433642937,0.249916140874169,0.0340211079257989,0.0890795794540374,0.151143489797629,0.265456338416185,1.08640807460005,1.02365082024306,230
"lambda[24,2]",0,0,0,0,0,0,0,1,1
"lambda[25,2]",0,0,0,0,0,0,0,1,1
"lambda[26,2]",0,0,0,0,0,0,0,1,1
"lambda[27,2]",0,0,0,0,0,0,0,1,1
"lambda[28,2]",0,0,0,0,0,0,0,1,1
"lambda[29,2]",0,0,0,0,0,0,0,1,1
"lambda[30,2]",0,0,0,0,0,0,0,1,1
"lambda[31,2]",0,0,0,0,0,0,0,1,1
"lambda[32,2]",0,0,0,0,0,0,0,1,1
"lambda[33,2]",0,0,0,0,0,0,0,1,1
"lambda[34,2]",0,0,0,0,0,0,0,1,1
"lambda[35,2]",0,0,0,0,0,0,0,1,1
"lambda[36,2]",0.811920235515572,0.856077007530707,0.138140049472514,0.333239136126669,0.542208956240215,0.928212678693346,3.88169756876335,1.0296224168492,190
"lambda[37,2]",12.4584120187667,14.6655093798937,2.02059082091994,4.73855120763811,7.8656446458351,14.2603161762087,68.8428403130956,1.03326811292269,150
"lambda[38,2]",0,0,0,0,0,0,0,1,1
"lambda[39,2]",4.99927876960597,5.77346872322873,0.780860119785149,1.90624965899805,3.20924993676303,5.70952941623231,27.0314536514606,1.03159495203244,160
"lambda[40,2]",0.238332267891235,0.255986024246941,0.0353456253538094,0.092502303581273,0.156778423986223,0.273657660263347,1.11732334949681,1.0239640690581,230
"lambda[41,2]",5.35238508224808,6.46458237179342,0.737972486747084,1.91823787516292,3.36020690168252,5.98748944326322,29.6996819528381,1.02912919227123,160
"lambda[42,2]",0.205221695529031,0.229236351416375,0.0281898170154812,0.0763101218087986,0.130728914564772,0.23405105771809,0.963945409850113,1.0221969023045,230
"lambda[43,2]",0.811920235515572,0.856077007530707,0.138140049472514,0.333239136126669,0.542208956240215,0.928212678693346,3.88169756876335,1.0296224168492,190
"lambda[44,2]",0,0,0,0,0,0,0,1,1
"lambda[45,2]",0.704398069215705,0.813980142774471,0.0840465958450223,0.253497796764972,0.453295495430604,0.81700480098606,2.93062187143146,1.01845292901039,320
"lambda[46,2]",9.28396521826714,10.6922168082326,1.65791504712543,3.68494838818714,6.00184610638456,10.5518985698381,47.7806192311708,1.03385633563249,160
"lambda[47,2]",0,0,0,0,0,0,0,1,1
"lambda[48,2]",0,0,0,0,0,0,0,1,1
"lambda[49,2]",0,0,0,0,0,0,0,1,1
"lambda[50,2]",0,0,0,0,0,0,0,1,1
"lambda[51,2]",0,0,0,0,0,0,0,1,1
"lambda[52,2]",2.3598995302238,2.88622263846599,0.293915117135332,0.843215644991323,1.4981996851678,2.6801230266742,9.96066641937696,1.01950792408819,290
"lambda[53,2]",25.5165766669077,32.5472559066844,4.03500084070678,9.33129310449863,15.8853911685496,28.1177187520193,115.280104340017,1.02762480182719,190
"lambda[54,2]",1.14327955431002,1.21591453485279,0.19548719221914,0.470382112260628,0.769388181871544,1.31127880935992,4.84410008922203,1.02938049652855,200
"lambda[55,2]",0,0,0,0,0,0,0,1,1
"lambda[56,2]",1.12292992901297,1.1920401216887,0.193016537835268,0.462559543157483,0.75538674865793,1.2874136203514,4.78477553796355,1.02950975895638,200
"lambda[57,2]",0,0,0,0,0,0,0,1,1
"lambda[58,2]",0,0,0,0,0,0,0,1,1
"lambda[59,2]",0,0,0,0,0,0,0,1,1
"lambda[60,2]",0,0,0,0,0,0,0,1,1
"lambda[61,2]",0,0,0,0,0,0,0,1,1
"lambda[62,2]",0,0,0,0,0,0,0,1,1
"lambda[63,2]",0,0,0,0,0,0,0,1,1
"lambda[64,2]",0,0,0,0,0,0,0,1,1
"lambda[65,2]",0,0,0,0,0,0,0,1,1
"lambda[66,2]",0,0,0,0,0,0,0,1,1
"lambda[67,2]",0,0,0,0,0,0,0,1,1
"lambda[68,2]",39.2785268001914,56.5571405981254,4.48605638069984,12.3961048367506,22.4229958701992,42.4829791112551,186.313493453642,1.01812559919651,250
"lambda[69,2]",0,0,0,0,0,0,0,1,1
"lambda[70,2]",2.39728406316765,2.63802200533492,0.41945825946014,0.977224722418471,1.60504548171078,2.71692384339352,9.96600291131181,1.03039970775152,190
"lambda[71,2]",0,0,0,0,0,0,0,1,1
"lambda[72,2]",19.8632335826004,24.675998485853,3.26874774050306,7.45797752464989,12.5352084807702,22.0531263936652,90.0437127656246,1.02929258362012,180
"lambda[73,2]",0.564980066743128,0.64317759522295,0.0787418518131992,0.211333189046261,0.358084933519705,0.636826851949688,2.81856509461253,1.02473917741283,200
"lambda[74,2]",0.231139433642937,0.249916140874169,0.0340211079257989,0.0890795794540374,0.151143489797629,0.265456338416185,1.08640807460005,1.02365082024306,230
"lambda[75,2]",0,0,0,0,0,0,0,1,1
"lambda[76,2]",0,0,0,0,0,0,0,1,1
"lambda[77,2]",0,0,0,0,0,0,0,1,1
"lambda[78,2]",0,0,0,0,0,0,0,1,1
"lambda[79,2]",0,0,0,0,0,0,0,1,1
"lambda[80,2]",9.19948949465878,11.327055853588,1.23855342653263,3.23311319853322,5.71657164104676,10.2298289271468,52.2131630022751,1.02956548767738,160
"lambda[1,3]",0.911513299022697,0.957034402775348,0.157537374291748,0.376966497924869,0.611895077228084,1.04462934224042,4.19875150503786,1.03009898831898,190
"lambda[2,3]",0,0,0,0,0,0,0,1,1
"lambda[3,3]",0,0,0,0,0,0,0,1,1
"lambda[4,3]",0,0,0,0,0,0,0,1,1
"lambda[5,3]",0.527405103066149,0.616905166603246,0.0694630220297978,0.191310461775383,0.328333583717746,0.591212112600352,2.62693386142738,1.02341797271321,200
"lambda[6,3]",0,0,0,0,0,0,0,1,1
"lambda[7,3]",0,0,0,0,0,0,0,1,1
"lambda[8,3]",0,0,0,0,0,0,0,1,1
"lambda[9,3]",0,0,0,0,0,0,0,1,1
"lambda[10,3]",0,0,0,0,0,0,0,1,1
"lambda[11,3]",0,0,0,0,0,0,0,1,1
"lambda[12,3]",3.13151414658783,3.61895009416256,0.496901405288744,1.22610696947296,2.05868093573021,3.5371044726272,12.58610460276,1.02656349735678,220
"lambda[13,3]",0.188432429222097,0.216945539855083,0.0242288394094131,0.0680970441818726,0.117568604904545,0.213390310436435,0.892684034098179,1.02096438398626,230
"lambda[14,3]",0.205221695529031,0.229236351416375,0.0281898170154812,0.0763101218087986,0.130728914564772,0.23405105771809,0.963945409850113,1.0221969023045,230
"lambda[15,3]",0,0,0,0,0,0,0,1,1
"lambda[16,3]",0,0,0,0,0,0,0,1,1
"lambda[17,3]",0,0,0,0,0,0,0,1,1
"lambda[18,3]",6.782576825763,8.72003890168678,0.816336074646393,2.24655837229199,4.10863724599395,7.43762088132384,38.7294020120537,1.02666854085795,170
"lambda[19,3]",0.527405103066149,0.616905166603246,0.0694630220297978,0.191310461775383,0.328333583717746,0.591212112600352,2.62693386142738,1.02341797271321,200
"lambda[20,3]",0,0,0,0,0,0,0,1,1
"lambda[21,3]",0,0,0,0,0,0,0,1,1
"lambda[22,3]",0,0,0,0,0,0,0,1,1
"lambda[23,3]",0.231139433642937,0.249916140874169,0.0340211079257989,0.0890795794540374,0.151143489797629,0.265456338416185,1.08640807460005,1.02365082024306,230
"lambda[24,3]",0,0,0,0,0,0,0,1,1
"lambda[25,3]",0,0,0,0,0,0,0,1,1
"lambda[26,3]",0,0,0,0,0,0,0,1,1
"lambda[27,3]",0,0,0,0,0,0,0,1,1
"lambda[28,3]",0,0,0,0,0,0,0,1,1
"lambda[29,3]",0,0,0,0,0,0,0,1,1
"lambda[30,3]",6.58820170864367,7.77491576915671,1.11537165969454,2.57213955689735,4.29498973579291,7.38542954463694,27.2069618557371,1.02897208747999,190
"lambda[31,3]",0,0,0,0,0,0,0,1,1
"lambda[32,3]",0,0,0,0,0,0,0,1,1
"lambda[33,3]",5.66702790540263,6.73910723401026,0.818273588565838,2.07414521397191,3.59409035979153,6.38296854942735,31.1856217182898,1.03018280264446,160
"lambda[34,3]",0,0,0,0,0,0,0,1,1
"lambda[35,3]",0.693573884935958,0.746407353318244,0.111168135566254,0.276912757561015,0.454828832620401,0.792187913762849,3.38668714462094,1.02805338761191,190
"lambda[36,3]",0,0,0,0,0,0,0,1,1
"lambda[37,3]",10.6843421142112,12.4725519556063,1.76177109779774,4.09347260759291,6.77425671650816,12.2474709578136,59.0729403539295,1.03340844640588,150
"lambda[38,3]",0,0,0,0,0,0,0,1,1
"lambda[39,3]",75.3663935665944,101.853562881914,8.43161014600163,23.3330997419018,42.857707388196,82.6364352869693,449.032140735742,1.02837507382869,160
"lambda[40,3]",0,0,0,0,0,0,0,1,1
"lambda[41,3]",2.52588645323298,2.94511682445388,0.364374970054634,0.93985116542835,1.60525698239321,2.85454195472809,13.5594835235756,1.02867319190338,170
"lambda[42,3]",1.77336675736504,2.03880461945534,0.257780323336803,0.668820361673828,1.13188342609499,2.00445191220907,9.33815558727603,1.02820591294752,170
"lambda[43,3]",0,0,0,0,0,0,0,1,1
"lambda[44,3]",0,0,0,0,0,0,0,1,1
"lambda[45,3]",0,0,0,0,0,0,0,1,1
"lambda[46,3]",1.04601334046684,1.10366256029962,0.181375125381658,0.431917238670622,0.704054729944428,1.19904762131312,4.56536407954442,1.02990635783628,200
"lambda[47,3]",0,0,0,0,0,0,0,1,1
"lambda[48,3]",0,0,0,0,0,0,0,1,1
"lambda[49,3]",0,0,0,0,0,0,0,1,1
"lambda[50,3]",0,0,0,0,0,0,0,1,1
"lambda[51,3]",0,0,0,0,0,0,0,1,1
"lambda[52,3]",39.8048366698789,54.5283324976607,5.40119668132821,13.4281251490348,23.6569377563766,43.2805952656233,180.297869776228,1.02241696936612,220
"lambda[53,3]",3.25779843204398,3.79642568356275,0.507475162235849,1.26472291810188,2.13741136395034,3.67128622820784,13.1472800825346,1.02591358856661,220
"lambda[54,3]",0,0,0,0,0,0,0,1,1
"lambda[55,3]",0,0,0,0,0,0,0,1,1
"lambda[56,3]",0,0,0,0,0,0,0,1,1
"lambda[57,3]",0,0,0,0,0,0,0,1,1
"lambda[58,3]",0,0,0,0,0,0,0,1,1
"lambda[59,3]",0,0,0,0,0,0,0,1,1
"lambda[60,3]",0,0,0,0,0,0,0,1,1
"lambda[61,3]",0,0,0,0,0,0,0,1,1
"lambda[62,3]",0,0,0,0,0,0,0,1,1
"lambda[63,3]",0,0,0,0,0,0,0,1,1
"lambda[64,3]",0,0,0,0,0,0,0,1,1
"lambda[65,3]",0,0,0,0,0,0,0,1,1
"lambda[66,3]",0,0,0,0,0,0,0,1,1
"lambda[67,3]",0,0,0,0,0,0,0,1,1
"lambda[68,3]",45.7573286756119,66.304121445396,5.21344798602236,14.3328169459503,26.0121964592347,49.2987986046577,218.807459820819,1.01813511749868,250
"lambda[69,3]",0,0,0,0,0,0,0,1,1
"lambda[70,3]",9.13007417289048,10.6467443207714,1.62614807339232,3.6163894048511,5.92708845553003,10.2646787074663,42.4708370596932,1.03230920789974,170
"lambda[71,3]",0,0,0,0,0,0,0,1,1
"lambda[72,3]",2.95308014442898,3.37216164793519,0.479249039893533,1.16870456461715,1.95226637003189,3.33774840506072,11.8488131593469,1.02750381570072,210
"lambda[73,3]",0.193799216412875,0.220771637729483,0.0255665096548665,0.0707709155111299,0.12192120285129,0.220087564423615,0.918014087373071,1.02138402001655,230
"lambda[74,3]",2.83802729650097,3.21432994234333,0.446679982374809,1.09704999209839,1.83188944054711,3.23173514989792,14.9049335092037,1.03077738797301,160
"lambda[75,3]",0,0,0,0,0,0,0,1,1
"lambda[76,3]",0,0,0,0,0,0,0,1,1
"lambda[77,3]",0,0,0,0,0,0,0,1,1
"lambda[78,3]",0,0,0,0,0,0,0,1,1
"lambda[79,3]",0,0,0,0,0,0,0,1,1
"lambda[80,3]",4.4450978764367,5.26874082292299,0.635895310129971,1.62990152675932,2.81974276662935,4.99962587701716,24.2892685648519,1.02961363600028,160
"lambda[1,4]",30.0408690424737,36.9289298089151,4.54336338589578,10.9797587572579,18.4665798696584,34.0799223186995,166.586478330059,1.03235885911952,150
"lambda[2,4]",0.180784262991087,0.211670634724561,0.0225073318072156,0.0641290595847498,0.111362042738718,0.204117924569565,0.861209742941256,1.02032451973847,240
"lambda[3,4]",0,0,0,0,0,0,0,1,1
"lambda[4,4]",0,0,0,0,0,0,0,1,1
"lambda[5,4]",6.782576825763,8.72003890168678,0.816336074646393,2.24655837229199,4.10863724599395,7.43762088132384,38.7294020120537,1.02666854085795,170
"lambda[6,4]",0,0,0,0,0,0,0,1,1
"lambda[7,4]",0,0,0,0,0,0,0,1,1
"lambda[8,4]",0,0,0,0,0,0,0,1,1
"lambda[9,4]",0,0,0,0,0,0,0,1,1
"lambda[10,4]",0,0,0,0,0,0,0,1,1
"lambda[11,4]",0,0,0,0,0,0,0,1,1
"lambda[12,4]",0.5755536093294,0.638002490530289,0.0767952369132636,0.216992260769137,0.37819860512594,0.668317473725302,2.35571310476484,1.02092950497119,290
"lambda[13,4]",0.188432429222097,0.216945539855083,0.0242288394094131,0.0680970441818726,0.117568604904545,0.213390310436435,0.892684034098179,1.02096438398626,230
"lambda[14,4]",0.597960781173153,0.667807878421503,0.0873012626877765,0.22808764743117,0.383294743473231,0.677934200974571,2.96805495464854,1.02576593054338,190
"lambda[15,4]",64.7539409659553,92.6548099809085,7.98455648211156,20.6498797408365,37.1578978065862,69.1914458829041,306.729950999321,1.02027455738839,230
"lambda[16,4]",0,0,0,0,0,0,0,1,1
"lambda[17,4]",0,0,0,0,0,0,0,1,1
"lambda[18,4]",2.23164160788974,2.72068435992161,0.288492629208566,0.784257520955339,1.37514062065904,2.48496407511897,12.057497525896,1.02607151208279,170
"lambda[19,4]",0,0,0,0,0,0,0,1,1
"lambda[20,4]",0,0,0,0,0,0,0,1,1
"lambda[21,4]",0,0,0,0,0,0,0,1,1
"lambda[22,4]",0.180784262991087,0.211670634724561,0.0225073318072156,0.0641290595847498,0.111362042738718,0.204117924569565,0.861209742941256,1.02032451973847,240
"lambda[23,4]",0.67280214917507,0.728496650442408,0.105938001163656,0.266499064467078,0.438941251688216,0.76652850338528,3.29039390363615,1.02764051805669,190
"lambda[24,4]",0,0,0,0,0,0,0,1,1
"lambda[25,4]",0,0,0,0,0,0,0,1,1
"lambda[26,4]",0,0,0,0,0,0,0,1,1
"lambda[27,4]",0,0,0,0,0,0,0,1,1
"lambda[28,4]",0,0,0,0,0,0,0,1,1
"lambda[29,4]",0,0,0,0,0,0,0,1,1
"lambda[30,4]",6.58820170864367,7.77491576915671,1.11537165969454,2.57213955689735,4.29498973579291,7.38542954463694,27.2069618557371,1.02897208747999,190
"lambda[31,4]",0.5755536093294,0.638002490530289,0.0767952369132636,0.216992260769137,0.37819860512594,0.668317473725302,2.35571310476484,1.02092950497119,290
"lambda[32,4]",0,0,0,0,0,0,0,1,1
"lambda[33,4]",1.19418069242058,1.33060092954911,0.183504915006908,0.463742993662391,0.770186567304897,1.35385271395639,6.06750270952779,1.02842245569453,180
"lambda[34,4]",0,0,0,0,0,0,0,1,1
"lambda[35,4]",0.238332267891235,0.255986024246941,0.0353456253538094,0.092502303581273,0.156778423986223,0.273657660263347,1.11732334949681,1.0239640690581,230
"lambda[36,4]",1.52802804520089,1.63818816675015,0.265518654882666,0.625155038823729,1.01582002950129,1.7483272800234,7.46390501631243,1.0315946386641,180
"lambda[37,4]",0.288628207767616,0.301887898832488,0.045201629275043,0.115291648222635,0.193337385327403,0.333005124139866,1.31911919854919,1.02523929345464,230
"lambda[38,4]",2.5217571304049,2.74260475629247,0.446456192245626,1.02712938042012,1.66912300609257,2.89302520396581,12.4417827580375,1.03290652674997,170
"lambda[39,4]",2.92466048280377,3.29392817010704,0.468869830224202,1.13819600819778,1.89064304073386,3.33311033842192,15.3442181026128,1.03124646276536,160
"lambda[40,4]",0.238332267891235,0.255986024246941,0.0353456253538094,0.092502303581273,0.156778423986223,0.273657660263347,1.11732334949681,1.0239640690581,230
"lambda[41,4]",0,0,0,0,0,0,0,1,1
"lambda[42,4]",0.205221695529031,0.229236351416375,0.0281898170154812,0.0763101218087986,0.130728914564772,0.23405105771809,0.963945409850113,1.0221969023045,230
"lambda[43,4]",3.41823556784143,3.78172788656952,0.593924371118913,1.36843666251124,2.23146481604277,3.93258395238494,17.7158965419277,1.03307157388217,160
"lambda[44,4]",0,0,0,0,0,0,0,1,1
"lambda[45,4]",17.9922138081619,23.1907864934495,2.70320517186702,6.53144770426322,11.1858539267695,19.8817392948146,78.2234560730244,1.02495086620303,210
"lambda[46,4]",22.8544831298028,27.6007266977517,3.7483358879415,8.6552477354542,14.3167668520541,25.7195143758908,121.610890544488,1.03295373625429,160
"lambda[47,4]",0,0,0,0,0,0,0,1,1
"lambda[48,4]",0,0,0,0,0,0,0,1,1
"lambda[49,4]",0.238332267891235,0.255986024246941,0.0353456253538094,0.092502303581273,0.156778423986223,0.273657660263347,1.11732334949681,1.0239640690581,230
"lambda[50,4]",0,0,0,0,0,0,0,1,1
"lambda[51,4]",0,0,0,0,0,0,0,1,1
"lambda[52,4]",0,0,0,0,0,0,0,1,1
"lambda[53,4]",0,0,0,0,0,0,0,1,1
"lambda[54,4]",0.394041376959919,0.413482446008305,0.0602599785585536,0.157070503488256,0.263945551662363,0.456256703177038,1.65929567807781,1.02468338982333,250
"lambda[55,4]",0,0,0,0,0,0,0,1,1
"lambda[56,4]",0.386995501012417,0.405497502722224,0.0596062310550047,0.154617640157453,0.259166624716958,0.447357253183759,1.63586701392184,1.02479562805648,250
"lambda[57,4]",0,0,0,0,0,0,0,1,1
"lambda[58,4]",0,0,0,0,0,0,0,1,1
"lambda[59,4]",0,0,0,0,0,0,0,1,1
"lambda[60,4]",0,0,0,0,0,0,0,1,1
"lambda[61,4]",0,0,0,0,0,0,0,1,1
"lambda[62,4]",0,0,0,0,0,0,0,1,1
"lambda[63,4]",0.261851533204025,0.276736140445778,0.0402433590564221,0.103429471301949,0.174250752475,0.301622485882915,1.21826619138613,1.02474415385765,230
"lambda[64,4]",0,0,0,0,0,0,0,1,1
"lambda[65,4]",0,0,0,0,0,0,0,1,1
"lambda[66,4]",0,0,0,0,0,0,0,1,1
"lambda[67,4]",0,0,0,0,0,0,0,1,1
"lambda[68,4]",1.08080003426537,1.3788517681232,0.0969183194677545,0.337994054913838,0.642842449494315,1.24149637791035,4.87142032956547,1.01366595367923,390
"lambda[69,4]",0,0,0,0,0,0,0,1,1
"lambda[70,4]",2.39728406316765,2.63802200533492,0.41945825946014,0.977224722418471,1.60504548171078,2.71692384339352,9.96600291131181,1.03039970775152,190
"lambda[71,4]",0,0,0,0,0,0,0,1,1
"lambda[72,4]",23.1487730500209,28.9711739846383,3.77485572665778,8.62066020769721,14.5361065910503,25.6121997126368,105.350544877784,1.0291977198712,180
"lambda[73,4]",0.564980066743128,0.64317759522295,0.0787418518131992,0.211333189046261,0.358084933519705,0.636826851949688,2.81856509461253,1.02473917741283,200
"lambda[74,4]",0.231139433642937,0.249916140874169,0.0340211079257989,0.0890795794540374,0.151143489797629,0.265456338416185,1.08640807460005,1.02365082024306,230
"lambda[75,4]",0,0,0,0,0,0,0,1,1
"lambda[76,4]",0,0,0,0,0,0,0,1,1
"lambda[77,4]",0,0,0,0,0,0,0,1,1
"lambda[78,4]",0,0,0,0,0,0,0,1,1
"lambda[79,4]",0,0,0,0,0,0,0,1,1
"lambda[80,4]",12.0594298136073,15.0756588096481,1.57348432627897,4.15547016865846,7.43382734682147,13.3737450637128,69.5720473656138,1.02940246777226,160
"lambda[1,5]",5.12040701589009,5.7273353907532,0.917384171014913,2.05839235247671,3.34764520588656,5.87442035738,26.3800925124336,1.03391548470344,160
"lambda[2,5]",0.527405103066149,0.616905166603246,0.0694630220297978,0.191310461775383,0.328333583717746,0.591212112600352,2.62693386142738,1.02341797271321,200
"lambda[3,5]",0,0,0,0,0,0,0,1,1
"lambda[4,5]",0,0,0,0,0,0,0,1,1
"lambda[5,5]",0.527405103066149,0.616905166603246,0.0694630220297978,0.191310461775383,0.328333583717746,0.591212112600352,2.62693386142738,1.02341797271321,200
"lambda[6,5]",0,0,0,0,0,0,0,1,1
"lambda[7,5]",0,0,0,0,0,0,0,1,1
"lambda[8,5]",0,0,0,0,0,0,0,1,1
"lambda[9,5]",0,0,0,0,0,0,0,1,1
"lambda[10,5]",0,0,0,0,0,0,0,1,1
"lambda[11,5]",0,0,0,0,0,0,0,1,1
"lambda[12,5]",0,0,0,0,0,0,0,1,1
"lambda[13,5]",0,0,0,0,0,0,0,1,1
"lambda[14,5]",0.205221695529031,0.229236351416375,0.0281898170154812,0.0763101218087986,0.130728914564772,0.23405105771809,0.963945409850113,1.0221969023045,230
"lambda[15,5]",0,0,0,0,0,0,0,1,1
"lambda[16,5]",0,0,0,0,0,0,0,1,1
"lambda[17,5]",0,0,0,0,0,0,0,1,1
"lambda[18,5]",24.5327142134319,33.9587270189594,2.51657493171401,7.31433560555121,14.1234736342874,26.2790306520579,144.893785592223,1.02605823208058,160
"lambda[19,5]",0,0,0,0,0,0,0,1,1
"lambda[20,5]",0,0,0,0,0,0,0,1,1
"lambda[21,5]",0,0,0,0,0,0,0,1,1
"lambda[22,5]",0.180784262991087,0.211670634724561,0.0225073318072156,0.0641290595847498,0.111362042738718,0.204117924569565,0.861209742941256,1.02032451973847,240
"lambda[23,5]",0.231139433642937,0.249916140874169,0.0340211079257989,0.0890795794540374,0.151143489797629,0.265456338416185,1.08640807460005,1.02365082024306,230
"lambda[24,5]",0,0,0,0,0,0,0,1,1
"lambda[25,5]",0,0,0,0,0,0,0,1,1
"lambda[26,5]",0,0,0,0,0,0,0,1,1
"lambda[27,5]",0,0,0,0,0,0,0,1,1
"lambda[28,5]",0,0,0,0,0,0,0,1,1
"lambda[29,5]",0,0,0,0,0,0,0,1,1
"lambda[30,5]",46.7649447129014,60.5728639486004,7.13671047478247,16.7285977906613,28.4907640976813,51.3748129495999,220.773318413327,1.0284234284492,170
"lambda[31,5]",0,0,0,0,0,0,0,1,1
"lambda[32,5]",0,0,0,0,0,0,0,1,1
"lambda[33,5]",1.19418069242058,1.33060092954911,0.183504915006908,0.463742993662391,0.770186567304897,1.35385271395639,6.06750270952779,1.02842245569453,180
"lambda[34,5]",0,0,0,0,0,0,0,1,1
"lambda[35,5]",0,0,0,0,0,0,0,1,1
"lambda[36,5]",0.279311001179677,0.29296361925145,0.0433258816629854,0.111218371974935,0.18682875474043,0.322362985776605,1.2832622547229,1.02510907840736,230
"lambda[37,5]",1.57846526859198,1.68931113791768,0.27719422047837,0.648728597131623,1.05303285987876,1.8056786320013,7.64476801042199,1.03181669578797,180
"lambda[38,5]",0,0,0,0,0,0,0,1,1
"lambda[39,5]",0.238332267891235,0.255986024246941,0.0353456253538094,0.092502303581273,0.156778423986223,0.273657660263347,1.11732334949681,1.0239640690581,230
"lambda[40,5]",0.238332267891235,0.255986024246941,0.0353456253538094,0.092502303581273,0.156778423986223,0.273657660263347,1.11732334949681,1.0239640690581,230
"lambda[41,5]",7.66664087796793,9.43611498010346,1.02711803433325,2.68903367795891,4.76402446979166,8.5174362366563,43.2248797558989,1.02910953578696,160
"lambda[42,5]",0.205221695529031,0.229236351416375,0.0281898170154812,0.0763101218087986,0.130728914564772,0.23405105771809,0.963945409850113,1.0221969023045,230
"lambda[43,5]",8.73423341090851,10.1196048466409,1.4406892199589,3.36363171981939,5.56701545799944,10.0269845882532,47.9665090900474,1.03329997233893,150
"lambda[44,5]",0,0,0,0,0,0,0,1,1
"lambda[45,5]",0,0,0,0,0,0,0,1,1
"lambda[46,5]",58.8088186817071,74.8328497826252,8.49649001272564,20.7378090870728,35.2017065908496,65.0709285535393,321.975939980637,1.03103901871364,160
"lambda[47,5]",0,0,0,0,0,0,0,1,1
"lambda[48,5]",0,0,0,0,0,0,0,1,1
"lambda[49,5]",0,0,0,0,0,0,0,1,1
"lambda[50,5]",0,0,0,0,0,0,0,1,1
"lambda[51,5]",0,0,0,0,0,0,0,1,1
"lambda[52,5]",0,0,0,0,0,0,0,1,1
"lambda[53,5]",0,0,0,0,0,0,0,1,1
"lambda[54,5]",0,0,0,0,0,0,0,1,1
"lambda[55,5]",0,0,0,0,0,0,0,1,1
"lambda[56,5]",0,0,0,0,0,0,0,1,1
"lambda[57,5]",0,0,0,0,0,0,0,1,1
"lambda[58,5]",0,0,0,0,0,0,0,1,1
"lambda[59,5]",0,0,0,0,0,0,0,1,1
"lambda[60,5]",0,0,0,0,0,0,0,1,1
"lambda[61,5]",0,0,0,0,0,0,0,1,1
"lambda[62,5]",0,0,0,0,0,0,0,1,1
"lambda[63,5]",11.3300788632241,13.4264170447283,1.76218727949511,4.24131575648922,7.15739901734138,12.9261664244119,63.7110955651893,1.03250260454751,150
"lambda[64,5]",0,0,0,0,0,0,0,1,1
"lambda[65,5]",0,0,0,0,0,0,0,1,1
"lambda[66,5]",0,0,0,0,0,0,0,1,1
"lambda[67,5]",0.394041376959919,0.413482446008305,0.0602599785585536,0.157070503488256,0.263945551662363,0.456256703177038,1.65929567807781,1.02468338982333,250
"lambda[68,5]",1.08080003426537,1.3788517681232,0.0969183194677545,0.337994054913838,0.642842449494315,1.24149637791035,4.87142032956547,1.01366595367923,390
"lambda[69,5]",0,0,0,0,0,0,0,1,1
"lambda[70,5]",7.14478740876471,8.23499937395889,1.27718561108011,2.85463849049304,4.68134197003742,8.0543604358575,32.4469576830389,1.0322135017161,170
"lambda[71,5]",0,0,0,0,0,0,0,1,1
"lambda[72,5]",248.072809782242,348.897549269854,30.4046528713924,77.3353900721403,137.586802460084,261.982838724998,1291.47898125395,1.02528847213934,180
"lambda[73,5]",2.38833927234523,2.83627162697184,0.328490684717127,0.867577573625942,1.49725560288152,2.68204271861267,12.9951530055854,1.02753222620243,170
"lambda[74,5]",0,0,0,0,0,0,0,1,1
"lambda[75,5]",0,0,0,0,0,0,0,1,1
"lambda[76,5]",0,0,0,0,0,0,0,1,1
"lambda[77,5]",0,0,0,0,0,0,0,1,1
"lambda[78,5]",0,0,0,0,0,0,0,1,1
"lambda[79,5]",0,0,0,0,0,0,0,1,1
"lambda[80,5]",1.15988211316556,1.30254624230175,0.174144165577696,0.446527652816155,0.745637928523309,1.31365366667238,5.90972815660279,1.02790225716927,180
"lambda[1,6]",13.5186973847227,15.8947309152497,2.24759371389246,5.19864669110207,8.57154892934675,15.4258436507079,73.8951460652718,1.03360133865246,150
"lambda[2,6]",0,0,0,0,0,0,0,1,1
"lambda[3,6]",0,0,0,0,0,0,0,1,1
"lambda[4,6]",0,0,0,0,0,0,0,1,1
"lambda[5,6]",3.81966879691389,4.769892814417,0.47748062695981,1.30980431748313,2.34030536881847,4.22439717487695,21.1671122748611,1.0265125228871,170
"lambda[6,6]",0,0,0,0,0,0,0,1,1
"lambda[7,6]",0,0,0,0,0,0,0,1,1
"lambda[8,6]",0,0,0,0,0,0,0,1,1
"lambda[9,6]",0,0,0,0,0,0,0,1,1
"lambda[10,6]",0.313794617342947,0.326842666685515,0.0493108110492964,0.125919066543174,0.210811191181431,0.36159726794961,1.40348037198702,1.025401256115,230
"lambda[11,6]",0,0,0,0,0,0,0,1,1
"lambda[12,6]",0.5755536093294,0.638002490530289,0.0767952369132636,0.216992260769137,0.37819860512594,0.668317473725302,2.35571310476484,1.02092950497119,290
"lambda[13,6]",0.549485266276213,0.632101825191401,0.0752627809385016,0.202969732045498,0.345830828015881,0.617983155740522,2.74157235790767,1.02421376789456,200
"lambda[14,6]",0.205221695529031,0.229236351416375,0.0281898170154812,0.0763101218087986,0.130728914564772,0.23405105771809,0.963945409850113,1.0221969023045,230
"lambda[15,6]",0.927081371576165,1.14057299574642,0.0921688633005333,0.306634102952844,0.569356501620398,1.06912079245655,4.02929252780093,1.01525086015516,370
"lambda[16,6]",3.12643055587432,4.08890978916692,0.323799092463069,1.01556932945313,1.88280018159568,3.52684108374849,13.8847848585668,1.01573143977138,330
"lambda[17,6]",0,0,0,0,0,0,0,1,1
"lambda[18,6]",11.7078129588204,15.513218949761,1.32501238844528,3.72487963004638,6.96375441442957,12.7042930552234,68.2902286391399,1.02655076006635,160
"lambda[19,6]",0.180784262991087,0.211670634724561,0.0225073318072156,0.0641290595847498,0.111362042738718,0.204117924569565,0.861209742941256,1.02032451973847,240
"lambda[20,6]",0,0,0,0,0,0,0,1,1
"lambda[21,6]",0,0,0,0,0,0,0,1,1
"lambda[22,6]",0.527405103066149,0.616905166603246,0.0694630220297978,0.191310461775383,0.328333583717746,0.591212112600352,2.62693386142738,1.02341797271321,200
"lambda[23,6]",0.231139433642937,0.249916140874169,0.0340211079257989,0.0890795794540374,0.151143489797629,0.265456338416185,1.08640807460005,1.02365082024306,230
"lambda[24,6]",0,0,0,0,0,0,0,1,1
"lambda[25,6]",0,0,0,0,0,0,0,1,1
"lambda[26,6]",0,0,0,0,0,0,0,1,1
"lambda[27,6]",0,0,0,0,0,0,0,1,1
"lambda[28,6]",0,0,0,0,0,0,0,1,1
"lambda[29,6]",0,0,0,0,0,0,0,1,1
"lambda[30,6]",0,0,0,0,0,0,0,1,1
"lambda[31,6]",0.5755536093294,0.638002490530289,0.0767952369132636,0.216992260769137,0.37819860512594,0.668317473725302,2.35571310476484,1.02092950497119,290
"lambda[32,6]",0,0,0,0,0,0,0,1,1
"lambda[33,6]",0,0,0,0,0,0,0,1,1
"lambda[34,6]",0,0,0,0,0,0,0,1,1
"lambda[35,6]",0.238332267891235,0.255986024246941,0.0353456253538094,0.092502303581273,0.156778423986223,0.273657660263347,1.11732334949681,1.0239640690581,230
"lambda[36,6]",0.279311001179677,0.29296361925145,0.0433258816629854,0.111218371974935,0.18682875474043,0.322362985776605,1.2832622547229,1.02510907840736,230
"lambda[37,6]",0.288628207767616,0.301887898832488,0.045201629275043,0.115291648222635,0.193337385327403,0.333005124139866,1.31911919854919,1.02523929345464,230
"lambda[38,6]",0.293442169265131,0.306567489294509,0.0460492680732652,0.117441182626644,0.196848591724214,0.338577895979012,1.33490573778753,1.02529066803775,230
"lambda[39,6]",0,0,0,0,0,0,0,1,1
"lambda[40,6]",0.693573884935958,0.746407353318244,0.111168135566254,0.276912757561015,0.454828832620401,0.792187913762849,3.38668714462094,1.02805338761191,190
"lambda[41,6]",25.651263642287,33.8520862840485,2.97482300721998,8.1857647455392,15.1954334589385,27.9877231515745,152.835431598423,1.0281639820641,160
"lambda[42,6]",0.205221695529031,0.229236351416375,0.0281898170154812,0.0763101218087986,0.130728914564772,0.23405105771809,0.963945409850113,1.0221969023045,230
"lambda[43,6]",0.811920235515572,0.856077007530707,0.138140049472514,0.333239136126669,0.542208956240215,0.928212678693346,3.88169756876335,1.0296224168492,190
"lambda[44,6]",0,0,0,0,0,0,0,1,1
"lambda[45,6]",14.5456500897825,18.5710478186224,2.1875863696184,5.31640010257105,9.09526886213495,16.1314625555522,62.7786621407347,1.02488590709958,210
"lambda[46,6]",55.0013610442008,69.7255896026433,8.02889406176238,19.5073668336684,33.0593634482752,60.9497434905307,298.852380362154,1.03119501682225,160
"lambda[47,6]",0,0,0,0,0,0,0,1,1
"lambda[48,6]",0,0,0,0,0,0,0,1,1
"lambda[49,6]",0.238332267891235,0.255986024246941,0.0353456253538094,0.092502303581273,0.156778423986223,0.273657660263347,1.11732334949681,1.0239640690581,230
"lambda[50,6]",9.32164164051239,11.2758094191914,1.54837537451272,3.57105408716506,6.00280007897158,10.410926164203,39.4085087128604,1.02826309194449,190
"lambda[51,6]",0,0,0,0,0,0,0,1,1
"lambda[52,6]",9.86992950564908,12.7285445855867,1.35983261045452,3.52858375739265,6.10714596243031,11.0046437476232,42.2153415304724,1.02196869137816,240
"lambda[53,6]",0.598888786657676,0.669015336147767,0.0782885157188254,0.224222386620358,0.392142493363864,0.69466638861791,2.46744908798516,1.02044754801895,290
"lambda[54,6]",0,0,0,0,0,0,0,1,1
"lambda[55,6]",0,0,0,0,0,0,0,1,1
"lambda[56,6]",0,0,0,0,0,0,0,1,1
"lambda[57,6]",0,0,0,0,0,0,0,1,1
"lambda[58,6]",0,0,0,0,0,0,0,1,1
"lambda[59,6]",0,0,0,0,0,0,0,1,1
"lambda[60,6]",0,0,0,0,0,0,0,1,1
"lambda[61,6]",0,0,0,0,0,0,0,1,1
"lambda[62,6]",0,0,0,0,0,0,0,1,1
"lambda[63,6]",0,0,0,0,0,0,0,1,1
"lambda[64,6]",0,0,0,0,0,0,0,1,1
"lambda[65,6]",0,0,0,0,0,0,0,1,1
"lambda[66,6]",0,0,0,0,0,0,0,1,1
"lambda[67,6]",0,0,0,0,0,0,0,1,1
"lambda[68,6]",404.372576342876,640.410775172001,38.5351040572126,108.733651395741,205.548776509275,409.362753583083,2242.61063465648,1.0171360678487,240
"lambda[69,6]",0,0,0,0,0,0,0,1,1
"lambda[70,6]",0.439893544471418,0.466968758661904,0.0654521659531005,0.173732378228938,0.293723890454175,0.510978044416084,1.81029530329082,1.02383175443386,260
"lambda[71,6]",0.394041376959919,0.413482446008305,0.0602599785585536,0.157070503488256,0.263945551662363,0.456256703177038,1.65929567807781,1.02468338982333,250
"lambda[72,6]",6.58820170864367,7.77491576915671,1.11537165969454,2.57213955689735,4.29498973579291,7.38542954463694,27.2069618557371,1.02897208747999,190
"lambda[73,6]",0.564980066743128,0.64317759522295,0.0787418518131992,0.211333189046261,0.358084933519705,0.636826851949688,2.81856509461253,1.02473917741283,200
"lambda[74,6]",0.231139433642937,0.249916140874169,0.0340211079257989,0.0890795794540374,0.151143489797629,0.265456338416185,1.08640807460005,1.02365082024306,230
"lambda[75,6]",0,0,0,0,0,0,0,1,1
"lambda[76,6]",0,0,0,0,0,0,0,1,1
"lambda[77,6]",0,0,0,0,0,0,0,1,1
"lambda[78,6]",0,0,0,0,0,0,0,1,1
"lambda[79,6]",0,0,0,0,0,0,0,1,1
"lambda[80,6]",4.4450978764367,5.26874082292299,0.635895310129971,1.62990152675932,2.81974276662935,4.99962587701716,24.2892685648519,1.02961363600028,160
"lambda[1,7]",3.83356517192009,4.23065352959604,0.690274577627033,1.56038135162561,2.52607523202417,4.40736853985735,19.2092386318895,1.03368118820555,160
"lambda[2,7]",0.180784262991087,0.211670634724561,0.0225073318072156,0.0641290595847498,0.111362042738718,0.204117924569565,0.861209742941256,1.02032451973847,240
"lambda[3,7]",0,0,0,0,0,0,0,1,1
"lambda[4,7]",0,0,0,0,0,0,0,1,1
"lambda[5,7]",1.56612409365103,1.88340079608316,0.204545742268703,0.558333161011044,0.968940435909477,1.75253439509165,8.29386674509286,1.02561585720386,180
"lambda[6,7]",0,0,0,0,0,0,0,1,1
"lambda[7,7]",0,0,0,0,0,0,0,1,1
"lambda[8,7]",0,0,0,0,0,0,0,1,1
"lambda[9,7]",0,0,0,0,0,0,0,1,1
"lambda[10,7]",0.313794617342947,0.326842666685515,0.0493108110492964,0.125919066543174,0.210811191181431,0.36159726794961,1.40348037198702,1.025401256115,230
"lambda[11,7]",0,0,0,0,0,0,0,1,1
"lambda[12,7]",0.5755536093294,0.638002490530289,0.0767952369132636,0.216992260769137,0.37819860512594,0.668317473725302,2.35571310476484,1.02092950497119,290
"lambda[13,7]",0.188432429222097,0.216945539855083,0.0242288394094131,0.0680970441818726,0.117568604904545,0.213390310436435,0.892684034098179,1.02096438398626,230
"lambda[14,7]",0.205221695529031,0.229236351416375,0.0281898170154812,0.0763101218087986,0.130728914564772,0.23405105771809,0.963945409850113,1.0221969023045,230
"lambda[15,7]",0.927081371576165,1.14057299574642,0.0921688633005333,0.306634102952844,0.569356501620398,1.06912079245655,4.02929252780093,1.01525086015516,370
"lambda[16,7]",0,0,0,0,0,0,0,1,1
"lambda[17,7]",0,0,0,0,0,0,0,1,1
"lambda[18,7]",1.56612409365103,1.88340079608316,0.204545742268703,0.558333161011044,0.968940435909477,1.75253439509165,8.29386674509286,1.02561585720386,180
"lambda[19,7]",0.180784262991087,0.211670634724561,0.0225073318072156,0.0641290595847498,0.111362042738718,0.204117924569565,0.861209742941256,1.02032451973847,240
"lambda[20,7]",0,0,0,0,0,0,0,1,1
"lambda[21,7]",0,0,0,0,0,0,0,1,1
"lambda[22,7]",0.180784262991087,0.211670634724561,0.0225073318072156,0.0641290595847498,0.111362042738718,0.204117924569565,0.861209742941256,1.02032451973847,240
"lambda[23,7]",0.231139433642937,0.249916140874169,0.0340211079257989,0.0890795794540374,0.151143489797629,0.265456338416185,1.08640807460005,1.02365082024306,230
"lambda[24,7]",0,0,0,0,0,0,0,1,1
"lambda[25,7]",0,0,0,0,0,0,0,1,1
"lambda[26,7]",0,0,0,0,0,0,0,1,1
"lambda[27,7]",0,0,0,0,0,0,0,1,1
"lambda[28,7]",0,0,0,0,0,0,0,1,1
"lambda[29,7]",0,0,0,0,0,0,0,1,1
"lambda[30,7]",0,0,0,0,0,0,0,1,1
"lambda[31,7]",1.66749742661467,1.88674921828369,0.252535387462581,0.650961007702788,1.10321051492462,1.89667213355478,6.73724196083452,1.02479476358802,240
"lambda[32,7]",0,0,0,0,0,0,0,1,1
"lambda[33,7]",0,0,0,0,0,0,0,1,1
"lambda[34,7]",0,0,0,0,0,0,0,1,1
"lambda[35,7]",0.238332267891235,0.255986024246941,0.0353456253538094,0.092502303581273,0.156778423986223,0.273657660263347,1.11732334949681,1.0239640690581,230
"lambda[36,7]",0.279311001179677,0.29296361925145,0.0433258816629854,0.111218371974935,0.18682875474043,0.322362985776605,1.2832622547229,1.02510907840736,230
"lambda[37,7]",0,0,0,0,0,0,0,1,1
"lambda[38,7]",0.293442169265131,0.306567489294509,0.0460492680732652,0.117441182626644,0.196848591724214,0.338577895979012,1.33490573778753,1.02529066803775,230
"lambda[39,7]",0,0,0,0,0,0,0,1,1
"lambda[40,7]",0.693573884935958,0.746407353318244,0.111168135566254,0.276912757561015,0.454828832620401,0.792187913762849,3.38668714462094,1.02805338761191,190
"lambda[41,7]",0.205221695529031,0.229236351416375,0.0281898170154812,0.0763101218087986,0.130728914564772,0.23405105771809,0.963945409850113,1.0221969023045,230
"lambda[42,7]",0,0,0,0,0,0,0,1,1
"lambda[43,7]",1.52802804520089,1.63818816675015,0.265518654882666,0.625155038823729,1.01582002950129,1.7483272800234,7.46390501631243,1.0315946386641,180
"lambda[44,7]",0,0,0,0,0,0,0,1,1
"lambda[45,7]",11.3882704113539,14.3837957237138,1.7133282416763,4.19184042541888,7.16986917028969,12.706161884801,48.71756363336,1.02474399485438,210
"lambda[46,7]",37.5416239048358,46.5894206472423,5.78175008851779,13.7424926191104,23.0530478766663,41.9236851698128,200.913489840282,1.03203498948795,160
"lambda[47,7]",0,0,0,0,0,0,0,1,1
"lambda[48,7]",0.693573884935958,0.746407353318244,0.111168135566254,0.276912757561015,0.454828832620401,0.792187913762849,3.38668714462094,1.02805338761191,190
"lambda[49,7]",0.693573884935958,0.746407353318244,0.111168135566254,0.276912757561015,0.454828832620401,0.792187913762849,3.38668714462094,1.02805338761191,190
"lambda[50,7]",0,0,0,0,0,0,0,1,1
"lambda[51,7]",0,0,0,0,0,0,0,1,1
"lambda[52,7]",57.0354768765112,79.3807723980967,7.57056882387118,18.8455431868877,33.4205963356451,61.3293297056449,265.014943841834,1.02225546740623,210
"lambda[53,7]",0.598888786657676,0.669015336147767,0.0782885157188254,0.224222386620358,0.392142493363864,0.69466638861791,2.46744908798516,1.02044754801895,290
"lambda[54,7]",0,0,0,0,0,0,0,1,1
"lambda[55,7]",0,0,0,0,0,0,0,1,1
"lambda[56,7]",1.12292992901297,1.1920401216887,0.193016537835268,0.462559543157483,0.75538674865793,1.2874136203514,4.78477553796355,1.02950975895638,200
"lambda[57,7]",0,0,0,0,0,0,0,1,1
"lambda[58,7]",0,0,0,0,0,0,0,1,1
"lambda[59,7]",0,0,0,0,0,0,0,1,1
"lambda[60,7]",0,0,0,0,0,0,0,1,1
"lambda[61,7]",0,0,0,0,0,0,0,1,1
"lambda[62,7]",0,0,0,0,0,0,0,1,1
"lambda[63,7]",0,0,0,0,0,0,0,1,1
"lambda[64,7]",0,0,0,0,0,0,0,1,1
"lambda[65,7]",0,0,0,0,0,0,0,1,1
"lambda[66,7]",0,0,0,0,0,0,0,1,1
"lambda[67,7]",6.40878995471221,7.27934689857901,1.16285873600207,2.58751546376504,4.21367083348991,7.25404417427564,30.5445201106708,1.03328051843514,170
"lambda[68,7]",92.2615276396348,137.623599434103,10.1201288971735,27.7250634709175,51.0101217023434,97.3122551404148,456.856763480766,1.01801518036812,240
"lambda[69,7]",0,0,0,0,0,0,0,1,1
"lambda[70,7]",0.439893544471418,0.466968758661904,0.0654521659531005,0.173732378228938,0.293723890454175,0.510978044416084,1.81029530329082,1.02383175443386,260
"lambda[71,7]",16.8982086989531,20.1482279028608,2.89469760150777,6.52348868804422,10.7117830293663,18.9287137018748,86.5391330447247,1.03299476376764,160
"lambda[72,7]",11.2332246060177,13.5821667692219,1.89592721326097,4.31864325772776,7.21866624326006,12.5379185797539,48.5512579660045,1.02936191766403,180
"lambda[73,7]",0.193799216412875,0.220771637729483,0.0255665096548665,0.0707709155111299,0.12192120285129,0.220087564423615,0.918014087373071,1.02138402001655,230
"lambda[74,7]",0.231139433642937,0.249916140874169,0.0340211079257989,0.0890795794540374,0.151143489797629,0.265456338416185,1.08640807460005,1.02365082024306,230
"lambda[75,7]",0,0,0,0,0,0,0,1,1
"lambda[76,7]",0,0,0,0,0,0,0,1,1
"lambda[77,7]",0,0,0,0,0,0,0,1,1
"lambda[78,7]",0,0,0,0,0,0,0,1,1
"lambda[79,7]",0,0,0,0,0,0,0,1,1
"lambda[80,7]",30.6295692222705,40.4673349567461,3.5548711878266,9.766918463036,18.073151504552,33.4617878496523,182.625578119333,1.02838706612491,160
"lambda[1,8]",13.5186973847227,15.8947309152497,2.24759371389246,5.19864669110207,8.57154892934675,15.4258436507079,73.8951460652718,1.03360133865246,150
"lambda[2,8]",0.180784262991087,0.211670634724561,0.0225073318072156,0.0641290595847498,0.111362042738718,0.204117924569565,0.861209742941256,1.02032451973847,240
"lambda[3,8]",0,0,0,0,0,0,0,1,1
"lambda[4,8]",0,0,0,0,0,0,0,1,1
"lambda[5,8]",0.994751371055198,1.17909023312838,0.130779456230141,0.359222828375789,0.618807639531632,1.11354081440173,5.149136731268,1.02484018334588,190
"lambda[6,8]",0,0,0,0,0,0,0,1,1
"lambda[7,8]",0,0,0,0,0,0,0,1,1
"lambda[8,8]",0,0,0,0,0,0,0,1,1
"lambda[9,8]",0,0,0,0,0,0,0,1,1
"lambda[10,8]",0.911513299022697,0.957034402775348,0.157537374291748,0.376966497924869,0.611895077228084,1.04462934224042,4.19875150503786,1.03009898831898,190
"lambda[11,8]",0,0,0,0,0,0,0,1,1
"lambda[12,8]",0.5755536093294,0.638002490530289,0.0767952369132636,0.216992260769137,0.37819860512594,0.668317473725302,2.35571310476484,1.02092950497119,290
"lambda[13,8]",0.188432429222097,0.216945539855083,0.0242288394094131,0.0680970441818726,0.117568604904545,0.213390310436435,0.892684034098179,1.02096438398626,230
"lambda[14,8]",0.597960781173153,0.667807878421503,0.0873012626877765,0.22808764743117,0.383294743473231,0.677934200974571,2.96805495464854,1.02576593054338,190
"lambda[15,8]",0.927081371576165,1.14057299574642,0.0921688633005333,0.306634102952844,0.569356501620398,1.06912079245655,4.02929252780093,1.01525086015516,370
"lambda[16,8]",3.12643055587432,4.08890978916692,0.323799092463069,1.01556932945313,1.88280018159568,3.52684108374849,13.8847848585668,1.01573143977138,330
"lambda[17,8]",0,0,0,0,0,0,0,1,1
"lambda[18,8]",34.3847906364523,48.5947148297259,3.34246835113052,9.95610548798836,19.3944823864928,36.7298141067087,204.510908213425,1.02573481229599,170
"lambda[19,8]",0.180784262991087,0.211670634724561,0.0225073318072156,0.0641290595847498,0.111362042738718,0.204117924569565,0.861209742941256,1.02032451973847,240
"lambda[20,8]",0,0,0,0,0,0,0,1,1
"lambda[21,8]",0,0,0,0,0,0,0,1,1
"lambda[22,8]",0,0,0,0,0,0,0,1,1
"lambda[23,8]",0.231139433642937,0.249916140874169,0.0340211079257989,0.0890795794540374,0.151143489797629,0.265456338416185,1.08640807460005,1.02365082024306,230
"lambda[24,8]",0,0,0,0,0,0,0,1,1
"lambda[25,8]",0,0,0,0,0,0,0,1,1
"lambda[26,8]",0,0,0,0,0,0,0,1,1
"lambda[27,8]",0,0,0,0,0,0,0,1,1
"lambda[28,8]",0,0,0,0,0,0,0,1,1
"lambda[29,8]",0,0,0,0,0,0,0,1,1
"lambda[30,8]",0,0,0,0,0,0,0,1,1
"lambda[31,8]",0.5755536093294,0.638002490530289,0.0767952369132636,0.216992260769137,0.37819860512594,0.668317473725302,2.35571310476484,1.02092950497119,290
"lambda[32,8]",0,0,0,0,0,0,0,1,1
"lambda[33,8]",0.217636250341894,0.238899558576055,0.0309625200011839,0.0823484231191152,0.140396013166395,0.248996528755974,1.02057475862355,1.02295904545726,230
"lambda[34,8]",0,0,0,0,0,0,0,1,1
"lambda[35,8]",0.238332267891235,0.255986024246941,0.0353456253538094,0.092502303581273,0.156778423986223,0.273657660263347,1.11732334949681,1.0239640690581,230
"lambda[36,8]",0.279311001179677,0.29296361925145,0.0433258816629854,0.111218371974935,0.18682875474043,0.322362985776605,1.2832622547229,1.02510907840736,230
"lambda[37,8]",0.288628207767616,0.301887898832488,0.045201629275043,0.115291648222635,0.193337385327403,0.333005124139866,1.31911919854919,1.02523929345464,230
"lambda[38,8]",0.293442169265131,0.306567489294509,0.0460492680732652,0.117441182626644,0.196848591724214,0.338577895979012,1.33490573778753,1.02529066803775,230
"lambda[39,8]",0.238332267891235,0.255986024246941,0.0353456253538094,0.092502303581273,0.156778423986223,0.273657660263347,1.11732334949681,1.0239640690581,230
"lambda[40,8]",2.05423112379581,2.28019546427584,0.333713801023196,0.809620689662612,1.33171320424129,2.34002822810396,10.5649432834277,1.0307657119635,170
"lambda[41,8]",130.531346349135,191.001966195875,11.5454398907084,35.440340569414,69.397898008885,138.455023600427,788.791239835027,1.025669768459,170
"lambda[42,8]",0.597960781173153,0.667807878421503,0.0873012626877765,0.22808764743117,0.383294743473231,0.677934200974571,2.96805495464854,1.02576593054338,190
"lambda[43,8]",0,0,0,0,0,0,0,1,1
"lambda[44,8]",0,0,0,0,0,0,0,1,1
"lambda[45,8]",0.704398069215705,0.813980142774471,0.0840465958450223,0.253497796764972,0.453295495430604,0.81700480098606,2.93062187143146,1.01845292901039,320
"lambda[46,8]",102.3343474516,134.36396961841,13.5681786893114,34.3379291052842,59.4254617576772,111.810708531625,564.237317823229,1.0296807985871,160
"lambda[47,8]",0,0,0,0,0,0,0,1,1
"lambda[48,8]",0.238332267891235,0.255986024246941,0.0353456253538094,0.092502303581273,0.156778423986223,0.273657660263347,1.11732334949681,1.0239640690581,230
"lambda[49,8]",0.238332267891235,0.255986024246941,0.0353456253538094,0.092502303581273,0.156778423986223,0.273657660263347,1.11732334949681,1.0239640690581,230
"lambda[50,8]",0.5755536093294,0.638002490530289,0.0767952369132636,0.216992260769137,0.37819860512594,0.668317473725302,2.35571310476484,1.02092950497119,290
"lambda[51,8]",0,0,0,0,0,0,0,1,1
"lambda[52,8]",0,0,0,0,0,0,0,1,1
"lambda[53,8]",1.73488755065883,1.97928231853993,0.257449333468764,0.672190849757329,1.14351681746859,1.9713326318505,7.02960216529425,1.02419374507972,240
"lambda[54,8]",0,0,0,0,0,0,0,1,1
"lambda[55,8]",0,0,0,0,0,0,0,1,1
"lambda[56,8]",0.386995501012417,0.405497502722224,0.0596062310550047,0.154617640157453,0.259166624716958,0.447357253183759,1.63586701392184,1.02479562805648,250
"lambda[57,8]",0,0,0,0,0,0,0,1,1
"lambda[58,8]",0,0,0,0,0,0,0,1,1
"lambda[59,8]",0,0,0,0,0,0,0,1,1
"lambda[60,8]",0,0,0,0,0,0,0,1,1
"lambda[61,8]",0,0,0,0,0,0,0,1,1
"lambda[62,8]",0,0,0,0,0,0,0,1,1
"lambda[63,8]",0,0,0,0,0,0,0,1,1
"lambda[64,8]",0,0,0,0,0,0,0,1,1
"lambda[65,8]",0,0,0,0,0,0,0,1,1
"lambda[66,8]",0,0,0,0,0,0,0,1,1
"lambda[67,8]",0,0,0,0,0,0,0,1,1
"lambda[68,8]",220.04829379408,340.084242472588,22.4207372130942,62.2804652547013,116.251657822657,226.114195321121,1163.22133638297,1.01757270818418,240
"lambda[69,8]",0,0,0,0,0,0,0,1,1
"lambda[70,8]",0.439893544471418,0.466968758661904,0.0654521659531005,0.173732378228938,0.293723890454175,0.510978044416084,1.81029530329082,1.02383175443386,260
"lambda[71,8]",0.394041376959919,0.413482446008305,0.0602599785585536,0.157070503488256,0.263945551662363,0.456256703177038,1.65929567807781,1.02468338982333,250
"lambda[72,8]",8.79267609307576,10.5117682093229,1.49218938717438,3.40246845483048,5.69226412345391,9.8508576239427,37.3444538112094,1.02924044881967,190
"lambda[73,8]",0.193799216412875,0.220771637729483,0.0255665096548665,0.0707709155111299,0.12192120285129,0.220087564423615,0.918014087373071,1.02138402001655,230
"lambda[74,8]",1.2672686473732,1.39281871343191,0.202646419664999,0.500518824956897,0.823632012821345,1.44237274463117,6.38844161760233,1.02940145754712,180
"lambda[75,8]",0,0,0,0,0,0,0,1,1
"lambda[76,8]",0,0,0,0,0,0,0,1,1
"lambda[77,8]",0,0,0,0,0,0,0,1,1
"lambda[78,8]",0,0,0,0,0,0,0,1,1
"lambda[79,8]",0,0,0,0,0,0,0,1,1
"lambda[80,8]",0.615509544375537,0.681465243375838,0.091511000425603,0.236917811221407,0.396538094484465,0.698951678199964,3.04494160127136,1.02626157101532,190
"mu_p",-6.66604193525925,0.916700538660915,-8.71240370041527,-7.23436165817677,-6.59480260316088,-6.02998810382523,-5.03502469976029,1.02582848452594,180
"p[1]",0.00110210675606615,0.00161087215785767,2.14216913010554e-05,0.000214176412578541,0.000565061846332877,0.00132538070681997,0.00551491557856065,1.01044024127267,330
"p[2]",0.00342497723817419,0.0113373411315092,4.35210596022145e-05,0.000477383049074935,0.00132447146015334,0.00341443234765965,0.0182123435279744,1.00759328888539,460
"p[3]",0.00346092128065938,0.00869294511706119,4.29490847816491e-05,0.000485892046265145,0.00136989361550403,0.00348342811740638,0.0187286739653058,1.00685838557111,500
"p[4]",0.00370081260166693,0.0102104356615132,4.62180840169275e-05,0.000496047394724217,0.00139668413602142,0.00362840161993015,0.0206424074987938,1.00766416130831,420
"p[5]",0.0138430668122387,0.0136485790868196,0.00112075684941673,0.00486559049715119,0.00968014446057485,0.0179096621260904,0.0518587331708862,1.0144578094274,290
"p[6]",0.00378573110819536,0.0116317773841511,4.46707604712566e-05,0.000488024576924173,0.00140063486931246,0.00356954216726269,0.02059629666282,1.00765616714308,450
"p[7]",0.0039423060204117,0.0136846369020613,4.41533778968817e-05,0.000497855731654387,0.00142013365049585,0.00365286572667105,0.0212376234334426,1.00679304388232,500
"p[8]",0.0038530657229923,0.0123466529229958,4.67751136498826e-05,0.000503974181453556,0.0014024080478256,0.00362280252833979,0.0208653973728412,1.00600429244991,570
"p[9]",0.00377162033423219,0.0122797137185904,4.41322621337723e-05,0.000487796206344136,0.00139392879163038,0.00358855505936821,0.0200535600577064,1.00736090596153,460
"p[10]",0.00506825335454166,0.005520903056832,0.000331066700425318,0.00160869992143121,0.00333264340183666,0.00648004336602364,0.0201830872065964,1.0141594140505,300
"p[11]",0.00366879223314328,0.00958863644174204,4.45189553346284e-05,0.000487316128261554,0.00138098294369457,0.00356534450910349,0.0207066554327146,1.00678446827005,480
"p[12]",0.00270070345638018,0.00627496784088993,4.10757564950856e-05,0.000423671909182913,0.00117093397974287,0.00291533495177816,0.0140329311433857,1.00838973005488,430
"p[13]",0.00341397270899547,0.0105385856949402,4.35629785709426e-05,0.000483410626251329,0.00133851964567775,0.0033708423010208,0.0180292339846351,1.00746613901785,420
"p[14]",0.00283342380863267,0.00632661856005578,3.96803572949723e-05,0.000436971018793201,0.00122485125872921,0.00305117216076346,0.0146263458885949,1.00948859000554,360
"p[15]",0.00107760776812302,0.00157646660087064,2.13368134616092e-05,0.000206034014789954,0.000549208093207725,0.00130646901817515,0.00540801587273082,1.00876543903838,390
"p[16]",0.00270396149869326,0.00695478925560558,4.06447914916091e-05,0.000417768077548913,0.0011490604038609,0.00285395486291571,0.0139832848807639,1.00702946110211,490
"p[17]",0.00375092788310517,0.0104554932140019,4.535768010764e-05,0.000488803824682149,0.00138314657817214,0.00361480884727356,0.0213664786735025,1.0075090275532,450
"p[18]",0.000977694802480037,0.00151179043215559,1.84272842800366e-05,0.000179156849218334,0.000472439891720865,0.00114425909287733,0.00503190162363769,1.0111301716245,310
"p[19]",0.00331338572146516,0.00953630023890634,4.157624903272e-05,0.000470283815988069,0.00130756666606386,0.00331583829222238,0.0179244984176128,1.00680784728556,520
"p[20]",0.00370183949564125,0.0116877062301923,4.60859185961524e-05,0.000498014982535394,0.00139485297861999,0.00355262621105119,0.0199394191354138,1.00634103088928,540
"p[21]",0.00373007918560719,0.0104488948131796,4.53229445883469e-05,0.000493658995109472,0.00137467087947065,0.00352398407068507,0.020808259485649,1.00665251032756,480
"p[22]",0.00350043617974393,0.0102665668588941,4.37743824923008e-05,0.000480194599207146,0.00132693993942692,0.00339691446218518,0.018703865672437,1.0080498253262,430
"p[23]",0.00317337482370018,0.00785347665160096,4.25779110915023e-05,0.000466441829636091,0.00130883524928728,0.00325770626072082,0.0170264534352948,1.00749971538579,430
"p[24]",0.00384710502607312,0.0127381596806262,4.61313019306556e-05,0.00049117903140393,0.00138250169143184,0.00361169400598417,0.0208938953218976,1.0065118115681,570
"p[25]",0.00379903642710846,0.0109688498185302,4.40174988211811e-05,0.000496360891785459,0.00140179372248852,0.00361426499875569,0.0207916927030201,1.00764179339677,480
"p[26]",0.00384663231200987,0.0122397766011863,4.38680033299751e-05,0.000501875647835114,0.00142579992075154,0.00365503627161471,0.0208432746734302,1.00678477778585,510
"p[27]",0.00382357930252048,0.0112797262626332,4.44054146129614e-05,0.000500494871385105,0.00139840378017788,0.00360626858478894,0.0211407475099646,1.00795423390724,450
"p[28]",0.00374014068612478,0.0106276304634958,4.65860246090835e-05,0.000495678120512456,0.0014115399003237,0.00363636949808403,0.0207748139064998,1.00712680748746,470
"p[29]",0.00377555490709557,0.0115815401124349,4.70526359494471e-05,0.000502328922399842,0.00141588487974323,0.00357120343894235,0.0205699410564361,1.00679091649997,500
"p[30]",0.00726825417789066,0.00619502192462298,0.000731338269635498,0.00299983870849164,0.00553668814820436,0.00957820148394701,0.0236674026348906,1.02212983991558,220
"p[31]",0.0029229363787166,0.00654511062071256,4.24019917936583e-05,0.000442522039903647,0.00125247479613538,0.0031257773518241,0.0153442778613523,1.00802414745924,430
"p[32]",0.00388100693043464,0.0132033981564741,4.46268676305651e-05,0.000488519410401098,0.00138707269929394,0.00361435849075733,0.0211187243311566,1.00613223373297,550
"p[33]",0.00240262547635166,0.00572174935706619,3.76658294835359e-05,0.000396349577620648,0.00108575352986783,0.00268005300339172,0.0124721073804156,1.00960887881034,360
"p[34]",0.00378353353807317,0.0111378050971392,4.55588974065397e-05,0.000489760916598631,0.00141088142552113,0.00361843851448674,0.0203165319850499,1.00729242268003,480
"p[35]",0.0032876751435299,0.0101302659424255,4.43861801859017e-05,0.000467492904108248,0.00130829904998417,0.00336338736514382,0.0171231747740887,1.006799508716,500
"p[36]",0.00280984166332749,0.00760464812239631,4.13319022927469e-05,0.000436153303174962,0.00121879909907921,0.003023172224757,0.0147045266467367,1.00734375161815,450
"p[37]",0.00290815140967012,0.00376384776275531,0.000123626093137074,0.000765284976753256,0.00172820806779483,0.00360904144762777,0.0127023592168125,1.01273712182287,300
"p[38]",0.00287218247917698,0.00709237250031367,3.99349723443359e-05,0.000440701329623584,0.0012378159931976,0.00306003108180931,0.0152656721151173,1.00631986758659,550
"p[39]",0.00179412901989262,0.00235399664790327,7.09465833940329e-05,0.000453187623544914,0.00104244041841846,0.00221877807770288,0.00807879719679637,1.01416304210445,280
"p[40]",0.00280039456683887,0.00731907367562855,4.05258003361537e-05,0.00043319571304652,0.00120986995961257,0.00299002888693112,0.014498523072931,1.00701520587552,490
"p[41]",0.000793518271553767,0.00126871384408518,1.48328597225029e-05,0.000140899283184156,0.000381333089529151,0.000915014395452454,0.00422328831010738,1.01122067017241,330
"p[42]",0.00293886240956767,0.00822555301412252,4.25298848116239e-05,0.000440653305621407,0.00123449465279534,0.00310445654388095,0.0153368250721945,1.00763475731602,440
"p[43]",0.00192277505509351,0.0042058158508467,3.20900779859151e-05,0.000337462010907223,0.000925741420028232,0.00220756547771525,0.00959756383309093,1.00779709472831,460
"p[44]",0.0039285364889248,0.0128659639291264,4.4664684218044e-05,0.000508959647795204,0.00141751109468524,0.00363054636687904,0.0222334408878118,1.00619451979917,570
"p[45]",0.00375372133024644,0.00437531015382688,0.000235164512280643,0.00115508404368834,0.00239889950322282,0.00471662645626306,0.0153568048227567,1.01332428317216,300
"p[46]",0.00291551173126658,0.00268161997852229,0.000251271119724115,0.00114196371805115,0.00214931381498242,0.00381200031112649,0.00999140701588073,1.02492239244224,190
"p[47]",0.00372674200264685,0.0111903599928208,4.50909917491457e-05,0.000492481230574749,0.00139089551867935,0.00358004611032808,0.0204385500864393,1.00692734453058,500
"p[48]",0.00351358784027773,0.0110763497512773,4.23549062373234e-05,0.00048040847371211,0.00135232667792748,0.00340668995836746,0.0190842232051117,1.00793451247333,410
"p[49]",0.00338706919122235,0.00923549896753159,4.16174216699473e-05,0.000463114545200665,0.00132057737861417,0.00339137532461212,0.0178637114583121,1.00801971585495,430
"p[50]",0.00236996673405173,0.00445426078926334,3.59183771690538e-05,0.000399676618726487,0.00109267841603894,0.00266874238299648,0.0122570215310491,1.00710742661461,490
"p[51]",0.00371261245098443,0.011676750093116,4.39855129419087e-05,0.000491394516457228,0.00137907646499882,0.00359145190462879,0.0206696223528741,1.00637336271837,500
"p[52]",0.00177210450078448,0.0020054349065409,0.00010453140642061,0.000541004416664693,0.00113908129467844,0.00225435722814001,0.00719272372772939,1.01404303888799,280
"p[53]",0.0028995642946258,0.00391707813594483,0.000118796633505732,0.000733171392302156,0.0016730723086284,0.00353205141312515,0.0129473443885298,1.0108559601713,370
"p[54]",0.00332209340641071,0.00799639549506584,4.29743170206765e-05,0.000475055130651454,0.00132625374925083,0.00334448215476923,0.018405135575897,1.00588310070105,600
"p[55]",0.00369590223944047,0.0100743856905486,4.56948750987262e-05,0.000491806152353499,0.00139978713748256,0.00358279315449571,0.0206190249325514,1.00636541475709,560
"p[56]",0.00300255501869881,0.00806354596035037,4.19998189197609e-05,0.000453672936601629,0.00124031020962373,0.003131765952683,0.0161009080667681,1.00685402550474,500
"p[57]",0.00385407304993265,0.0129463383534692,4.3761582830382e-05,0.000487027751014021,0.00140841305038751,0.00365319740326231,0.0211489751226845,1.00697565611592,530
"p[58]",0.00379887597050383,0.0115991280611499,4.60251613271498e-05,0.000495187832539322,0.00140694225229298,0.00365528319165163,0.0207977945044697,1.0064672824688,510
"p[59]",0.00387001965004503,0.0131478121033169,4.67547187326729e-05,0.000500215869426824,0.00139567919805635,0.00363114337368258,0.0211177565462989,1.00556779795731,650
"p[60]",0.00385399633469709,0.0126864545030554,4.65135046427877e-05,0.000491761313684719,0.00139807274364029,0.00359495583813641,0.0208608313525047,1.00691422479679,500
"p[61]",0.00377634731968767,0.0108680841847517,4.40778067879744e-05,0.000498644418148087,0.00140107918275414,0.00360420113713375,0.0207591397205459,1.00581023262439,580
"p[62]",0.00392445597685223,0.0143089701608717,4.64476565199128e-05,0.000490981958606451,0.00140571161862687,0.00362305491949207,0.0211591493403068,1.00743560198388,460
"p[63]",0.00207019745192065,0.00380878304599013,3.27018111849452e-05,0.000358708597896845,0.000973407664514552,0.00236207041024997,0.0107003580584911,1.00924205481567,390
"p[64]",0.00383800974760134,0.0132027715142472,4.62174219080062e-05,0.000496402592734132,0.00138743001137462,0.00355837674004731,0.0212256962775179,1.00612787931727,550
"p[65]",0.00388862470530998,0.0122558410452221,4.59880790164462e-05,0.000500697473392016,0.00141243618301705,0.00362095359608575,0.0214528360810401,1.00675565581086,520
"p[66]",0.00378486265453794,0.011645989761221,4.72714680035039e-05,0.000489322718688955,0.00139331139803173,0.0035247974663675,0.0210644843915288,1.00531406687928,680
"p[67]",0.00253412099423688,0.00647760001040702,3.6647519143108e-05,0.000411249378500513,0.00113554292731492,0.00280058780052334,0.0131303206003945,1.00891689227268,400
"p[68]",0.00210949017935234,0.00216742596523814,0.000138857321094833,0.000719397236362942,0.00144280896120387,0.00272510432000431,0.00806458870533007,1.01632999778641,250
"p[69]",0.00379623824895555,0.011111511030069,4.34470949060206e-05,0.000493084563376974,0.00138390258339232,0.00360386922464294,0.020898394835273,1.00622041358732,540
"p[70]",0.00313119664243823,0.00404863252536979,0.000132791074974443,0.000823989440122155,0.00186116139213227,0.00387538747151324,0.0137185813049072,1.01216952903917,330
"p[71]",0.00190379621334697,0.00307499322386925,3.34631693498878e-05,0.000343909587400932,0.00092032480840868,0.00225921332522822,0.00959515605534244,1.00769174761236,450
"p[72]",0.00382521206803695,0.00333363838980264,0.000326950500754671,0.00152916287627653,0.00287597113532754,0.00508733736831762,0.0127584064149429,1.02343076861386,190
"p[73]",0.0091602527403989,0.0100181104525439,0.000585572854218427,0.00281311562062399,0.00591104804175498,0.0118150225406908,0.0367735591758516,1.00927392137462,430
"p[74]",0.00261799934547493,0.00528223629609666,3.99368959764638e-05,0.000417977742131211,0.00117009669693549,0.00287924700481716,0.0138037192118307,1.00689423245605,480
"p[75]",0.00379988122843498,0.0119575384194145,4.61992872677292e-05,0.000496555870159423,0.00140491994121388,0.00361088668345441,0.0204206013095729,1.00643341762493,540
"p[76]",0.00375689795876146,0.0121366426390966,4.38930650854308e-05,0.000487735064105182,0.00137873243111085,0.00356335731209433,0.0205062448063028,1.00607897410536,560
"p[77]",0.00377507296017628,0.0108798106802633,4.51236014475269e-05,0.000490928715232948,0.0014095031520719,0.00360666381732423,0.0212369394570697,1.006491856361,570
"p[78]",0.00368925318374974,0.0116424764689828,4.50022308005798e-05,0.000498790332454369,0.00141108827228507,0.00361706992885743,0.0202748337712218,1.00598096329222,610
"p[79]",0.00372020583493303,0.0102728048633157,4.53844076491021e-05,0.000491950104729879,0.00139322791691311,0.00358996564534756,0.0214055339569549,1.00721645019732,450
"p[80]",0.00177508485066477,0.00234895100709174,7.3774795680972e-05,0.000459313028292893,0.00103684895478465,0.00216546229418564,0.00807518097027318,1.01427318665859,270
"sigma_p",1.19290812565956,0.401581965913217,0.519757092416131,0.91569592991977,1.151066401068,1.42281618041936,2.1082669737559,1.00233730456849,2200
