"","mean","sd","2.5%","25%","50%","75%","97.5%","Rhat","n.eff"
"N_actual[1,1]",2.50766666666667,4.36875976631426,0,0,0,4,15,1.15290986979966,36
"N_actual[2,1]",1.88611111111111,4.35363472698675,0,0,0,2,17,1.39665876791061,15
"N_actual[3,1]",0.557555555555556,1.52536017407485,0,0,0,0,5,1.04942893097882,260
"N_actual[4,1]",0.438111111111111,1.21330586049483,0,0,0,0,4,1.00556530224087,7700
"N_actual[5,1]",4.40122222222222,4.48996840340057,1,2,3,5,19,1.36221907182842,10
"N_actual[6,1]",0.639,1.56036127324209,0,0,0,0,6,1.02548937834221,740
"N_actual[7,1]",4.01788888888889,4.40001868750248,1,1,3,5,18,1.3455959341994,10
"N_actual[8,1]",1.94155555555556,4.28267309452424,0,0,0,2,17,1.39853884128728,15
"N_actual[9,1]",10.0441111111111,10.9270758967323,1,3,7,12,43,1.36046345115951,9
"N_actual[10,1]",4.713,13.8737488321036,0,0,0,0,48,1.02460866991971,300
"N_actual[11,1]",1.06455555555556,2.03899895752169,0,0,0,1,7,1.10519724818571,92
"N_actual[12,1]",0.546,1.43585118652587,0,0,0,0,5,1.00174689436538,2800
"N_actual[13,1]",0.154888888888889,0.724538922007828,0,0,0,0,2,1.02347865462281,940
"N_actual[14,1]",2.123,4.46428753632906,0,0,0,2,17,1.4081341815311,14
"N_actual[15,1]",0.309888888888889,1.25981952120642,0,0,0,0,4,1.05044861030518,540
"N_actual[16,1]",0.738888888888889,1.88408358684154,0,0,0,0,6,1.11537036596719,120
"N_actual[17,1]",0.225222222222222,0.908313430292234,0,0,0,0,3,1.01544024137309,1100
"N_actual[18,1]",24.5302222222222,28.0097132429915,2,7,16,31,103,1.27814280678352,11
"N_actual[19,1]",1.30088888888889,4.25144769717604,0,0,0,0,17,1.40478534430566,16
"N_actual[20,1]",1.06766666666667,2.03682595285361,0,0,0,1,7,1.08871721299795,91
"N_actual[21,1]",0,0,0,0,0,0,0,1,1
"N_actual[22,1]",0,0,0,0,0,0,0,1,1
"N_actual[23,1]",0,0,0,0,0,0,0,1,1
"N_actual[24,1]",0,0,0,0,0,0,0,1,1
"N_actual[25,1]",0,0,0,0,0,0,0,1,1
"N_actual[26,1]",0,0,0,0,0,0,0,1,1
"N_actual[27,1]",0,0,0,0,0,0,0,1,1
"N_actual[28,1]",0,0,0,0,0,0,0,1,1
"N_actual[29,1]",0,0,0,0,0,0,0,1,1
"N_actual[30,1]",0,0,0,0,0,0,0,1,1
"N_actual[31,1]",0,0,0,0,0,0,0,1,1
"N_actual[32,1]",0,0,0,0,0,0,0,1,1
"N_actual[33,1]",0,0,0,0,0,0,0,1,1
"N_actual[34,1]",0,0,0,0,0,0,0,1,1
"N_actual[35,1]",0,0,0,0,0,0,0,1,1
"N_actual[36,1]",0,0,0,0,0,0,0,1,1
"N_actual[37,1]",0,0,0,0,0,0,0,1,1
"N_actual[38,1]",0,0,0,0,0,0,0,1,1
"N_actual[39,1]",0,0,0,0,0,0,0,1,1
"N_actual[40,1]",0,0,0,0,0,0,0,1,1
"N_actual[41,1]",0,0,0,0,0,0,0,1,1
"N_actual[42,1]",0,0,0,0,0,0,0,1,1
"N_actual[43,1]",0,0,0,0,0,0,0,1,1
"N_actual[44,1]",0,0,0,0,0,0,0,1,1
"N_actual[45,1]",0,0,0,0,0,0,0,1,1
"N_actual[46,1]",0,0,0,0,0,0,0,1,1
"N_actual[47,1]",0,0,0,0,0,0,0,1,1
"N_actual[48,1]",0,0,0,0,0,0,0,1,1
"N_actual[49,1]",0,0,0,0,0,0,0,1,1
"N_actual[50,1]",0,0,0,0,0,0,0,1,1
"N_actual[51,1]",0,0,0,0,0,0,0,1,1
"N_actual[52,1]",0,0,0,0,0,0,0,1,1
"N_actual[53,1]",0,0,0,0,0,0,0,1,1
"N_actual[54,1]",0,0,0,0,0,0,0,1,1
"N_actual[55,1]",0,0,0,0,0,0,0,1,1
"N_actual[56,1]",0,0,0,0,0,0,0,1,1
"N_actual[57,1]",0,0,0,0,0,0,0,1,1
"N_actual[58,1]",0,0,0,0,0,0,0,1,1
"N_actual[59,1]",0,0,0,0,0,0,0,1,1
"N_actual[60,1]",0,0,0,0,0,0,0,1,1
"N_actual[61,1]",0,0,0,0,0,0,0,1,1
"N_actual[62,1]",0,0,0,0,0,0,0,1,1
"N_actual[63,1]",0,0,0,0,0,0,0,1,1
"N_actual[64,1]",0,0,0,0,0,0,0,1,1
"N_actual[65,1]",0,0,0,0,0,0,0,1,1
"N_actual[66,1]",0,0,0,0,0,0,0,1,1
"N_actual[67,1]",0,0,0,0,0,0,0,1,1
"N_actual[68,1]",0,0,0,0,0,0,0,1,1
"N_actual[69,1]",0,0,0,0,0,0,0,1,1
"N_actual[70,1]",0,0,0,0,0,0,0,1,1
"N_actual[71,1]",0,0,0,0,0,0,0,1,1
"N_actual[72,1]",0,0,0,0,0,0,0,1,1
"N_actual[73,1]",0,0,0,0,0,0,0,1,1
"N_actual[74,1]",0,0,0,0,0,0,0,1,1
"N_actual[75,1]",0,0,0,0,0,0,0,1,1
"N_actual[76,1]",0,0,0,0,0,0,0,1,1
"N_actual[77,1]",0,0,0,0,0,0,0,1,1
"N_actual[78,1]",0,0,0,0,0,0,0,1,1
"N_actual[79,1]",0,0,0,0,0,0,0,1,1
"N_actual[80,1]",0,0,0,0,0,0,0,1,1
"N_actual[81,1]",0.229777777777778,1.08964861255842,0,0,0,0,4,1.0300689986461,770
"N_actual[82,1]",0.184777777777778,0.927516088009563,0,0,0,0,3,1.03959047772255,1500
"N_actual[83,1]",0.288333333333333,1.26545452419072,0,0,0,0,4,1.13813567301512,130
"N_actual[84,1]",0.308111111111111,1.54844027460513,0,0,0,0,5,1.13473353584751,130
"N_actual[85,1]",0.256,1.28814402727486,0,0,0,0,4,1.06901707217443,1400
"N_actual[86,1]",0.276777777777778,1.33904358875564,0,0,0,0,4,1.12931958528804,170
"N_actual[87,1]",0.294888888888889,1.28603692619633,0,0,0,0,4,1.09056851683895,270
"N_actual[88,1]",0.169555555555556,0.994554470929788,0,0,0,0,2,1.05770993441561,1300
"N_actual[89,1]",0.260444444444444,1.30967483116084,0,0,0,0,4,1.11505368707276,300
"N_actual[90,1]",0.157111111111111,0.79165590223955,0,0,0,0,3,1.00340481311374,9000
"N_actual[91,1]",0.291333333333333,1.32135746637707,0,0,0,0,5,1.05740161945031,360
"N_actual[92,1]",0.274111111111111,1.26396050769238,0,0,0,0,4,1.09842585820091,340
"N_actual[93,1]",0.236555555555556,1.31778896430417,0,0,0,0,3,1.04639965241363,530
"N_actual[94,1]",0.264222222222222,1.43440801114366,0,0,0,0,4,1.09022140174903,450
"N_actual[95,1]",0.082,0.543832056726045,0,0,0,0,1,1.02974343778316,9000
"N_actual[96,1]",0.137555555555556,0.796125341735554,0,0,0,0,2,1.05590490799644,1900
"N_actual[97,1]",0.309222222222222,1.51806671944287,0,0,0,0,4,1.17348122863603,140
"N_actual[98,1]",0.405333333333333,1.87802706718351,0,0,0,0,6,1.27236283272523,50
"N_actual[99,1]",0.278,1.35426396700251,0,0,0,0,4,1.19628585329731,99
"N_actual[100,1]",0.248666666666667,1.22551512467755,0,0,0,0,4,1.06981644743296,390
"N_actual[1,2]",0.551,1.56286892744239,0,0,0,0,5,1.12550614484263,100
"N_actual[2,2]",1.54733333333333,5.08094098854106,0,0,0,0,17,1.38125841464232,20
"N_actual[3,2]",0.427,1.55100127533998,0,0,0,0,6,1.01799387572245,2300
"N_actual[4,2]",0.269444444444444,0.988633996954167,0,0,0,0,3,1.04059349159643,990
"N_actual[5,2]",0.220444444444444,0.794234014625427,0,0,0,0,3,1.00949898852127,1700
"N_actual[6,2]",0.547555555555556,1.91860271084582,0,0,0,0,6,1.02880518798887,1200
"N_actual[7,2]",0.144111111111111,0.766425708312094,0,0,0,0,2,1.03003779059218,1600
"N_actual[8,2]",0.857555555555556,2.34005845358587,0,0,0,0,8,1.02445959439717,240
"N_actual[9,2]",0.253333333333333,0.916711535873987,0,0,0,0,3,1.01903931712719,6500
"N_actual[10,2]",1.64688888888889,5.09003079342756,0,0,0,1,17,1.35623536849529,22
"N_actual[11,2]",0.573888888888889,1.52151893801949,0,0,0,0,5,1.07160001225006,340
"N_actual[12,2]",0.314333333333333,1.12165597380359,0,0,0,0,4,1.03030136976148,1700
"N_actual[13,2]",0.0978888888888889,0.561256021715858,0,0,0,0,2,1.0329210920049,4800
"N_actual[14,2]",1.25066666666667,3.8633235730252,0,0,0,0,14,1.29784756289806,20
"N_actual[15,2]",1.64588888888889,5.77334660718197,0,0,0,0,22,1.43527048440573,15
"N_actual[16,2]",1.54255555555556,5.24988108303002,0,0,0,0,18,1.39123282054419,19
"N_actual[17,2]",0.254666666666667,1.56243204986153,0,0,0,0,3,1.24943345597257,150
"N_actual[18,2]",131.577333333333,145.374867928946,14,44,83,164,546,1.44774446960073,8
"N_actual[19,2]",0.168444444444444,0.954960742197253,0,0,0,0,2.02499999999964,1.0810366571858,370
"N_actual[20,2]",1.79166666666667,5.27621722099548,0,0,0,1,18,1.38803502287991,17
"N_actual[21,2]",0,0,0,0,0,0,0,1,1
"N_actual[22,2]",0,0,0,0,0,0,0,1,1
"N_actual[23,2]",0,0,0,0,0,0,0,1,1
"N_actual[24,2]",0,0,0,0,0,0,0,1,1
"N_actual[25,2]",0,0,0,0,0,0,0,1,1
"N_actual[26,2]",0,0,0,0,0,0,0,1,1
"N_actual[27,2]",0,0,0,0,0,0,0,1,1
"N_actual[28,2]",0,0,0,0,0,0,0,1,1
"N_actual[29,2]",0,0,0,0,0,0,0,1,1
"N_actual[30,2]",0,0,0,0,0,0,0,1,1
"N_actual[31,2]",0,0,0,0,0,0,0,1,1
"N_actual[32,2]",0,0,0,0,0,0,0,1,1
"N_actual[33,2]",0,0,0,0,0,0,0,1,1
"N_actual[34,2]",0,0,0,0,0,0,0,1,1
"N_actual[35,2]",0,0,0,0,0,0,0,1,1
"N_actual[36,2]",0,0,0,0,0,0,0,1,1
"N_actual[37,2]",0,0,0,0,0,0,0,1,1
"N_actual[38,2]",0,0,0,0,0,0,0,1,1
"N_actual[39,2]",0,0,0,0,0,0,0,1,1
"N_actual[40,2]",0,0,0,0,0,0,0,1,1
"N_actual[41,2]",0,0,0,0,0,0,0,1,1
"N_actual[42,2]",0,0,0,0,0,0,0,1,1
"N_actual[43,2]",0,0,0,0,0,0,0,1,1
"N_actual[44,2]",0,0,0,0,0,0,0,1,1
"N_actual[45,2]",0,0,0,0,0,0,0,1,1
"N_actual[46,2]",0,0,0,0,0,0,0,1,1
"N_actual[47,2]",0,0,0,0,0,0,0,1,1
"N_actual[48,2]",0,0,0,0,0,0,0,1,1
"N_actual[49,2]",0,0,0,0,0,0,0,1,1
"N_actual[50,2]",0,0,0,0,0,0,0,1,1
"N_actual[51,2]",0,0,0,0,0,0,0,1,1
"N_actual[52,2]",0,0,0,0,0,0,0,1,1
"N_actual[53,2]",0,0,0,0,0,0,0,1,1
"N_actual[54,2]",0,0,0,0,0,0,0,1,1
"N_actual[55,2]",0,0,0,0,0,0,0,1,1
"N_actual[56,2]",0,0,0,0,0,0,0,1,1
"N_actual[57,2]",0,0,0,0,0,0,0,1,1
"N_actual[58,2]",0,0,0,0,0,0,0,1,1
"N_actual[59,2]",0,0,0,0,0,0,0,1,1
"N_actual[60,2]",0,0,0,0,0,0,0,1,1
"N_actual[61,2]",0,0,0,0,0,0,0,1,1
"N_actual[62,2]",0,0,0,0,0,0,0,1,1
"N_actual[63,2]",0,0,0,0,0,0,0,1,1
"N_actual[64,2]",0,0,0,0,0,0,0,1,1
"N_actual[65,2]",0,0,0,0,0,0,0,1,1
"N_actual[66,2]",0,0,0,0,0,0,0,1,1
"N_actual[67,2]",0,0,0,0,0,0,0,1,1
"N_actual[68,2]",0,0,0,0,0,0,0,1,1
"N_actual[69,2]",0,0,0,0,0,0,0,1,1
"N_actual[70,2]",0,0,0,0,0,0,0,1,1
"N_actual[71,2]",0,0,0,0,0,0,0,1,1
"N_actual[72,2]",0,0,0,0,0,0,0,1,1
"N_actual[73,2]",0,0,0,0,0,0,0,1,1
"N_actual[74,2]",0,0,0,0,0,0,0,1,1
"N_actual[75,2]",0,0,0,0,0,0,0,1,1
"N_actual[76,2]",0,0,0,0,0,0,0,1,1
"N_actual[77,2]",0,0,0,0,0,0,0,1,1
"N_actual[78,2]",0,0,0,0,0,0,0,1,1
"N_actual[79,2]",0,0,0,0,0,0,0,1,1
"N_actual[80,2]",0,0,0,0,0,0,0,1,1
"N_actual[81,2]",0.132111111111111,0.920794810776263,0,0,0,0,2,1.18446465213248,290
"N_actual[82,2]",0.185222222222222,0.992819791564191,0,0,0,0,3,1.07919672279329,430
"N_actual[83,2]",0.201666666666667,1.20168488412269,0,0,0,0,3,1.18638249356259,130
"N_actual[84,2]",0.101,0.72170414505245,0,0,0,0,1,1.05033440484079,510
"N_actual[85,2]",0.264,1.36286436103714,0,0,0,0,4,1.07491466080643,250
"N_actual[86,2]",0.07,0.556398096773853,0,0,0,0,0,1.1282410221413,280
"N_actual[87,2]",0.212888888888889,1.16435297276757,0,0,0,0,3,1.13784023188083,320
"N_actual[88,2]",0.280777777777778,1.43075433148286,0,0,0,0,4.02499999999964,1.18654229602169,84
"N_actual[89,2]",0.105555555555556,0.667180414707879,0,0,0,0,2,1.04178515915773,910
"N_actual[90,2]",0.218666666666667,1.47527174245267,0,0,0,0,2,1.22363863228075,170
"N_actual[91,2]",0.0801111111111111,0.555732622324042,0,0,0,0,1,1.04222217406511,660
"N_actual[92,2]",0.0947777777777778,0.708884653915189,0,0,0,0,1,1.10040680381006,380
"N_actual[93,2]",0.246666666666667,1.31445501135882,0,0,0,0,4,1.14879949487749,130
"N_actual[94,2]",0.0908888888888889,0.691385959378673,0,0,0,0,1,1.05561237933642,990
"N_actual[95,2]",0.537333333333333,2.76323263697926,0,0,0,0,9,1.25989876462894,54
"N_actual[96,2]",0.199111111111111,1.16364116985631,0,0,0,0,3,1.14145940316135,220
"N_actual[97,2]",0.0851111111111111,0.682094009578575,0,0,0,0,1,1.12051314840181,580
"N_actual[98,2]",0.197444444444444,1.2387123973719,0,0,0,0,3,1.05244964757058,700
"N_actual[99,2]",0.114777777777778,0.791837635040292,0,0,0,0,1,1.12265962082419,240
"N_actual[100,2]",0.111777777777778,0.759687704913053,0,0,0,0,1,1.17323581739974,210
"N_actual[1,3]",1.74055555555556,3.77013720877334,0,0,0,2,13,1.14478871001241,56
"N_actual[2,3]",0.790444444444445,1.72452093813803,0,0,0,1,6,1.11846957333183,63
"N_actual[3,3]",0.490444444444444,1.43229534866195,0,0,0,0,5,1.10918977145424,150
"N_actual[4,3]",0.630222222222222,1.68978088372397,0,0,0,0,6,1.10684555366047,84
"N_actual[5,3]",7.66233333333333,9.20871345461876,1,3,5,9,36,1.4225530220035,9
"N_actual[6,3]",0.528666666666667,1.34306481282722,0,0,0,0,5,1.00498963001102,1100
"N_actual[7,3]",0.276222222222222,1.15357619281125,0,0,0,0,4,1.21664713389244,73
"N_actual[8,3]",0.816444444444444,1.74724605819845,0,0,0,1,6,1.12341104668842,60
"N_actual[9,3]",1.20011111111111,4.63333414477434,0,0,0,0,16,1.1302183991344,60
"N_actual[10,3]",0.875,1.86028180805446,0,0,0,1,7,1.1356703583528,53
"N_actual[11,3]",2.23777777777778,5.70669900661697,0,0,0,2,20,1.40996389929178,15
"N_actual[12,3]",1.07811111111111,3.18863006548412,0,0,0,0,11,1.07707357916437,110
"N_actual[13,3]",0.242444444444444,1.12646226644205,0,0,0,0,3,1.12473568224816,240
"N_actual[14,3]",0.862111111111111,1.82340355408383,0,0,0,1,6,1.09327220777911,100
"N_actual[15,3]",0.273888888888889,1.09651296945165,0,0,0,0,4,1.00926310342095,1400
"N_actual[16,3]",0.576444444444444,1.48315002448682,0,0,0,0,5,1.05919034358461,200
"N_actual[17,3]",0.231333333333333,0.92070092201466,0,0,0,0,3,1.04933164269329,340
"N_actual[18,3]",48.1147777777778,56.2887978428293,5,16,30,59,199,1.38499853374303,9
"N_actual[19,3]",0.927666666666667,3.10475532236191,0,0,0,0,11,1.23155372541186,41
"N_actual[20,3]",19.9784444444444,22.7779295037365,2,6,13,25,93,1.42675431361311,8
"N_actual[21,3]",0,0,0,0,0,0,0,1,1
"N_actual[22,3]",0,0,0,0,0,0,0,1,1
"N_actual[23,3]",0,0,0,0,0,0,0,1,1
"N_actual[24,3]",0,0,0,0,0,0,0,1,1
"N_actual[25,3]",0,0,0,0,0,0,0,1,1
"N_actual[26,3]",0,0,0,0,0,0,0,1,1
"N_actual[27,3]",0,0,0,0,0,0,0,1,1
"N_actual[28,3]",0,0,0,0,0,0,0,1,1
"N_actual[29,3]",0,0,0,0,0,0,0,1,1
"N_actual[30,3]",0,0,0,0,0,0,0,1,1
"N_actual[31,3]",0,0,0,0,0,0,0,1,1
"N_actual[32,3]",0,0,0,0,0,0,0,1,1
"N_actual[33,3]",0,0,0,0,0,0,0,1,1
"N_actual[34,3]",0,0,0,0,0,0,0,1,1
"N_actual[35,3]",0,0,0,0,0,0,0,1,1
"N_actual[36,3]",0,0,0,0,0,0,0,1,1
"N_actual[37,3]",0,0,0,0,0,0,0,1,1
"N_actual[38,3]",0,0,0,0,0,0,0,1,1
"N_actual[39,3]",0,0,0,0,0,0,0,1,1
"N_actual[40,3]",0,0,0,0,0,0,0,1,1
"N_actual[41,3]",0,0,0,0,0,0,0,1,1
"N_actual[42,3]",0,0,0,0,0,0,0,1,1
"N_actual[43,3]",0,0,0,0,0,0,0,1,1
"N_actual[44,3]",0,0,0,0,0,0,0,1,1
"N_actual[45,3]",0,0,0,0,0,0,0,1,1
"N_actual[46,3]",0,0,0,0,0,0,0,1,1
"N_actual[47,3]",0,0,0,0,0,0,0,1,1
"N_actual[48,3]",0,0,0,0,0,0,0,1,1
"N_actual[49,3]",0,0,0,0,0,0,0,1,1
"N_actual[50,3]",0,0,0,0,0,0,0,1,1
"N_actual[51,3]",0,0,0,0,0,0,0,1,1
"N_actual[52,3]",0,0,0,0,0,0,0,1,1
"N_actual[53,3]",0,0,0,0,0,0,0,1,1
"N_actual[54,3]",0,0,0,0,0,0,0,1,1
"N_actual[55,3]",0,0,0,0,0,0,0,1,1
"N_actual[56,3]",0,0,0,0,0,0,0,1,1
"N_actual[57,3]",0,0,0,0,0,0,0,1,1
"N_actual[58,3]",0,0,0,0,0,0,0,1,1
"N_actual[59,3]",0,0,0,0,0,0,0,1,1
"N_actual[60,3]",0,0,0,0,0,0,0,1,1
"N_actual[61,3]",0,0,0,0,0,0,0,1,1
"N_actual[62,3]",0,0,0,0,0,0,0,1,1
"N_actual[63,3]",0,0,0,0,0,0,0,1,1
"N_actual[64,3]",0,0,0,0,0,0,0,1,1
"N_actual[65,3]",0,0,0,0,0,0,0,1,1
"N_actual[66,3]",0,0,0,0,0,0,0,1,1
"N_actual[67,3]",0,0,0,0,0,0,0,1,1
"N_actual[68,3]",0,0,0,0,0,0,0,1,1
"N_actual[69,3]",0,0,0,0,0,0,0,1,1
"N_actual[70,3]",0,0,0,0,0,0,0,1,1
"N_actual[71,3]",0,0,0,0,0,0,0,1,1
"N_actual[72,3]",0,0,0,0,0,0,0,1,1
"N_actual[73,3]",0,0,0,0,0,0,0,1,1
"N_actual[74,3]",0,0,0,0,0,0,0,1,1
"N_actual[75,3]",0,0,0,0,0,0,0,1,1
"N_actual[76,3]",0,0,0,0,0,0,0,1,1
"N_actual[77,3]",0,0,0,0,0,0,0,1,1
"N_actual[78,3]",0,0,0,0,0,0,0,1,1
"N_actual[79,3]",0,0,0,0,0,0,0,1,1
"N_actual[80,3]",0,0,0,0,0,0,0,1,1
"N_actual[81,3]",0.393222222222222,2.02428270632205,0,0,0,0,6,1.24765120662414,75
"N_actual[82,3]",0.181444444444444,0.950999802713321,0,0,0,0,3,1.10443619277498,180
"N_actual[83,3]",0.36,2.04466190202394,0,0,0,0,5,1.22484890004213,89
"N_actual[84,3]",0.330222222222222,1.60260717808766,0,0,0,0,5,1.11298140572797,180
"N_actual[85,3]",0.156222222222222,1.05711709916467,0,0,0,0,2,1.0763560003219,1500
"N_actual[86,3]",0.105222222222222,0.659274786649009,0,0,0,0,2,1.10011236797541,250
"N_actual[87,3]",0.320444444444444,1.53623631878003,0,0,0,0,5,1.13751920893883,130
"N_actual[88,3]",0.204555555555556,1.14327600936256,0,0,0,0,3,1.05025562638549,870
"N_actual[89,3]",0.135777777777778,0.775075644896883,0,0,0,0,2,1.07254639322934,320
"N_actual[90,3]",0.382222222222222,2.08613165401189,0,0,0,0,5,1.21016138468938,98
"N_actual[91,3]",0.253111111111111,1.25037666905721,0,0,0,0,4,1.13402685253154,120
"N_actual[92,3]",0.138333333333333,1.00993921583978,0,0,0,0,2,1.09623363368637,530
"N_actual[93,3]",0.219555555555556,1.18741400503791,0,0,0,0,4,1.03718221132744,3000
"N_actual[94,3]",0.389111111111111,1.83680600636582,0,0,0,0,6,1.19005234916533,91
"N_actual[95,3]",0.228555555555556,1.25372480801616,0,0,0,0,3,1.25316227198439,70
"N_actual[96,3]",0.490555555555556,2.00253193500331,0,0,0,0,8,1.19076630107975,64
"N_actual[97,3]",0.157222222222222,0.898723678941212,0,0,0,0,2,1.1373763315876,170
"N_actual[98,3]",0.286444444444444,1.52926579610018,0,0,0,0,4,1.17878100695339,120
"N_actual[99,3]",0.264111111111111,1.37044542676041,0,0,0,0,4,1.08923015938609,230
"N_actual[100,3]",0.194333333333333,1.05442047287353,0,0,0,0,3,1.09727179419494,190
"N_actual[1,4]",267.620888888889,252.308030835175,36,107,193,333,966.024987392131,1.33053298677403,10
"N_actual[2,4]",2.48111111111111,4.98599871943781,0,0,0,2,19,1.36965108015656,15
"N_actual[3,4]",0.489666666666667,1.40455654445279,0,0,0,0,5,1.00601754034303,540
"N_actual[4,4]",0.926222222222222,2.25580978890211,0,0,0,0,8,1.02472362547853,340
"N_actual[5,4]",114.491333333333,103.940728301705,19,47,84,144,422,1.41860024715109,8
"N_actual[6,4]",2.68466666666667,5.17038379048877,0,0,0,3,19,1.4278871219966,12
"N_actual[7,4]",0.291888888888889,1.17858658076421,0,0,0,0,4,1.07726740096048,240
"N_actual[8,4]",32.0517777777778,28.6262997503907,5,13,23,41,123,1.45588663011462,8
"N_actual[9,4]",5.24033333333333,5.09964231154942,1,2,3,7,20,1.33228155110521,10
"N_actual[10,4]",3.17366666666667,5.14731919325085,0,0,1,4,19,1.44140301251328,11
"N_actual[11,4]",3.27133333333333,5.21500612856699,0,0,1,4,19,1.59234498874679,8
"N_actual[12,4]",0.892222222222222,2.26024984570095,0,0,0,0,8,1.11609975371445,100
"N_actual[13,4]",0.380222222222222,1.59914688458545,0,0,0,0,5,1.07838306944401,210
"N_actual[14,4]",8.53888888888889,12.3715778425443,0,0,4,12,47,1.59787000247163,8
"N_actual[15,4]",204.656333333333,190.916231498544,28,82,149,257,731,1.35616258329337,9
"N_actual[16,4]",1.10266666666667,2.43472708705579,0,0,0,1,9,1.00836057383789,720
"N_actual[17,4]",0.463444444444444,1.56199349286929,0,0,0,0,5,1.078218171235,170
"N_actual[18,4]",41.9243333333333,38.9406155326259,6,16,30,53,163,1.45425951722081,8
"N_actual[19,4]",0.403555555555556,1.63023324447944,0,0,0,0,5,1.0860651456081,530
"N_actual[20,4]",5.27644444444444,5.04387028260431,1,2,4,7,20,1.34578735379452,10
"N_actual[21,4]",0,0,0,0,0,0,0,1,1
"N_actual[22,4]",0,0,0,0,0,0,0,1,1
"N_actual[23,4]",0,0,0,0,0,0,0,1,1
"N_actual[24,4]",0,0,0,0,0,0,0,1,1
"N_actual[25,4]",0,0,0,0,0,0,0,1,1
"N_actual[26,4]",0,0,0,0,0,0,0,1,1
"N_actual[27,4]",0,0,0,0,0,0,0,1,1
"N_actual[28,4]",0,0,0,0,0,0,0,1,1
"N_actual[29,4]",0,0,0,0,0,0,0,1,1
"N_actual[30,4]",0,0,0,0,0,0,0,1,1
"N_actual[31,4]",0,0,0,0,0,0,0,1,1
"N_actual[32,4]",0,0,0,0,0,0,0,1,1
"N_actual[33,4]",0,0,0,0,0,0,0,1,1
"N_actual[34,4]",0,0,0,0,0,0,0,1,1
"N_actual[35,4]",0,0,0,0,0,0,0,1,1
"N_actual[36,4]",0,0,0,0,0,0,0,1,1
"N_actual[37,4]",0,0,0,0,0,0,0,1,1
"N_actual[38,4]",0,0,0,0,0,0,0,1,1
"N_actual[39,4]",0,0,0,0,0,0,0,1,1
"N_actual[40,4]",0,0,0,0,0,0,0,1,1
"N_actual[41,4]",0,0,0,0,0,0,0,1,1
"N_actual[42,4]",0,0,0,0,0,0,0,1,1
"N_actual[43,4]",0,0,0,0,0,0,0,1,1
"N_actual[44,4]",0,0,0,0,0,0,0,1,1
"N_actual[45,4]",0,0,0,0,0,0,0,1,1
"N_actual[46,4]",0,0,0,0,0,0,0,1,1
"N_actual[47,4]",0,0,0,0,0,0,0,1,1
"N_actual[48,4]",0,0,0,0,0,0,0,1,1
"N_actual[49,4]",0,0,0,0,0,0,0,1,1
"N_actual[50,4]",0,0,0,0,0,0,0,1,1
"N_actual[51,4]",0,0,0,0,0,0,0,1,1
"N_actual[52,4]",0,0,0,0,0,0,0,1,1
"N_actual[53,4]",0,0,0,0,0,0,0,1,1
"N_actual[54,4]",0,0,0,0,0,0,0,1,1
"N_actual[55,4]",0,0,0,0,0,0,0,1,1
"N_actual[56,4]",0,0,0,0,0,0,0,1,1
"N_actual[57,4]",0,0,0,0,0,0,0,1,1
"N_actual[58,4]",0,0,0,0,0,0,0,1,1
"N_actual[59,4]",0,0,0,0,0,0,0,1,1
"N_actual[60,4]",0,0,0,0,0,0,0,1,1
"N_actual[61,4]",0,0,0,0,0,0,0,1,1
"N_actual[62,4]",0,0,0,0,0,0,0,1,1
"N_actual[63,4]",0,0,0,0,0,0,0,1,1
"N_actual[64,4]",0,0,0,0,0,0,0,1,1
"N_actual[65,4]",0,0,0,0,0,0,0,1,1
"N_actual[66,4]",0,0,0,0,0,0,0,1,1
"N_actual[67,4]",0,0,0,0,0,0,0,1,1
"N_actual[68,4]",0,0,0,0,0,0,0,1,1
"N_actual[69,4]",0,0,0,0,0,0,0,1,1
"N_actual[70,4]",0,0,0,0,0,0,0,1,1
"N_actual[71,4]",0,0,0,0,0,0,0,1,1
"N_actual[72,4]",0,0,0,0,0,0,0,1,1
"N_actual[73,4]",0,0,0,0,0,0,0,1,1
"N_actual[74,4]",0,0,0,0,0,0,0,1,1
"N_actual[75,4]",0,0,0,0,0,0,0,1,1
"N_actual[76,4]",0,0,0,0,0,0,0,1,1
"N_actual[77,4]",0,0,0,0,0,0,0,1,1
"N_actual[78,4]",0,0,0,0,0,0,0,1,1
"N_actual[79,4]",0,0,0,0,0,0,0,1,1
"N_actual[80,4]",0,0,0,0,0,0,0,1,1
"N_actual[81,4]",0.46,1.90797275662008,0,0,0,0,7,1.33840788860927,25
"N_actual[82,4]",0.120888888888889,0.719489831177161,0,0,0,0,2,1.10116704884832,150
"N_actual[83,4]",0.428,1.90090497277585,0,0,0,0,7,1.0819052351614,200
"N_actual[84,4]",0.0781111111111111,0.582754712259278,0,0,0,0,1,1.04168499775031,660
"N_actual[85,4]",0.748777777777778,2.81982934852271,0,0,0,0,10,1.12824899535213,66
"N_actual[86,4]",0.156777777777778,0.875249336980132,0,0,0,0,3,1.16847604611558,87
"N_actual[87,4]",0.142666666666667,0.879873108066429,0,0,0,0,2,1.02489301728457,1400
"N_actual[88,4]",0.564777777777778,2.79046036075652,0,0,0,0,8,1.25258034026934,65
"N_actual[89,4]",0.805888888888889,2.83101674991566,0,0,0,0,10,1.11223856268176,88
"N_actual[90,4]",0.762,3.23193525453386,0,0,0,0,11,1.10098768476394,200
"N_actual[91,4]",0.141444444444444,0.833575702799193,0,0,0,0,2,1.08937273975712,220
"N_actual[92,4]",0.329555555555556,1.78224934765529,0,0,0,0,5,1.19853513177344,100
"N_actual[93,4]",0.196333333333333,1.47060991479807,0,0,0,0,2,1.24720887483268,160
"N_actual[94,4]",0.604888888888889,2.87273074638111,0,0,0,0,9,1.24542616399416,56
"N_actual[95,4]",0.184111111111111,1.00625490683836,0,0,0,0,3,1.08651119966348,320
"N_actual[96,4]",0.131222222222222,0.912801533874685,0,0,0,0,2,1.12442934017485,680
"N_actual[97,4]",0.252444444444444,1.70030511182538,0,0,0,0,3,1.23662439826225,130
"N_actual[98,4]",0.840666666666667,3.01478956251245,0,0,0,0,11,1.12497350511347,64
"N_actual[99,4]",0.151777777777778,0.974429808714801,0,0,0,0,2,1.11935649792544,540
"N_actual[100,4]",0.168111111111111,0.981586663478337,0,0,0,0,3,1.19760491672441,94
"N_actual[1,5]",1.93055555555556,7.75959483860882,0,0,0,0,22,1.11067753408603,670
"N_actual[2,5]",10.3326666666667,14.0998691968376,1,3,6,11,50,1.36894246931252,9
"N_actual[3,5]",0.565888888888889,2.15925888231767,0,0,0,0,6,1.07154820397477,320
"N_actual[4,5]",4.99066666666667,6.66296239644446,1,2,3,5,24,1.38795007551263,9
"N_actual[5,5]",0.454888888888889,1.89189100403861,0,0,0,0,6,1.10671035339511,230
"N_actual[6,5]",0.538555555555556,1.62197588788774,0,0,0,0,5,1.02450091411525,650
"N_actual[7,5]",0.0223333333333333,0.480132102983279,0,0,0,0,0,1.09553254151469,3300
"N_actual[8,5]",0.773888888888889,2.36489268270229,0,0,0,0,8,1.07266177155862,150
"N_actual[9,5]",0.421555555555556,1.32967774981345,0,0,0,0,5,1.00760469644283,680
"N_actual[10,5]",2.30277777777778,6.60607103546159,0,0,0,1,23,1.3493187161484,20
"N_actual[11,5]",0.818444444444444,2.01371390624715,0,0,0,0,7,1.08614907487746,170
"N_actual[12,5]",0.439555555555556,1.49930969863522,0,0,0,0,5,1.11505570037829,180
"N_actual[13,5]",0.255333333333333,1.34994100038584,0,0,0,0,3,1.22408484958232,100
"N_actual[14,5]",0.763333333333333,1.93946331402233,0,0,0,0,6,1.09837820339306,170
"N_actual[15,5]",0.266777777777778,1.26333168700451,0,0,0,0,4,1.13157984525488,270
"N_actual[16,5]",0.512555555555556,1.61063049603484,0,0,0,0,5,1.01952370979599,9000
"N_actual[17,5]",0.172444444444444,0.883625550177295,0,0,0,0,2,1.03284213854228,2000
"N_actual[18,5]",1.16488888888889,9.01110737395795,0,0,0,0,7.02499999999964,1.30885047873961,76
"N_actual[19,5]",0.218222222222222,1.1430329090133,0,0,0,0,3,1.17182095924006,190
"N_actual[20,5]",2.16355555555556,6.3412534488023,0,0,0,1,21,1.3797753757013,19
"N_actual[21,5]",0,0,0,0,0,0,0,1,1
"N_actual[22,5]",0,0,0,0,0,0,0,1,1
"N_actual[23,5]",0,0,0,0,0,0,0,1,1
"N_actual[24,5]",0,0,0,0,0,0,0,1,1
"N_actual[25,5]",0,0,0,0,0,0,0,1,1
"N_actual[26,5]",0,0,0,0,0,0,0,1,1
"N_actual[27,5]",0,0,0,0,0,0,0,1,1
"N_actual[28,5]",0,0,0,0,0,0,0,1,1
"N_actual[29,5]",0,0,0,0,0,0,0,1,1
"N_actual[30,5]",0,0,0,0,0,0,0,1,1
"N_actual[31,5]",0,0,0,0,0,0,0,1,1
"N_actual[32,5]",0,0,0,0,0,0,0,1,1
"N_actual[33,5]",0,0,0,0,0,0,0,1,1
"N_actual[34,5]",0,0,0,0,0,0,0,1,1
"N_actual[35,5]",0,0,0,0,0,0,0,1,1
"N_actual[36,5]",0,0,0,0,0,0,0,1,1
"N_actual[37,5]",0,0,0,0,0,0,0,1,1
"N_actual[38,5]",0,0,0,0,0,0,0,1,1
"N_actual[39,5]",0,0,0,0,0,0,0,1,1
"N_actual[40,5]",0,0,0,0,0,0,0,1,1
"N_actual[41,5]",0,0,0,0,0,0,0,1,1
"N_actual[42,5]",0,0,0,0,0,0,0,1,1
"N_actual[43,5]",0,0,0,0,0,0,0,1,1
"N_actual[44,5]",0,0,0,0,0,0,0,1,1
"N_actual[45,5]",0,0,0,0,0,0,0,1,1
"N_actual[46,5]",0,0,0,0,0,0,0,1,1
"N_actual[47,5]",0,0,0,0,0,0,0,1,1
"N_actual[48,5]",0,0,0,0,0,0,0,1,1
"N_actual[49,5]",0,0,0,0,0,0,0,1,1
"N_actual[50,5]",0,0,0,0,0,0,0,1,1
"N_actual[51,5]",0,0,0,0,0,0,0,1,1
"N_actual[52,5]",0,0,0,0,0,0,0,1,1
"N_actual[53,5]",0,0,0,0,0,0,0,1,1
"N_actual[54,5]",0,0,0,0,0,0,0,1,1
"N_actual[55,5]",0,0,0,0,0,0,0,1,1
"N_actual[56,5]",0,0,0,0,0,0,0,1,1
"N_actual[57,5]",0,0,0,0,0,0,0,1,1
"N_actual[58,5]",0,0,0,0,0,0,0,1,1
"N_actual[59,5]",0,0,0,0,0,0,0,1,1
"N_actual[60,5]",0,0,0,0,0,0,0,1,1
"N_actual[61,5]",0,0,0,0,0,0,0,1,1
"N_actual[62,5]",0,0,0,0,0,0,0,1,1
"N_actual[63,5]",0,0,0,0,0,0,0,1,1
"N_actual[64,5]",0,0,0,0,0,0,0,1,1
"N_actual[65,5]",0,0,0,0,0,0,0,1,1
"N_actual[66,5]",0,0,0,0,0,0,0,1,1
"N_actual[67,5]",0,0,0,0,0,0,0,1,1
"N_actual[68,5]",0,0,0,0,0,0,0,1,1
"N_actual[69,5]",0,0,0,0,0,0,0,1,1
"N_actual[70,5]",0,0,0,0,0,0,0,1,1
"N_actual[71,5]",0,0,0,0,0,0,0,1,1
"N_actual[72,5]",0,0,0,0,0,0,0,1,1
"N_actual[73,5]",0,0,0,0,0,0,0,1,1
"N_actual[74,5]",0,0,0,0,0,0,0,1,1
"N_actual[75,5]",0,0,0,0,0,0,0,1,1
"N_actual[76,5]",0,0,0,0,0,0,0,1,1
"N_actual[77,5]",0,0,0,0,0,0,0,1,1
"N_actual[78,5]",0,0,0,0,0,0,0,1,1
"N_actual[79,5]",0,0,0,0,0,0,0,1,1
"N_actual[80,5]",0,0,0,0,0,0,0,1,1
"N_actual[81,5]",0.186111111111111,1.15174217788788,0,0,0,0,3,1.08165070068532,360
"N_actual[82,5]",0.191555555555556,1.16700567095919,0,0,0,0,3,1.21914643583462,95
"N_actual[83,5]",0.156111111111111,0.995135623576461,0,0,0,0,2,1.02854788091009,3100
"N_actual[84,5]",0.149111111111111,1.03123207477921,0,0,0,0,2,1.08674118653248,300
"N_actual[85,5]",0.116555555555556,0.916246735953159,0,0,0,0,1,1.08333463912926,480
"N_actual[86,5]",0.293222222222222,1.78364071898432,0,0,0,0,4,1.1113160871388,370
"N_actual[87,5]",0.133222222222222,0.954298884109619,0,0,0,0,1,1.13091290610142,700
"N_actual[88,5]",0.228444444444444,1.38661221510307,0,0,0,0,3,1.10948012261636,170
"N_actual[89,5]",0.170111111111111,1.26236785717669,0,0,0,0,2,1.27003095730518,100
"N_actual[90,5]",0.255111111111111,1.43713953002784,0,0,0,0,4,1.02660353977771,3000
"N_actual[91,5]",0.183555555555556,1.24464699896862,0,0,0,0,2,1.07668768697693,980
"N_actual[92,5]",0.137111111111111,1.08566331765568,0,0,0,0,1,1.06297381977268,1200
"N_actual[93,5]",0.156666666666667,1.029571648674,0,0,0,0,2,1.11347177793625,280
"N_actual[94,5]",0.146111111111111,0.99486758752697,0,0,0,0,2,1.09467201759534,310
"N_actual[95,5]",0.0857777777777778,0.651170192651093,0,0,0,0,1,1.02954133221721,1100
"N_actual[96,5]",0.140222222222222,0.895286490053747,0,0,0,0,2,1.06673032260667,360
"N_actual[97,5]",0.255111111111111,1.75560521500453,0,0,0,0,4,1.16600994040797,210
"N_actual[98,5]",0.146666666666667,1.02867002386674,0,0,0,0,2,1.20517518829702,180
"N_actual[99,5]",0.0786666666666667,0.614517121295915,0,0,0,0,1,1.07770583968436,630
"N_actual[100,5]",0.0901111111111111,0.632483633906492,0,0,0,0,1,1.07206924414694,320
"N_actual[1,6]",18.263,43.6589211710732,0,0,0,19,132.049999999999,1.31770565308372,23
"N_actual[2,6]",2.05088888888889,4.74075905414709,0,0,0,2,18,1.40339788268657,15
"N_actual[3,6]",0.545,1.51283632344244,0,0,0,0,5,1.04662746364188,270
"N_actual[4,6]",1.05466666666667,2.96047797247947,0,0,0,0,11,1.15121007133096,96
"N_actual[5,6]",26.6725555555556,27.0685933837435,4,10,19,33,99,1.29646162746403,11
"N_actual[6,6]",2.16588888888889,4.9831957631948,0,0,0,2,19,1.42352148648856,13
"N_actual[7,6]",11.2151111111111,11.3362449952917,1,4,8,14,46.0247387858754,1.34472872522041,10
"N_actual[8,6]",4.16877777777778,4.67090811939196,1,1,3,5,19,1.33184100794845,11
"N_actual[9,6]",0.275333333333333,1.52403144732254,0,0,0,0,5,1.11977237951011,130
"N_actual[10,6]",2.34644444444444,4.91928162725176,0,0,0,2,19,1.40618908362112,14
"N_actual[11,6]",1.46333333333333,2.5889208929889,0,0,0,2,9,1.12469369253805,49
"N_actual[12,6]",0.699,1.72022447411963,0,0,0,0,6,1.03332847296792,380
"N_actual[13,6]",0.927444444444444,2.85489388090956,0,0,0,0,11,1.24491120805451,28
"N_actual[14,6]",2.28277777777778,4.87906110950851,0,0,0,2,19,1.40655166488304,14
"N_actual[15,6]",0.269,1.01962905255919,0,0,0,0,4,1.01234270587022,3700
"N_actual[16,6]",7.38144444444444,7.88824530295399,1,3,5,9,33,1.33801186713485,10
"N_actual[17,6]",4.28777777777778,4.78596978518507,1,2,3,5,19.0243799430879,1.33370187575851,10
"N_actual[18,6]",5.67655555555556,19.8121566911019,0,0,0,0,68,1.32460911455848,25
"N_actual[19,6]",0.273555555555556,1.07163709800017,0,0,0,0,4,1.04676787762171,480
"N_actual[20,6]",1.29555555555556,2.31557970019437,0,0,0,2,8,1.131343598384,47
"N_actual[21,6]",0,0,0,0,0,0,0,1,1
"N_actual[22,6]",0,0,0,0,0,0,0,1,1
"N_actual[23,6]",0,0,0,0,0,0,0,1,1
"N_actual[24,6]",0,0,0,0,0,0,0,1,1
"N_actual[25,6]",0,0,0,0,0,0,0,1,1
"N_actual[26,6]",0,0,0,0,0,0,0,1,1
"N_actual[27,6]",0,0,0,0,0,0,0,1,1
"N_actual[28,6]",0,0,0,0,0,0,0,1,1
"N_actual[29,6]",0,0,0,0,0,0,0,1,1
"N_actual[30,6]",0,0,0,0,0,0,0,1,1
"N_actual[31,6]",0,0,0,0,0,0,0,1,1
"N_actual[32,6]",0,0,0,0,0,0,0,1,1
"N_actual[33,6]",0,0,0,0,0,0,0,1,1
"N_actual[34,6]",0,0,0,0,0,0,0,1,1
"N_actual[35,6]",0,0,0,0,0,0,0,1,1
"N_actual[36,6]",0,0,0,0,0,0,0,1,1
"N_actual[37,6]",0,0,0,0,0,0,0,1,1
"N_actual[38,6]",0,0,0,0,0,0,0,1,1
"N_actual[39,6]",0,0,0,0,0,0,0,1,1
"N_actual[40,6]",0,0,0,0,0,0,0,1,1
"N_actual[41,6]",0,0,0,0,0,0,0,1,1
"N_actual[42,6]",0,0,0,0,0,0,0,1,1
"N_actual[43,6]",0,0,0,0,0,0,0,1,1
"N_actual[44,6]",0,0,0,0,0,0,0,1,1
"N_actual[45,6]",0,0,0,0,0,0,0,1,1
"N_actual[46,6]",0,0,0,0,0,0,0,1,1
"N_actual[47,6]",0,0,0,0,0,0,0,1,1
"N_actual[48,6]",0,0,0,0,0,0,0,1,1
"N_actual[49,6]",0,0,0,0,0,0,0,1,1
"N_actual[50,6]",0,0,0,0,0,0,0,1,1
"N_actual[51,6]",0,0,0,0,0,0,0,1,1
"N_actual[52,6]",0,0,0,0,0,0,0,1,1
"N_actual[53,6]",0,0,0,0,0,0,0,1,1
"N_actual[54,6]",0,0,0,0,0,0,0,1,1
"N_actual[55,6]",0,0,0,0,0,0,0,1,1
"N_actual[56,6]",0,0,0,0,0,0,0,1,1
"N_actual[57,6]",0,0,0,0,0,0,0,1,1
"N_actual[58,6]",0,0,0,0,0,0,0,1,1
"N_actual[59,6]",0,0,0,0,0,0,0,1,1
"N_actual[60,6]",0,0,0,0,0,0,0,1,1
"N_actual[61,6]",0,0,0,0,0,0,0,1,1
"N_actual[62,6]",0,0,0,0,0,0,0,1,1
"N_actual[63,6]",0,0,0,0,0,0,0,1,1
"N_actual[64,6]",0,0,0,0,0,0,0,1,1
"N_actual[65,6]",0,0,0,0,0,0,0,1,1
"N_actual[66,6]",0,0,0,0,0,0,0,1,1
"N_actual[67,6]",0,0,0,0,0,0,0,1,1
"N_actual[68,6]",0,0,0,0,0,0,0,1,1
"N_actual[69,6]",0,0,0,0,0,0,0,1,1
"N_actual[70,6]",0,0,0,0,0,0,0,1,1
"N_actual[71,6]",0,0,0,0,0,0,0,1,1
"N_actual[72,6]",0,0,0,0,0,0,0,1,1
"N_actual[73,6]",0,0,0,0,0,0,0,1,1
"N_actual[74,6]",0,0,0,0,0,0,0,1,1
"N_actual[75,6]",0,0,0,0,0,0,0,1,1
"N_actual[76,6]",0,0,0,0,0,0,0,1,1
"N_actual[77,6]",0,0,0,0,0,0,0,1,1
"N_actual[78,6]",0,0,0,0,0,0,0,1,1
"N_actual[79,6]",0,0,0,0,0,0,0,1,1
"N_actual[80,6]",0,0,0,0,0,0,0,1,1
"N_actual[81,6]",0.646444444444444,2.38501512968392,0,0,0,0,9,1.11971466492893,68
"N_actual[82,6]",0.861,2.9863026006385,0,0,0,0,12,1.24766963755182,34
"N_actual[83,6]",0.259444444444444,1.40115668337404,0,0,0,0,4,1.07916395187381,290
"N_actual[84,6]",0.311333333333333,1.44820737099313,0,0,0,0,5,1.10812558302778,260
"N_actual[85,6]",0.266666666666667,1.46158727406427,0,0,0,0,4,1.18574276843799,160
"N_actual[86,6]",0.426777777777778,1.83657651227134,0,0,0,0,6,1.06784389308973,340
"N_actual[87,6]",0.258,1.37415882603298,0,0,0,0,4,1.06088524632837,550
"N_actual[88,6]",0.170111111111111,0.9947389045695,0,0,0,0,3,1.0323280194882,2400
"N_actual[89,6]",0.146555555555556,0.833225825565155,0,0,0,0,2,1.09851948900056,170
"N_actual[90,6]",0.414444444444444,1.78933022617963,0,0,0,0,6,1.12767781218059,84
"N_actual[91,6]",2.43155555555556,7.7992497254437,0,0,0,0,32,1.47604041001913,12
"N_actual[92,6]",0.288888888888889,1.38093349530942,0,0,0,0,5,1.03799767947968,670
"N_actual[93,6]",0.368111111111111,1.74987332702016,0,0,0,0,5,1.20928734024274,75
"N_actual[94,6]",0.626666666666667,2.37686183098087,0,0,0,0,9,1.13245051686982,73
"N_actual[95,6]",0.228,1.25262892790549,0,0,0,0,4,1.07658484204131,300
"N_actual[96,6]",0.359666666666667,1.76061412145765,0,0,0,0,6,1.10540320370999,230
"N_actual[97,6]",0.127555555555556,0.860897939975419,0,0,0,0,2,1.12564303325774,220
"N_actual[98,6]",0.348444444444444,1.66379908140662,0,0,0,0,6,1.03702812364814,730
"N_actual[99,6]",0.0988888888888889,0.687544875856212,0,0,0,0,1,1.09338962497147,410
"N_actual[100,6]",0.360333333333333,1.64280037987605,0,0,0,0,6,1.09506415308554,190
"N_actual[1,7]",3.17855555555556,9.43740268995751,0,0,0,0,29.0249999999996,1.05776315785455,1500
"N_actual[2,7]",3.91266666666667,4.61546504840716,1,1,2,4,19,1.34568938609594,10
"N_actual[3,7]",0.452444444444444,1.41765283172862,0,0,0,0,5,1.04877764371945,480
"N_actual[4,7]",0.538111111111111,1.70534571577793,0,0,0,0,6,1.16856879332575,85
"N_actual[5,7]",0.361333333333333,1.80696827538862,0,0,0,0,5,1.06125451032831,830
"N_actual[6,7]",1.59577777777778,4.59035838525418,0,0,0,1,18,1.38378613317558,17
"N_actual[7,7]",0.146777777777778,0.764467204853074,0,0,0,0,2,1.09461341880035,670
"N_actual[8,7]",0.949222222222222,2.57411086272283,0,0,0,0,9,1.07141624226394,630
"N_actual[9,7]",0.514666666666667,1.54028988948847,0,0,0,0,5.02499999999964,1.12470897785298,100
"N_actual[10,7]",1.86766666666667,4.59652669665638,0,0,0,1,18,1.383868622504,16
"N_actual[11,7]",0.712555555555556,1.61293324157036,0,0,0,1,6,1.04430044937751,190
"N_actual[12,7]",0.456777777777778,1.37522029695531,0,0,0,0,5,1.06274547966288,270
"N_actual[13,7]",1.17044444444444,4.42821944841272,0,0,0,0,18,1.38149648630693,20
"N_actual[14,7]",0.785111111111111,1.78902846110283,0,0,0,1,6,1.02189056101079,1100
"N_actual[15,7]",1.22944444444444,4.50917003741202,0,0,0,0,18,1.37911475956532,20
"N_actual[16,7]",0.482666666666667,1.30754246446005,0,0,0,0,5,1.03373842996058,650
"N_actual[17,7]",0.312333333333333,1.38583915814259,0,0,0,0,4,1.038950168166,1100
"N_actual[18,7]",15.2872222222222,19.1522361291031,1,5,9,18,71,1.30262637498809,11
"N_actual[19,7]",0.232666666666667,1.11265618148536,0,0,0,0,3,1.10040545422044,650
"N_actual[20,7]",0.793111111111111,1.75612758562652,0,0,0,1,6,1.04706420205267,290
"N_actual[21,7]",0,0,0,0,0,0,0,1,1
"N_actual[22,7]",0,0,0,0,0,0,0,1,1
"N_actual[23,7]",0,0,0,0,0,0,0,1,1
"N_actual[24,7]",0,0,0,0,0,0,0,1,1
"N_actual[25,7]",0,0,0,0,0,0,0,1,1
"N_actual[26,7]",0,0,0,0,0,0,0,1,1
"N_actual[27,7]",0,0,0,0,0,0,0,1,1
"N_actual[28,7]",0,0,0,0,0,0,0,1,1
"N_actual[29,7]",0,0,0,0,0,0,0,1,1
"N_actual[30,7]",0,0,0,0,0,0,0,1,1
"N_actual[31,7]",0,0,0,0,0,0,0,1,1
"N_actual[32,7]",0,0,0,0,0,0,0,1,1
"N_actual[33,7]",0,0,0,0,0,0,0,1,1
"N_actual[34,7]",0,0,0,0,0,0,0,1,1
"N_actual[35,7]",0,0,0,0,0,0,0,1,1
"N_actual[36,7]",0,0,0,0,0,0,0,1,1
"N_actual[37,7]",0,0,0,0,0,0,0,1,1
"N_actual[38,7]",0,0,0,0,0,0,0,1,1
"N_actual[39,7]",0,0,0,0,0,0,0,1,1
"N_actual[40,7]",0,0,0,0,0,0,0,1,1
"N_actual[41,7]",0,0,0,0,0,0,0,1,1
"N_actual[42,7]",0,0,0,0,0,0,0,1,1
"N_actual[43,7]",0,0,0,0,0,0,0,1,1
"N_actual[44,7]",0,0,0,0,0,0,0,1,1
"N_actual[45,7]",0,0,0,0,0,0,0,1,1
"N_actual[46,7]",0,0,0,0,0,0,0,1,1
"N_actual[47,7]",0,0,0,0,0,0,0,1,1
"N_actual[48,7]",0,0,0,0,0,0,0,1,1
"N_actual[49,7]",0,0,0,0,0,0,0,1,1
"N_actual[50,7]",0,0,0,0,0,0,0,1,1
"N_actual[51,7]",0,0,0,0,0,0,0,1,1
"N_actual[52,7]",0,0,0,0,0,0,0,1,1
"N_actual[53,7]",0,0,0,0,0,0,0,1,1
"N_actual[54,7]",0,0,0,0,0,0,0,1,1
"N_actual[55,7]",0,0,0,0,0,0,0,1,1
"N_actual[56,7]",0,0,0,0,0,0,0,1,1
"N_actual[57,7]",0,0,0,0,0,0,0,1,1
"N_actual[58,7]",0,0,0,0,0,0,0,1,1
"N_actual[59,7]",0,0,0,0,0,0,0,1,1
"N_actual[60,7]",0,0,0,0,0,0,0,1,1
"N_actual[61,7]",0,0,0,0,0,0,0,1,1
"N_actual[62,7]",0,0,0,0,0,0,0,1,1
"N_actual[63,7]",0,0,0,0,0,0,0,1,1
"N_actual[64,7]",0,0,0,0,0,0,0,1,1
"N_actual[65,7]",0,0,0,0,0,0,0,1,1
"N_actual[66,7]",0,0,0,0,0,0,0,1,1
"N_actual[67,7]",0,0,0,0,0,0,0,1,1
"N_actual[68,7]",0,0,0,0,0,0,0,1,1
"N_actual[69,7]",0,0,0,0,0,0,0,1,1
"N_actual[70,7]",0,0,0,0,0,0,0,1,1
"N_actual[71,7]",0,0,0,0,0,0,0,1,1
"N_actual[72,7]",0,0,0,0,0,0,0,1,1
"N_actual[73,7]",0,0,0,0,0,0,0,1,1
"N_actual[74,7]",0,0,0,0,0,0,0,1,1
"N_actual[75,7]",0,0,0,0,0,0,0,1,1
"N_actual[76,7]",0,0,0,0,0,0,0,1,1
"N_actual[77,7]",0,0,0,0,0,0,0,1,1
"N_actual[78,7]",0,0,0,0,0,0,0,1,1
"N_actual[79,7]",0,0,0,0,0,0,0,1,1
"N_actual[80,7]",0,0,0,0,0,0,0,1,1
"N_actual[81,7]",0.256888888888889,1.52426289166825,0,0,0,0,3,1.24061649200891,130
"N_actual[82,7]",0.161222222222222,1.07073251269448,0,0,0,0,2,1.08268640647279,440
"N_actual[83,7]",0.209,1.16834336782306,0,0,0,0,3,1.14893060957971,210
"N_actual[84,7]",0.203222222222222,1.07757277241418,0,0,0,0,3,1.04246615793253,1400
"N_actual[85,7]",0.185333333333333,1.09585405030351,0,0,0,0,3,1.12947796547085,210
"N_actual[86,7]",0.441222222222222,2.00213539062888,0,0,0,0,7,1.15595878670462,94
"N_actual[87,7]",1.69633333333333,6.49599258448928,0,0,0,0,27,1.40489860275774,18
"N_actual[88,7]",0.141777777777778,0.814436059945182,0,0,0,0,2,1.05789848653438,510
"N_actual[89,7]",0.102111111111111,0.657232568640675,0,0,0,0,2,1.09600145583804,330
"N_actual[90,7]",0.164,1.10710642289968,0,0,0,0,2,1.05924261076658,9000
"N_actual[91,7]",0.0767777777777778,0.566496785728235,0,0,0,0,1,1.0351575889678,860
"N_actual[92,7]",0.170111111111111,1.00948716095611,0,0,0,0,3,1.0868291143635,670
"N_actual[93,7]",0.110111111111111,0.743148867928357,0,0,0,0,1,1.02863961340535,6700
"N_actual[94,7]",0.132333333333333,0.781736110017363,0,0,0,0,2,1.00105928964894,8800
"N_actual[95,7]",0.146,0.917666007440205,0,0,0,0,2,1.03791544045526,2900
"N_actual[96,7]",0.199,1.08175583585661,0,0,0,0,3,1.00838798554863,1800
"N_actual[97,7]",0.189111111111111,1.11690944503111,0,0,0,0,3,1.09608396373587,890
"N_actual[98,7]",0.115777777777778,0.791200603439723,0,0,0,0,1,1.10093371969458,580
"N_actual[99,7]",1.66677777777778,6.4394714530184,0,0,0,0,26,1.40602650431317,18
"N_actual[100,7]",0.171444444444444,1.00782918205873,0,0,0,0,3,1.04284780778085,530
"N_actual[1,8]",5.58288888888889,17.4043962450664,0,0,0,0,56,1.19971562690675,50
"N_actual[2,8]",3.74811111111111,4.21681487771941,1,1,2,4,17,1.31274569316066,11
"N_actual[3,8]",0.57,1.76065012894153,0,0,0,0,6,1.02170899430678,1500
"N_actual[4,8]",1.36044444444444,4.05864223053005,0,0,0,0,16,1.39155492370617,17
"N_actual[5,8]",8.35511111111111,9.5200939367299,1,3,5,10,35,1.3107988618198,10
"N_actual[6,8]",1.50522222222222,4.11610248300239,0,0,0,1,16,1.36210115564979,19
"N_actual[7,8]",3.17811111111111,13.9263995207045,0,0,0,0,42,1.35689469441809,26
"N_actual[8,8]",0.792888888888889,1.79397644108029,0,0,0,1,6,1.07994395394275,150
"N_actual[9,8]",1.40355555555556,4.06230351363552,0,0,0,0,16,1.3707595740032,19
"N_actual[10,8]",1.92677777777778,3.83793168075291,0,0,0,2,13,1.13312517524912,57
"N_actual[11,8]",1.72222222222222,4.083003067863,0,0,0,2,15.0249999999996,1.36114735139196,18
"N_actual[12,8]",0.585888888888889,1.62604673695574,0,0,0,0,6,1.14204839619586,81
"N_actual[13,8]",0.262888888888889,1.1606201373017,0,0,0,0,4,1.16490325033185,120
"N_actual[14,8]",1.93544444444444,3.81269851785102,0,0,0,2,13,1.11639664617421,64
"N_actual[15,8]",1.016,3.873739248033,0,0,0,0,15,1.36079339198766,23
"N_actual[16,8]",6.36422222222222,6.68330212862955,1,2,4,8,28,1.29913884893498,11
"N_actual[17,8]",0.248111111111111,0.939731107134293,0,0,0,0,3,1.00181211535956,3700
"N_actual[18,8]",0.490555555555556,2.9237294565552,0,0,0,0,7,1.00111778235895,9000
"N_actual[19,8]",1.18933333333333,4.128632025292,0,0,0,0,16,1.36107450370121,20
"N_actual[20,8]",0.902333333333333,1.91011342110245,0,0,0,1,7,1.1574963365066,52
"N_actual[21,8]",0,0,0,0,0,0,0,1,1
"N_actual[22,8]",0,0,0,0,0,0,0,1,1
"N_actual[23,8]",0,0,0,0,0,0,0,1,1
"N_actual[24,8]",0,0,0,0,0,0,0,1,1
"N_actual[25,8]",0,0,0,0,0,0,0,1,1
"N_actual[26,8]",0,0,0,0,0,0,0,1,1
"N_actual[27,8]",0,0,0,0,0,0,0,1,1
"N_actual[28,8]",0,0,0,0,0,0,0,1,1
"N_actual[29,8]",0,0,0,0,0,0,0,1,1
"N_actual[30,8]",0,0,0,0,0,0,0,1,1
"N_actual[31,8]",0,0,0,0,0,0,0,1,1
"N_actual[32,8]",0,0,0,0,0,0,0,1,1
"N_actual[33,8]",0,0,0,0,0,0,0,1,1
"N_actual[34,8]",0,0,0,0,0,0,0,1,1
"N_actual[35,8]",0,0,0,0,0,0,0,1,1
"N_actual[36,8]",0,0,0,0,0,0,0,1,1
"N_actual[37,8]",0,0,0,0,0,0,0,1,1
"N_actual[38,8]",0,0,0,0,0,0,0,1,1
"N_actual[39,8]",0,0,0,0,0,0,0,1,1
"N_actual[40,8]",0,0,0,0,0,0,0,1,1
"N_actual[41,8]",0,0,0,0,0,0,0,1,1
"N_actual[42,8]",0,0,0,0,0,0,0,1,1
"N_actual[43,8]",0,0,0,0,0,0,0,1,1
"N_actual[44,8]",0,0,0,0,0,0,0,1,1
"N_actual[45,8]",0,0,0,0,0,0,0,1,1
"N_actual[46,8]",0,0,0,0,0,0,0,1,1
"N_actual[47,8]",0,0,0,0,0,0,0,1,1
"N_actual[48,8]",0,0,0,0,0,0,0,1,1
"N_actual[49,8]",0,0,0,0,0,0,0,1,1
"N_actual[50,8]",0,0,0,0,0,0,0,1,1
"N_actual[51,8]",0,0,0,0,0,0,0,1,1
"N_actual[52,8]",0,0,0,0,0,0,0,1,1
"N_actual[53,8]",0,0,0,0,0,0,0,1,1
"N_actual[54,8]",0,0,0,0,0,0,0,1,1
"N_actual[55,8]",0,0,0,0,0,0,0,1,1
"N_actual[56,8]",0,0,0,0,0,0,0,1,1
"N_actual[57,8]",0,0,0,0,0,0,0,1,1
"N_actual[58,8]",0,0,0,0,0,0,0,1,1
"N_actual[59,8]",0,0,0,0,0,0,0,1,1
"N_actual[60,8]",0,0,0,0,0,0,0,1,1
"N_actual[61,8]",0,0,0,0,0,0,0,1,1
"N_actual[62,8]",0,0,0,0,0,0,0,1,1
"N_actual[63,8]",0,0,0,0,0,0,0,1,1
"N_actual[64,8]",0,0,0,0,0,0,0,1,1
"N_actual[65,8]",0,0,0,0,0,0,0,1,1
"N_actual[66,8]",0,0,0,0,0,0,0,1,1
"N_actual[67,8]",0,0,0,0,0,0,0,1,1
"N_actual[68,8]",0,0,0,0,0,0,0,1,1
"N_actual[69,8]",0,0,0,0,0,0,0,1,1
"N_actual[70,8]",0,0,0,0,0,0,0,1,1
"N_actual[71,8]",0,0,0,0,0,0,0,1,1
"N_actual[72,8]",0,0,0,0,0,0,0,1,1
"N_actual[73,8]",0,0,0,0,0,0,0,1,1
"N_actual[74,8]",0,0,0,0,0,0,0,1,1
"N_actual[75,8]",0,0,0,0,0,0,0,1,1
"N_actual[76,8]",0,0,0,0,0,0,0,1,1
"N_actual[77,8]",0,0,0,0,0,0,0,1,1
"N_actual[78,8]",0,0,0,0,0,0,0,1,1
"N_actual[79,8]",0,0,0,0,0,0,0,1,1
"N_actual[80,8]",0,0,0,0,0,0,0,1,1
"N_actual[81,8]",0.274888888888889,1.37541172204681,0,0,0,0,4,1.20640161495964,95
"N_actual[82,8]",0.143333333333333,0.829309468721144,0,0,0,0,2,1.04991822176422,430
"N_actual[83,8]",0.148777777777778,0.918611899878056,0,0,0,0,2,1.07492946217113,710
"N_actual[84,8]",0.191333333333333,1.08595596904636,0,0,0,0,3,1.14508968743605,220
"N_actual[85,8]",0.138444444444444,0.756311974872918,0,0,0,0,2,1.0144608600288,2000
"N_actual[86,8]",0.179222222222222,1.05404119455632,0,0,0,0,3,1.12635909644199,410
"N_actual[87,8]",0.120888888888889,0.759023422669262,0,0,0,0,2,1.07916332894556,360
"N_actual[88,8]",0.176333333333333,0.983990020069061,0,0,0,0,3,1.09663856428394,300
"N_actual[89,8]",0.131222222222222,0.817767645584118,0,0,0,0,2,1.00723092502114,3000
"N_actual[90,8]",1.38288888888889,5.32162135425669,0,0,0,0,21,1.39867501217289,18
"N_actual[91,8]",0.222666666666667,1.10357972516764,0,0,0,0,4,1.06625200987651,260
"N_actual[92,8]",0.116333333333333,0.708182377818992,0,0,0,0,2,1.01939801956214,2400
"N_actual[93,8]",0.159777777777778,0.892377342513119,0,0,0,0,2,1.0282134218723,2900
"N_actual[94,8]",0.251222222222222,1.32835533580497,0,0,0,0,4,1.08664741316996,250
"N_actual[95,8]",0.235333333333333,1.31644711388915,0,0,0,0,3,1.18371030517799,180
"N_actual[96,8]",0.142222222222222,0.798512031289007,0,0,0,0,2,1.01272758764367,3900
"N_actual[97,8]",0.197666666666667,0.95848663681828,0,0,0,0,3,1.03205253352527,380
"N_actual[98,8]",0.147111111111111,0.837318868756227,0,0,0,0,2,1.03137470274014,1700
"N_actual[99,8]",0.337,1.58665954089782,0,0,0,0,5,1.11909673548656,240
"N_actual[100,8]",0.213777777777778,1.21271789520935,0,0,0,0,3,1.13362525661132,230
"alpha[1]",0.727054706739002,0.952936994343874,-0.946731528803933,0.0605485534429064,0.676027362503349,1.31243496850382,2.85570609265281,1.4768313089768,8
"alpha[2]",0.587806608583976,1.05393518498228,-1.32787112543238,-0.0888383038131797,0.518382007732824,1.21222580784745,2.88168799455618,1.43832043785408,9
"alpha[3]",0.635055714674981,1.01227466667777,-1.17620881383161,-0.0272529264441111,0.572587062227441,1.22381183938224,2.9271140496128,1.44161498727341,8
"alpha[4]",1.07286021736033,0.949733273571896,-0.673974981863173,0.345215696656363,1.02713013083608,1.74940108207752,2.93037373533678,1.44712732459838,8
"alpha[5]",0.852513577619462,1.03479600373003,-0.964968411743117,0.128963678010928,0.779404181958077,1.47296500525058,3.1184402415685,1.47481677825146,8
"alpha[6]",0.796319327148847,0.943494060965319,-0.892407610932792,0.136332746766951,0.747599240350656,1.38287198470847,2.90951388629862,1.44621378850632,8
"alpha[7]",0.655589124458125,0.987706345613496,-1.12746754827392,-0.00456158057944266,0.603129993898546,1.25365532027622,2.90152868871103,1.42500743883558,9
"alpha[8]",0.642861603874032,0.948506728741755,-1.05883113643303,0.00851929259919234,0.59294948755262,1.22522501415176,2.79036686744307,1.40692061528441,9
"beta[1]",1.03835181177906,0.429281549465068,0.0835703632603137,0.785944049087359,1.08954420931596,1.33922679612039,1.74179148659928,1.01968697183015,110
"beta[2]",1.30315385442312,0.28060487430428,0.769130573621335,1.11410754466905,1.29716182542931,1.49140916323353,1.86045486952266,1.0209925164303,120
"beta[3]",1.20353416589325,0.337037874173519,0.505844022129268,0.99526944710556,1.21947076661794,1.42187463198085,1.82836227355363,1.01587921069644,160
"beta[4]",1.44313454971746,0.246694437251756,0.9917760031255,1.2611149164596,1.43771504534278,1.60781989671291,1.93007535028697,1.02921762625757,79
"beta[5]",1.16940562800266,0.566713100994032,-0.0921195731146655,0.89236400100721,1.21554081899351,1.47998807873242,2.19995266199568,1.00885787077584,290
"beta[6]",1.08737509437701,0.370445711580918,0.305280290974386,0.851583166624697,1.11681925043338,1.34009072645046,1.75092766308687,1.05248819253126,45
"beta[7]",1.11064806435418,0.489246879809849,-0.0467592527720833,0.855930386619067,1.16947926694599,1.42556152151512,1.9128201222647,1.0110782774909,200
"beta[8]",1.01439787567335,0.546717360267305,-0.255512238231353,0.71169282985496,1.10583675013607,1.38868256035918,1.87593118621304,1.02182314217421,99
"deviance",547.998455654422,8.8344066551032,531.322131807153,542.120869179862,547.767110264947,553.680368590326,566.066199847269,1.02622530142055,87
"eta[1]",-6.99557242532304,0.898652369612986,-8.78081032353899,-7.60069002934968,-7.00113314880423,-6.38684151141019,-5.2427519141496,1.27391966020768,11
"eta[2]",-5.39207266303427,0.981272401681218,-7.53007622604338,-6.00081096777773,-5.3247627130509,-4.70629505258836,-3.65249264654219,1.37275717758608,9
"eta[3]",-6.40386314826642,1.2413962529519,-8.98103142272974,-7.20012113601408,-6.34446909877991,-5.56373629932013,-4.07576628379838,1.11748148394372,22
"eta[4]",-5.96135735940502,1.10515985794193,-8.15725344630806,-6.7034313822511,-5.94333610356825,-5.19459551520479,-3.87205713857775,1.22748627099889,13
"eta[5]",-4.87683005987871,0.806888785728525,-6.51466333885664,-5.44016095313691,-4.88191201809308,-4.2883679472299,-3.38608601656706,1.42451358939675,8
"eta[6]",-6.49773965804687,1.2631178524453,-9.10480984844522,-7.29537590158125,-6.44768986480711,-5.63576239643209,-4.18687682814613,1.15530729623934,18
"eta[7]",-5.47635683969418,0.992350599169739,-7.53740180987438,-6.11302348463139,-5.42658408002954,-4.78690716693285,-3.65008043514586,1.31078891936551,11
"eta[8]",-5.29161587916488,0.879788278204232,-7.07505487777621,-5.89170463282083,-5.28840974502371,-4.66314499065822,-3.67117340490567,1.35800139138756,10
"eta[9]",-5.86588422755061,0.992842010244607,-7.87455218848077,-6.52767707786687,-5.86231784379581,-5.17952060118534,-4.02743006739335,1.23554723301007,13
"eta[10]",-6.67128131941407,1.2696735568434,-9.31713069225673,-7.47222224992549,-6.62999333856198,-5.81215247639629,-4.34784290943572,1.13177811884716,20
"eta[11]",-6.58299052740947,1.23698529449499,-9.17178954270554,-7.3696917132984,-6.53465168807225,-5.7400286479647,-4.30824113408698,1.15618740404587,17
"eta[12]",-6.43313547931321,1.20587923544031,-8.85474152922142,-7.21663751874712,-6.4011806806622,-5.61295133259694,-4.1901799352008,1.12350629136852,21
"eta[13]",-6.30255994019867,1.29070548100388,-8.96102259449797,-7.13068711178657,-6.26705344466819,-5.41342648423392,-3.88146385135246,1.15130920026934,18
"eta[14]",-6.69111655028315,1.20995817647941,-9.14302918285932,-7.45547597858466,-6.67579468816844,-5.86168819569163,-4.44765029865716,1.13789890712166,19
"eta[15]",-6.26448099750368,0.884042310409446,-8.03136580208525,-6.86299505149948,-6.28282626342613,-5.6537363488837,-4.56087331094778,1.32046144255306,10
"eta[16]",-5.83031430641076,0.999342675799351,-7.90292238073847,-6.4860896469684,-5.79844162895816,-5.12497059947737,-3.97401204945105,1.26002773054533,12
"eta[17]",-5.83430562240825,1.09715516843428,-8.02518411517876,-6.56746959128297,-5.81261238106618,-5.06857455887845,-3.76632004746083,1.21728106305654,14
"eta[18]",-6.03645143341684,0.884871151063418,-7.82323241961762,-6.64428257709303,-6.02714501780781,-5.40260032975472,-4.37732089580908,1.48627489574312,8
"eta[19]",-6.33177171066874,1.29929710553967,-8.99287351624754,-7.17284408123422,-6.28683662605304,-5.4661860217255,-3.89996137532803,1.15316846133963,18
"eta[20]",-6.12201616220126,1.02015256125345,-8.21089913579264,-6.78610629851107,-6.09629296714436,-5.38917593464302,-4.26215445771481,1.3213644728378,10
"eta[21]",-6.1823526159635,1.27686715964351,-8.76980741384243,-6.99265117824495,-6.13446432856356,-5.34129054709672,-3.81217752825416,1.14063088336397,19
"eta[22]",-6.15847298753719,1.28201675380908,-8.78539317745349,-6.96943100940723,-6.12786973107141,-5.30249195509036,-3.69860133836672,1.14003679913592,19
"eta[23]",-6.18943717550221,1.28755422029023,-8.8334262526687,-7.00373871770223,-6.13306395068176,-5.33939900437022,-3.76994711558803,1.12531197396421,21
"eta[24]",-6.17129459866265,1.2930455674174,-8.78848326687235,-6.9942312806207,-6.13746296789618,-5.30426563876948,-3.72560381676529,1.12839396291798,20
"eta[25]",-6.1887097994436,1.28713024546877,-8.84182416672427,-7.00572517133945,-6.16750075865234,-5.33468725890451,-3.75684571407051,1.1334242380171,20
"eta[26]",-6.16531230605858,1.27553767352067,-8.70529566970929,-6.97571718634046,-6.12448117440517,-5.31977865230497,-3.76195042898721,1.13212567283876,20
"eta[27]",-6.16852630194521,1.29513725290278,-8.8152591017512,-6.9989789338165,-6.14163944054291,-5.299347482592,-3.76506392587092,1.14588972568849,18
"eta[28]",-6.17140363488742,1.28144662749698,-8.81588792093045,-6.98391684415184,-6.14252032011607,-5.2995442908808,-3.7429431052231,1.13710887428631,19
"eta[29]",-6.15902712319232,1.29050720381276,-8.75640119645787,-6.97867768358763,-6.13504626301096,-5.34312643222738,-3.66197675549512,1.1391282241246,19
"eta[30]",-6.16806056181531,1.2650161593714,-8.72161818605376,-6.99258057150913,-6.13507233974365,-5.3335229237032,-3.70781119463261,1.1549933816037,17
"eta[31]",-6.18851064163759,1.2796656155186,-8.83585403290051,-6.99989836940331,-6.15219919466113,-5.34702313581202,-3.76816140201633,1.12046103409149,21
"eta[32]",-6.16971851460893,1.28110063316765,-8.79196059888947,-6.98819381913686,-6.12851962756975,-5.30960357325811,-3.74078456540399,1.14379793847828,19
"eta[33]",-6.17739481547015,1.2689167723444,-8.75886679490816,-7.00024773688804,-6.15748811759059,-5.31331299098071,-3.75010018085015,1.12979146527687,20
"eta[34]",-6.16980700123941,1.28358466671343,-8.73827902655029,-7.00140039075747,-6.13601279499044,-5.31293850085286,-3.75385991671196,1.13876693449148,19
"eta[35]",-6.16913036904671,1.27568500434171,-8.74415212292481,-6.9901200809932,-6.13386894045963,-5.30835547038066,-3.78712356457904,1.13138111475817,20
"eta[36]",-6.17211721804361,1.28173841440174,-8.82832658517963,-6.9905092755672,-6.1375114600143,-5.31778518168101,-3.73043772647062,1.14219812204365,19
"eta[37]",-6.1725897488614,1.30301304118086,-8.80035981846898,-6.99568205245361,-6.14820051875825,-5.30953454865706,-3.71477362752794,1.14184113737165,19
"eta[38]",-6.17819029122353,1.27485814215588,-8.73675857346384,-6.99296370288007,-6.13067076746909,-5.32846631916268,-3.81270873738824,1.13409353602777,20
"eta[39]",-6.17703592866304,1.29396827688811,-8.7872496785268,-6.98680289324262,-6.15754206745241,-5.30700045123803,-3.71578705994656,1.13002901169253,20
"eta[40]",-6.18528324758244,1.2939982569986,-8.82017237811557,-7.01077592279847,-6.14666862948465,-5.31276727073273,-3.74744654244496,1.13174512974933,20
"eta[41]",-6.17853115861902,1.2928786650221,-8.82691127187805,-7.01264273876765,-6.14537224519611,-5.30035423802658,-3.73068572522449,1.14098300550445,19
"eta[42]",-6.182957274349,1.29454135214003,-8.76874031119212,-7.03353350577266,-6.15671448773346,-5.30555492597856,-3.6976628110308,1.14658472472891,18
"eta[43]",-6.17213710371196,1.2761968130896,-8.79012585403167,-6.9927606806965,-6.16256706217002,-5.33570217535465,-3.74731146635942,1.13161948347743,20
"eta[44]",-6.17200303353746,1.29155564924708,-8.75367014832249,-6.98937547540149,-6.15343893120128,-5.32202921152225,-3.68722018966935,1.13866849258693,19
"eta[45]",-6.17826779674324,1.30321257150592,-8.85943087176813,-7.01473595319242,-6.1515411010718,-5.30003311711574,-3.69768273278994,1.13435163560777,20
"eta[46]",-6.17911324533961,1.28891726565469,-8.78735362355264,-7.0014507105734,-6.1636934301432,-5.31178144373082,-3.76187844852317,1.14345456663519,19
"eta[47]",-6.17578920926931,1.2906034681514,-8.77405399857176,-7.00712500729913,-6.12596008468319,-5.32582877977662,-3.73605346199521,1.13475240392696,20
"eta[48]",-6.16921915797915,1.2933099672042,-8.84538024244961,-6.97628111785239,-6.13697663101761,-5.30609419109805,-3.71997637732368,1.12466798799168,21
"eta[49]",-6.17461124404563,1.29063969578459,-8.7913518596964,-6.9817067486582,-6.16380619741996,-5.3240869565862,-3.7074216279056,1.11649775707009,22
"eta[50]",-6.16156711862679,1.31115809201302,-8.76367021876478,-7.00100831867408,-6.14266865503555,-5.2942363336142,-3.63731514750519,1.13193448389371,20
"eta[51]",-6.16793119899395,1.28758915371183,-8.72768637448784,-6.99157339924597,-6.13716881831122,-5.32661981880623,-3.67682388592395,1.12303642248239,21
"eta[52]",-6.17462954105489,1.29866008250979,-8.79441759364979,-7.02287077175681,-6.14928667805958,-5.28476364892485,-3.7254078979883,1.14513947553952,18
"eta[53]",-6.17285757342905,1.28028582380151,-8.74254442872235,-6.9930215942768,-6.14573243318656,-5.30848183070231,-3.70366505077506,1.13418986263219,20
"eta[54]",-6.16926451082479,1.27198675190885,-8.73753946132691,-6.97890709986691,-6.16390562966093,-5.33438174147561,-3.73625667531623,1.140594871626,19
"eta[55]",-6.18220619639093,1.28394447759882,-8.77519962199364,-7.00707182793999,-6.16321194960448,-5.3378276864959,-3.69666859472484,1.1296084864088,20
"eta[56]",-6.18161599637803,1.28312335641756,-8.78128187114121,-7.00726588318142,-6.1439045229181,-5.33175806482862,-3.74675509155711,1.14452851301498,19
"eta[57]",-6.15789333528047,1.31011914748035,-8.79537013267926,-6.99348917680785,-6.12169079692129,-5.28426214125705,-3.66927665163878,1.14036623543409,19
"eta[58]",-6.17823556278967,1.29370344765026,-8.79512093633917,-7.00544719831941,-6.15991334158779,-5.30080531129883,-3.73124351346438,1.13520042236794,20
"eta[59]",-6.16797852537002,1.29848918138787,-8.80737645389743,-6.99221559222168,-6.14600255307121,-5.28872739740956,-3.73175915087576,1.13217695308239,20
"eta[60]",-6.1578789610395,1.28513846875183,-8.74400326978873,-6.98179201514796,-6.12667612139606,-5.2941529275121,-3.74138910993902,1.12349575465178,21
"eta[61]",-6.15639192880533,1.29331492491879,-8.79929199381088,-6.97086760470118,-6.12161564593119,-5.32218449712918,-3.65830442617721,1.13012443722015,20
"eta[62]",-6.18554814215025,1.28169920038919,-8.86080969354248,-6.99818292026567,-6.14014812715217,-5.33468176644619,-3.81129501903942,1.13147418750319,20
"eta[63]",-6.16504354222697,1.27123747985664,-8.75855046500984,-6.98273988019298,-6.13203328905324,-5.32321579889154,-3.75079740617412,1.14857826051855,18
"eta[64]",-6.17380836251663,1.29837942377726,-8.77422574164615,-7.02017559375201,-6.14111181251462,-5.32138076326862,-3.66182622985261,1.14326361280508,19
"eta[65]",-6.1900347873234,1.28173673139276,-8.78305949872114,-7.00932045359828,-6.16064129485138,-5.33609048342112,-3.72648382128816,1.1329265833096,20
"eta[66]",-6.17388943792102,1.29802308620401,-8.7435422736648,-7.0136807269852,-6.15765357143165,-5.29737595588148,-3.74568273990639,1.12867598020636,20
"eta[67]",-6.17894442985798,1.29103666406614,-8.77482681533095,-6.99696384651929,-6.15163617957318,-5.32973330793269,-3.71989355308019,1.12148559100404,21
"eta[68]",-6.1744517783948,1.28396484297613,-8.79192972745989,-7.00317104544184,-6.12807551750032,-5.30167814052855,-3.79623524310519,1.12884353722934,20
"eta[69]",-6.17898774130743,1.28417324887301,-8.84613936616928,-7.00433388820042,-6.14574201532021,-5.33657886926285,-3.74075158818047,1.137554923153,19
"eta[70]",-6.17016148625168,1.28511558453197,-8.7497766760629,-7.01538097739927,-6.1542188576553,-5.31232143920259,-3.72897884112829,1.12997848822068,20
"eta[71]",-6.1672649166475,1.28013171834553,-8.7430029229318,-6.98995669193749,-6.13865566603061,-5.31642147092187,-3.72454952475776,1.14280647764803,19
"eta[72]",-6.18390779887772,1.29932067272103,-8.87430806985503,-6.98554154769407,-6.15533230621059,-5.31026403149088,-3.71169248358685,1.14369391701081,19
"eta[73]",-6.16605042195844,1.28664495618474,-8.80226189861466,-6.98130365112119,-6.14416075389131,-5.2988725024745,-3.75010617327195,1.13481220389928,20
"eta[74]",-6.1652324751763,1.30219589500486,-8.80845924500818,-7.00973631368927,-6.16088636599712,-5.30224001686521,-3.69021111831116,1.12725203160399,21
"eta[75]",-6.16368495032382,1.2898355068048,-8.83354872029035,-6.97269927146006,-6.13701825424138,-5.31049707654688,-3.73241642726067,1.14129553613561,19
"eta[76]",-6.18151143629418,1.26777052818041,-8.7273057701419,-7.01497706918848,-6.16467469782575,-5.33130380009093,-3.76238947246348,1.13905963427308,19
"eta[77]",-6.17972281043138,1.27223766173444,-8.70156561800895,-6.99608543656704,-6.15303148455377,-5.32477460578366,-3.75658797596019,1.12466672030084,21
"eta[78]",-6.16382920758847,1.2850861859985,-8.74461314035065,-6.97609829965973,-6.1357071347283,-5.31081173258398,-3.71575019758857,1.13909317075172,19
"eta[79]",-6.16271432207976,1.2777566287648,-8.73516884799336,-6.98030171594746,-6.15753573294574,-5.30331593191061,-3.71300265950899,1.15024157958937,18
"eta[80]",-6.17769368714071,1.29926109546992,-8.80775590443746,-6.99477514974996,-6.14616600226722,-5.31486078725162,-3.68479913081537,1.14029667027622,19
"eta[81]",-6.29485656053587,1.28825383600627,-8.92436924528917,-7.11281508128133,-6.26963475058855,-5.42685877419283,-3.87798793636722,1.14005104567329,19
"eta[82]",-6.27905934624456,1.26624514670297,-8.80682596145725,-7.08630478878438,-6.23890511806494,-5.43615241361558,-3.88966822076193,1.11920573676666,22
"eta[83]",-6.27163471903509,1.26011906012782,-8.8435372170436,-7.08957924468254,-6.23440514111736,-5.44314221302175,-3.90212141115099,1.13282444681618,20
"eta[84]",-6.27911921675721,1.27756849749886,-8.8737568111887,-7.0928135145338,-6.2377547089039,-5.43368278828863,-3.83450351628765,1.12107973025825,21
"eta[85]",-6.28894242226627,1.27907750601791,-8.90788543484697,-7.08784105566597,-6.25860546971758,-5.43734614974893,-3.88778615330312,1.12282216607014,21
"eta[86]",-6.28675149643659,1.26081592866899,-8.82034405347266,-7.10738268327475,-6.25510899310728,-5.42293104073531,-3.93143736741486,1.14241332532853,19
"eta[87]",-6.30561150637383,1.27218697371822,-8.87422665350959,-7.10447805424858,-6.28149048408638,-5.46258349704893,-3.87440964139207,1.15707433352837,17
"eta[88]",-6.28124518688364,1.25883464036534,-8.82450246386714,-7.08699901896851,-6.25634251499632,-5.43012765642392,-3.89523648464473,1.12985492820459,20
"eta[89]",-6.28156071884763,1.2690638483227,-8.80064364463533,-7.08203218610681,-6.25558772363442,-5.44991180500797,-3.82377138195799,1.12473274145586,21
"eta[90]",-6.30361483251503,1.29053312569269,-8.95359599786897,-7.133847674813,-6.26144316143603,-5.43188451885829,-3.89814297003289,1.14051931547164,19
"eta[91]",-6.30679192490112,1.29173193396507,-9.01052134981284,-7.14201511391678,-6.27208271513657,-5.41529150253954,-3.93403632011565,1.13676670713223,19
"eta[92]",-6.25637117998945,1.27276977810977,-8.86054847849184,-7.06652009972621,-6.239413334595,-5.41111993811353,-3.81476473308964,1.13202912558457,20
"eta[93]",-6.26167652328754,1.27277084638365,-8.80263815635302,-7.09937140495478,-6.22590232005888,-5.40028849378776,-3.87356188073181,1.12994573339885,20
"eta[94]",-6.29489838415854,1.26755316044893,-8.80688767673533,-7.13420508617314,-6.27550783269527,-5.4198573609089,-3.90668064968056,1.14158496602166,19
"eta[95]",-6.26449684242769,1.25908230578026,-8.82398926096351,-7.08016098635627,-6.21887199396321,-5.41589144502547,-3.89175177266728,1.13855364584887,19
"eta[96]",-6.27343106042436,1.28062560342904,-8.83576454068179,-7.09644771063448,-6.23559084703885,-5.43493355762738,-3.80974087818169,1.13964077481021,19
"eta[97]",-6.28374204008611,1.27580983918378,-8.86632009406319,-7.12560415258182,-6.24722693154033,-5.40972866866243,-3.885453947777,1.12599157464514,21
"eta[98]",-6.30315081795337,1.27951362710555,-8.88224766230344,-7.12630578658889,-6.27944964435787,-5.44837282771498,-3.88432468711136,1.13218238055148,20
"eta[99]",-6.29185348399342,1.26692401230957,-8.83731537911433,-7.10717238952868,-6.25398660961718,-5.43037705035422,-3.93139014234379,1.1566572831664,17
"eta[100]",-6.26480564855134,1.27962977668456,-8.88047330017032,-7.07556698960012,-6.21673809721267,-5.40274008898298,-3.90627053106098,1.12234106557177,21
"lambda_actual[1,1]",2.59729942204013,4.14855565811223,0,0,0,3.93620234677747,14.3394399131156,1.15876648919253,34
"lambda_actual[2,1]",2.04880648437184,4.21051910996066,0,0,0.464147730954823,2.07205727430462,17.3040407345859,1.41783987116495,14
"lambda_actual[3,1]",0.577315220029752,1.34608652551751,0,0,0,0.352203654589708,4.74582679025426,1.07264819852797,200
"lambda_actual[4,1]",0.498632290944235,1.11808396160181,0,0,0,0.240210083236383,3.88458361346777,1.0072488989916,9000
"lambda_actual[5,1]",3.36305685571078,4.14230794135909,0.388007143361069,1.06241918042707,1.96605178665233,3.71520912447695,17.386709502294,1.4768313089768,8
"lambda_actual[6,1]",0.684685102455482,1.39549298661067,0,0,0,0.864782727520156,5.02756530399374,1.026411813385,1100
"lambda_actual[7,1]",3.36305685571078,4.14230794135909,0.388007143361069,1.06241918042707,1.96605178665233,3.71520912447695,17.386709502294,1.4768313089768,8
"lambda_actual[8,1]",2.15457305713442,4.24181501189912,0,0,0.556344122517808,2.31297373215501,17.2846378333626,1.41615720032723,14
"lambda_actual[9,1]",9.76656539472778,10.5930356386784,1.23414963163919,3.48515890983529,6.36511936695973,11.6670834437118,43.4549098265135,1.44529727915888,8
"lambda_actual[10,1]",4.86731795003179,13.8271713814788,0,0,0,0,47.3050203854109,1.02657909825213,260
"lambda_actual[11,1]",1.13803602911916,1.83750897710492,0,0,0,1.66412843982797,6.43309126141925,1.13023172502826,75
"lambda_actual[12,1]",0.596295069968137,1.30383579033812,0,0,0,0.574156583205206,4.61711178239832,1.00270167178386,1800
"lambda_actual[13,1]",0.172192542838305,0.660712998362919,0,0,0,0,2.40688936865023,1.02818504010807,900
"lambda_actual[14,1]",2.21495166909892,4.32175522711523,0,0,0.544834177453111,2.31169532624644,17.3672457960854,1.43981170730233,12
"lambda_actual[15,1]",0.331745142565739,1.16872999472813,0,0,0,0,3.45581331309438,1.05338343729334,470
"lambda_actual[16,1]",0.812793015358239,1.75618368468501,0,0,0,0.991958760596942,5.49904055055192,1.12855883433491,110
"lambda_actual[17,1]",0.26549802104426,0.858195644399038,0,0,0,0,2.99204680533394,1.01996706417063,840
"lambda_actual[18,1]",25.0831297693162,27.9912512572417,1.96595059038711,7.93203158614521,16.4394826419295,31.3480207938136,103.063119073985,1.27419252084162,11
"lambda_actual[19,1]",1.33442770924233,4.16057702798688,0,0,0,0,17.2608579330163,1.41932587542382,15
"lambda_actual[20,1]",1.16342628009534,1.84943592941036,0,0,0,1.69429916643477,6.55292640850523,1.10700818376573,77
"lambda_actual[21,1]",0,0,0,0,0,0,0,1,1
"lambda_actual[22,1]",0,0,0,0,0,0,0,1,1
"lambda_actual[23,1]",0,0,0,0,0,0,0,1,1
"lambda_actual[24,1]",0,0,0,0,0,0,0,1,1
"lambda_actual[25,1]",0,0,0,0,0,0,0,1,1
"lambda_actual[26,1]",0,0,0,0,0,0,0,1,1
"lambda_actual[27,1]",0,0,0,0,0,0,0,1,1
"lambda_actual[28,1]",0,0,0,0,0,0,0,1,1
"lambda_actual[29,1]",0,0,0,0,0,0,0,1,1
"lambda_actual[30,1]",0,0,0,0,0,0,0,1,1
"lambda_actual[31,1]",0,0,0,0,0,0,0,1,1
"lambda_actual[32,1]",0,0,0,0,0,0,0,1,1
"lambda_actual[33,1]",0,0,0,0,0,0,0,1,1
"lambda_actual[34,1]",0,0,0,0,0,0,0,1,1
"lambda_actual[35,1]",0,0,0,0,0,0,0,1,1
"lambda_actual[36,1]",0,0,0,0,0,0,0,1,1
"lambda_actual[37,1]",0,0,0,0,0,0,0,1,1
"lambda_actual[38,1]",0,0,0,0,0,0,0,1,1
"lambda_actual[39,1]",0,0,0,0,0,0,0,1,1
"lambda_actual[40,1]",0,0,0,0,0,0,0,1,1
"lambda_actual[41,1]",0,0,0,0,0,0,0,1,1
"lambda_actual[42,1]",0,0,0,0,0,0,0,1,1
"lambda_actual[43,1]",0,0,0,0,0,0,0,1,1
"lambda_actual[44,1]",0,0,0,0,0,0,0,1,1
"lambda_actual[45,1]",0,0,0,0,0,0,0,1,1
"lambda_actual[46,1]",0,0,0,0,0,0,0,1,1
"lambda_actual[47,1]",0,0,0,0,0,0,0,1,1
"lambda_actual[48,1]",0,0,0,0,0,0,0,1,1
"lambda_actual[49,1]",0,0,0,0,0,0,0,1,1
"lambda_actual[50,1]",0,0,0,0,0,0,0,1,1
"lambda_actual[51,1]",0,0,0,0,0,0,0,1,1
"lambda_actual[52,1]",0,0,0,0,0,0,0,1,1
"lambda_actual[53,1]",0,0,0,0,0,0,0,1,1
"lambda_actual[54,1]",0,0,0,0,0,0,0,1,1
"lambda_actual[55,1]",0,0,0,0,0,0,0,1,1
"lambda_actual[56,1]",0,0,0,0,0,0,0,1,1
"lambda_actual[57,1]",0,0,0,0,0,0,0,1,1
"lambda_actual[58,1]",0,0,0,0,0,0,0,1,1
"lambda_actual[59,1]",0,0,0,0,0,0,0,1,1
"lambda_actual[60,1]",0,0,0,0,0,0,0,1,1
"lambda_actual[61,1]",0,0,0,0,0,0,0,1,1
"lambda_actual[62,1]",0,0,0,0,0,0,0,1,1
"lambda_actual[63,1]",0,0,0,0,0,0,0,1,1
"lambda_actual[64,1]",0,0,0,0,0,0,0,1,1
"lambda_actual[65,1]",0,0,0,0,0,0,0,1,1
"lambda_actual[66,1]",0,0,0,0,0,0,0,1,1
"lambda_actual[67,1]",0,0,0,0,0,0,0,1,1
"lambda_actual[68,1]",0,0,0,0,0,0,0,1,1
"lambda_actual[69,1]",0,0,0,0,0,0,0,1,1
"lambda_actual[70,1]",0,0,0,0,0,0,0,1,1
"lambda_actual[71,1]",0,0,0,0,0,0,0,1,1
"lambda_actual[72,1]",0,0,0,0,0,0,0,1,1
"lambda_actual[73,1]",0,0,0,0,0,0,0,1,1
"lambda_actual[74,1]",0,0,0,0,0,0,0,1,1
"lambda_actual[75,1]",0,0,0,0,0,0,0,1,1
"lambda_actual[76,1]",0,0,0,0,0,0,0,1,1
"lambda_actual[77,1]",0,0,0,0,0,0,0,1,1
"lambda_actual[78,1]",0,0,0,0,0,0,0,1,1
"lambda_actual[79,1]",0,0,0,0,0,0,0,1,1
"lambda_actual[80,1]",0,0,0,0,0,0,0,1,1
"lambda_actual[81,1]",0.24647832262332,1.04676659706542,0,0,0,0,3.90943662995963,1.03643909183453,660
"lambda_actual[82,1]",0.20280557484165,0.895910031061211,0,0,0,0,3.09467157550987,1.0538229448383,1300
"lambda_actual[83,1]",0.312883014207847,1.23223292736057,0,0,0,0,4.57701941992195,1.15087638621974,110
"lambda_actual[84,1]",0.318532843364759,1.45820920510593,0,0,0,0,4.78440181417446,1.14887280501246,120
"lambda_actual[85,1]",0.277123308869275,1.24818194655892,0,0,0,0,3.99543684291547,1.08436422444315,1400
"lambda_actual[86,1]",0.289834155217168,1.26203724878418,0,0,0,0,4.51157904185564,1.13443097776589,150
"lambda_actual[87,1]",0.318046730749572,1.25092659950212,0,0,0,0,4.409433267882,1.11103419154367,210
"lambda_actual[88,1]",0.192200570460006,0.969773360133001,0,0,0,0,2.64891668002994,1.06169583528459,830
"lambda_actual[89,1]",0.282930536667946,1.26405344111869,0,0,0,0,3.7786428440012,1.12802564258467,240
"lambda_actual[90,1]",0.174398671670678,0.773363369943064,0,0,0,0,2.74259604726723,1.00521334620404,9000
"lambda_actual[91,1]",0.303464032130315,1.26533301460168,0,0,0,0,4.10311758558354,1.06186412004258,330
"lambda_actual[92,1]",0.295605205818136,1.22057349335522,0,0,0,0,4.37421442619606,1.10975260676087,320
"lambda_actual[93,1]",0.247391550688622,1.21923848925086,0,0,0,0,3.55379714421719,1.05095312090515,370
"lambda_actual[94,1]",0.288358901807373,1.4251613227588,0,0,0,0,3.53863047698957,1.09791687601076,420
"lambda_actual[95,1]",0.0952101764555546,0.529748489626965,0,0,0,0,1.63175973927654,1.03080217680879,9000
"lambda_actual[96,1]",0.147070536704659,0.743192339800227,0,0,0,0,2.33535187813209,1.06652509278672,1500
"lambda_actual[97,1]",0.32143159814441,1.43903334980858,0,0,0,0,4.36444647210451,1.1890812685752,120
"lambda_actual[98,1]",0.438853931456872,1.8813229703471,0,0,0,0,6.33800350414828,1.2823346610391,46
"lambda_actual[99,1]",0.281962560061017,1.23854909624572,0,0,0,0,4.0971758660781,1.22215027222871,79
"lambda_actual[100,1]",0.262142304960917,1.16517338419223,0,0,0,0,3.85999043513176,1.08165847091796,370
"lambda_actual[1,2]",0.589102008690837,1.48064158711745,0,0,0,0.314527274817852,5.70904172124793,1.15237304688611,78
"lambda_actual[2,2]",1.66866067810095,5.05372120753093,0,0,0,0.951906917796176,17.3829994093526,1.39314515318015,18
"lambda_actual[3,2]",0.462732521302941,1.52869409727478,0,0,0,0,5.38243246708952,1.01769855429224,2400
"lambda_actual[4,2]",0.305702969620964,0.927742724741423,0,0,0,0,3.17926872324279,1.06535873190732,740
"lambda_actual[5,2]",0.289029818764109,0.781177209789448,0,0,0,0,2.71962202371855,1.01643425683805,1300
"lambda_actual[6,2]",0.591957185342901,1.83153546475443,0,0,0,0,5.81786254175486,1.0320747782827,740
"lambda_actual[7,2]",0.17184848272619,0.747267086013005,0,0,0,0,2.34037300231104,1.03944102855071,1200
"lambda_actual[8,2]",1.0066961006484,2.37475993726157,0,0,0,0,8.20593234433961,1.02318731255031,170
"lambda_actual[9,2]",0.288798566227828,0.837817819666973,0,0,0,0,2.83058217467093,1.02690673029734,9000
"lambda_actual[10,2]",1.70378775623375,5.04789142045352,0,0,0,1.0459690693945,17.3829994093526,1.3668663292038,21
"lambda_actual[11,2]",0.615672155335566,1.38697934884073,0,0,0,0.67186105483242,4.79513317178648,1.09005713527631,290
"lambda_actual[12,2]",0.339110366967363,1.00933506864365,0,0,0,0,3.29308098407284,1.02250555518256,1800
"lambda_actual[13,2]",0.114623468236281,0.537575474594635,0,0,0,0,1.68397046216239,1.06441126465607,2100
"lambda_actual[14,2]",1.31990179465866,3.85876061448482,0,0,0,0,13.7147732458312,1.31252780393065,18
"lambda_actual[15,2]",1.72581819723012,5.87741607712968,0,0,0,0,22.07291470602,1.44269053897825,14
"lambda_actual[16,2]",1.59457314628408,5.13868294361878,0,0,0,0.561007952580807,17.8437939810019,1.39986729271009,18
"lambda_actual[17,2]",0.271767405281101,1.48382694862637,0,0,0,0,2.4961238344306,1.25970841547976,140
"lambda_actual[18,2]",131.094510345381,146.11870539927,12.7493283838795,43.200195240188,82.0730773949397,163.549117821117,550.381977619242,1.43979993832451,8
"lambda_actual[19,2]",0.18631204376365,0.937997172685219,0,0,0,0,2.99993146818645,1.09413314389704,330
"lambda_actual[20,2]",1.87267025393058,5.20015631728515,0,0,0,1.16871331674523,17.8437939810019,1.40090896246222,16
"lambda_actual[21,2]",0,0,0,0,0,0,0,1,1
"lambda_actual[22,2]",0,0,0,0,0,0,0,1,1
"lambda_actual[23,2]",0,0,0,0,0,0,0,1,1
"lambda_actual[24,2]",0,0,0,0,0,0,0,1,1
"lambda_actual[25,2]",0,0,0,0,0,0,0,1,1
"lambda_actual[26,2]",0,0,0,0,0,0,0,1,1
"lambda_actual[27,2]",0,0,0,0,0,0,0,1,1
"lambda_actual[28,2]",0,0,0,0,0,0,0,1,1
"lambda_actual[29,2]",0,0,0,0,0,0,0,1,1
"lambda_actual[30,2]",0,0,0,0,0,0,0,1,1
"lambda_actual[31,2]",0,0,0,0,0,0,0,1,1
"lambda_actual[32,2]",0,0,0,0,0,0,0,1,1
"lambda_actual[33,2]",0,0,0,0,0,0,0,1,1
"lambda_actual[34,2]",0,0,0,0,0,0,0,1,1
"lambda_actual[35,2]",0,0,0,0,0,0,0,1,1
"lambda_actual[36,2]",0,0,0,0,0,0,0,1,1
"lambda_actual[37,2]",0,0,0,0,0,0,0,1,1
"lambda_actual[38,2]",0,0,0,0,0,0,0,1,1
"lambda_actual[39,2]",0,0,0,0,0,0,0,1,1
"lambda_actual[40,2]",0,0,0,0,0,0,0,1,1
"lambda_actual[41,2]",0,0,0,0,0,0,0,1,1
"lambda_actual[42,2]",0,0,0,0,0,0,0,1,1
"lambda_actual[43,2]",0,0,0,0,0,0,0,1,1
"lambda_actual[44,2]",0,0,0,0,0,0,0,1,1
"lambda_actual[45,2]",0,0,0,0,0,0,0,1,1
"lambda_actual[46,2]",0,0,0,0,0,0,0,1,1
"lambda_actual[47,2]",0,0,0,0,0,0,0,1,1
"lambda_actual[48,2]",0,0,0,0,0,0,0,1,1
"lambda_actual[49,2]",0,0,0,0,0,0,0,1,1
"lambda_actual[50,2]",0,0,0,0,0,0,0,1,1
"lambda_actual[51,2]",0,0,0,0,0,0,0,1,1
"lambda_actual[52,2]",0,0,0,0,0,0,0,1,1
"lambda_actual[53,2]",0,0,0,0,0,0,0,1,1
"lambda_actual[54,2]",0,0,0,0,0,0,0,1,1
"lambda_actual[55,2]",0,0,0,0,0,0,0,1,1
"lambda_actual[56,2]",0,0,0,0,0,0,0,1,1
"lambda_actual[57,2]",0,0,0,0,0,0,0,1,1
"lambda_actual[58,2]",0,0,0,0,0,0,0,1,1
"lambda_actual[59,2]",0,0,0,0,0,0,0,1,1
"lambda_actual[60,2]",0,0,0,0,0,0,0,1,1
"lambda_actual[61,2]",0,0,0,0,0,0,0,1,1
"lambda_actual[62,2]",0,0,0,0,0,0,0,1,1
"lambda_actual[63,2]",0,0,0,0,0,0,0,1,1
"lambda_actual[64,2]",0,0,0,0,0,0,0,1,1
"lambda_actual[65,2]",0,0,0,0,0,0,0,1,1
"lambda_actual[66,2]",0,0,0,0,0,0,0,1,1
"lambda_actual[67,2]",0,0,0,0,0,0,0,1,1
"lambda_actual[68,2]",0,0,0,0,0,0,0,1,1
"lambda_actual[69,2]",0,0,0,0,0,0,0,1,1
"lambda_actual[70,2]",0,0,0,0,0,0,0,1,1
"lambda_actual[71,2]",0,0,0,0,0,0,0,1,1
"lambda_actual[72,2]",0,0,0,0,0,0,0,1,1
"lambda_actual[73,2]",0,0,0,0,0,0,0,1,1
"lambda_actual[74,2]",0,0,0,0,0,0,0,1,1
"lambda_actual[75,2]",0,0,0,0,0,0,0,1,1
"lambda_actual[76,2]",0,0,0,0,0,0,0,1,1
"lambda_actual[77,2]",0,0,0,0,0,0,0,1,1
"lambda_actual[78,2]",0,0,0,0,0,0,0,1,1
"lambda_actual[79,2]",0,0,0,0,0,0,0,1,1
"lambda_actual[80,2]",0,0,0,0,0,0,0,1,1
"lambda_actual[81,2]",0.146646809688092,0.93044008671912,0,0,0,0,2.08821627143445,1.20152860238651,270
"lambda_actual[82,2]",0.200754937153962,0.959998775587869,0,0,0,0,3.69430252605423,1.09017363724141,340
"lambda_actual[83,2]",0.226280864873098,1.25075189135806,0,0,0,0,3.60488870656326,1.20828633471664,110
"lambda_actual[84,2]",0.109605088116446,0.686823003780949,0,0,0,0,1.63181972219708,1.05874735586896,360
"lambda_actual[85,2]",0.278147847896166,1.30786073965312,0,0,0,0,5.04229804885489,1.0733659544039,220
"lambda_actual[86,2]",0.0785458117961441,0.534224929536552,0,0,0,0,1.02934540439071,1.15101388011509,210
"lambda_actual[87,2]",0.227321299558662,1.10249701041953,0,0,0,0,3.79329501604681,1.11735175145772,350
"lambda_actual[88,2]",0.308218651882854,1.43667843264051,0,0,0,0,5.05279174209815,1.1914020954469,74
"lambda_actual[89,2]",0.117660419438372,0.622929762289079,0,0,0,0,2.18032549218626,1.02244487456822,1200
"lambda_actual[90,2]",0.231472635970691,1.42147802054167,0,0,0,0,2.90694167996329,1.212218038961,170
"lambda_actual[91,2]",0.0940186021559276,0.557334145332871,0,0,0,0,1.55331731401728,1.04198640977187,450
"lambda_actual[92,2]",0.0987088567750883,0.623535781577929,0,0,0,0,1.48019627910742,1.09711992606003,300
"lambda_actual[93,2]",0.262446464214873,1.27018331452363,0,0,0,0,4.81063051138885,1.14828256395398,110
"lambda_actual[94,2]",0.0951393431277875,0.648336498878035,0,0,0,0,1.19378075076647,1.06113790576586,830
"lambda_actual[95,2]",0.560044683262216,2.76093974805323,0,0,0,0,9.84290634478486,1.26957425079141,49
"lambda_actual[96,2]",0.216108287456227,1.12669102623741,0,0,0,0,3.7012853629025,1.14904942686864,200
"lambda_actual[97,2]",0.0922044881740003,0.651999844272292,0,0,0,0,1.26372951433579,1.12556340286779,490
"lambda_actual[98,2]",0.210890836318434,1.20043145985662,0,0,0,0,3.16215300398801,1.05106093376685,710
"lambda_actual[99,2]",0.123807809149244,0.77694606147749,0,0,0,0,1.79462480773535,1.12105668066191,200
"lambda_actual[100,2]",0.123170458591884,0.743433735177359,0,0,0,0,2.11777250463122,1.16051035618909,200
"lambda_actual[1,3]",1.80105236483775,3.58936439366105,0,0,0,2.24511619913275,12.6937038613047,1.14836773702637,53
"lambda_actual[2,3]",0.929711969878278,1.6174580040402,0,0,0,1.30377980159629,5.89047845485027,1.13503487841589,57
"lambda_actual[3,3]",0.513719650319557,1.28366947449496,0,0,0,0,4.34461631533495,1.12933162622948,120
"lambda_actual[4,3]",0.680602949446693,1.56945190157997,0,0,0,0.499734074432854,6.04640808014531,1.11251633562138,78
"lambda_actual[5,3]",6.9997846407288,9.11174430103219,0.801428801291594,2.29301649886534,4.14766124312453,7.73982173505332,35.3402682152945,1.50306739781103,8
"lambda_actual[6,3]",0.573820257247423,1.20019153284254,0,0,0,0.634393142556799,4.21916128950595,1.01343785706055,930
"lambda_actual[7,3]",0.316923437571962,1.13247607668873,0,0,0,0,3.64147040653791,1.22470839852751,66
"lambda_actual[8,3]",0.96159586437115,1.65736114743792,0,0,0,1.3669527041064,6.14040116359807,1.13362684015672,53
"lambda_actual[9,3]",1.31228648201865,4.79440213713299,0,0,0,0,16.6412318433453,1.13439051602031,54
"lambda_actual[10,3]",0.93134890507458,1.66433563307262,0,0,0,1.29082314275543,6.25858592812693,1.16546611886363,44
"lambda_actual[11,3]",2.29004521104267,5.56653983678662,0,0,0.379031316509191,1.99766717189066,18.6736616600152,1.42486707507379,15
"lambda_actual[12,3]",1.14377443239175,3.14064755300584,0,0,0,0,11.2986639728559,1.08076322720751,100
"lambda_actual[13,3]",0.247215410642727,0.998538408887982,0,0,0,0,3.04093723477468,1.14544671631703,210
"lambda_actual[14,3]",0.885291118558781,1.55767302097018,0,0,0,1.25260512088746,5.73011218416446,1.11323721943887,92
"lambda_actual[15,3]",0.2871738337615,0.980235031255823,0,0,0,0,3.54267687858484,1.01933915837989,1100
"lambda_actual[16,3]",0.640866364960187,1.36295602572283,0,0,0,0.712241551883521,4.81919653912249,1.08601280882809,140
"lambda_actual[17,3]",0.257159775328359,0.851329922166084,0,0,0,0,3.02463029008708,1.06561711455887,300
"lambda_actual[18,3]",47.9091340222569,56.0440545580882,4.69559635821244,15.3355334040563,30.4356993724312,59.694158495524,196.326401868525,1.38682028937438,9
"lambda_actual[19,3]",0.970578950816268,3.07562909559632,0,0,0,0,11.1290740685679,1.24270220461593,38
"lambda_actual[20,3]",20.1032258676858,22.4795240639128,2.41735489212059,6.79273483916645,12.8561629534808,25.0400042499053,90.2352815254586,1.47965402315222,8
"lambda_actual[21,3]",0,0,0,0,0,0,0,1,1
"lambda_actual[22,3]",0,0,0,0,0,0,0,1,1
"lambda_actual[23,3]",0,0,0,0,0,0,0,1,1
"lambda_actual[24,3]",0,0,0,0,0,0,0,1,1
"lambda_actual[25,3]",0,0,0,0,0,0,0,1,1
"lambda_actual[26,3]",0,0,0,0,0,0,0,1,1
"lambda_actual[27,3]",0,0,0,0,0,0,0,1,1
"lambda_actual[28,3]",0,0,0,0,0,0,0,1,1
"lambda_actual[29,3]",0,0,0,0,0,0,0,1,1
"lambda_actual[30,3]",0,0,0,0,0,0,0,1,1
"lambda_actual[31,3]",0,0,0,0,0,0,0,1,1
"lambda_actual[32,3]",0,0,0,0,0,0,0,1,1
"lambda_actual[33,3]",0,0,0,0,0,0,0,1,1
"lambda_actual[34,3]",0,0,0,0,0,0,0,1,1
"lambda_actual[35,3]",0,0,0,0,0,0,0,1,1
"lambda_actual[36,3]",0,0,0,0,0,0,0,1,1
"lambda_actual[37,3]",0,0,0,0,0,0,0,1,1
"lambda_actual[38,3]",0,0,0,0,0,0,0,1,1
"lambda_actual[39,3]",0,0,0,0,0,0,0,1,1
"lambda_actual[40,3]",0,0,0,0,0,0,0,1,1
"lambda_actual[41,3]",0,0,0,0,0,0,0,1,1
"lambda_actual[42,3]",0,0,0,0,0,0,0,1,1
"lambda_actual[43,3]",0,0,0,0,0,0,0,1,1
"lambda_actual[44,3]",0,0,0,0,0,0,0,1,1
"lambda_actual[45,3]",0,0,0,0,0,0,0,1,1
"lambda_actual[46,3]",0,0,0,0,0,0,0,1,1
"lambda_actual[47,3]",0,0,0,0,0,0,0,1,1
"lambda_actual[48,3]",0,0,0,0,0,0,0,1,1
"lambda_actual[49,3]",0,0,0,0,0,0,0,1,1
"lambda_actual[50,3]",0,0,0,0,0,0,0,1,1
"lambda_actual[51,3]",0,0,0,0,0,0,0,1,1
"lambda_actual[52,3]",0,0,0,0,0,0,0,1,1
"lambda_actual[53,3]",0,0,0,0,0,0,0,1,1
"lambda_actual[54,3]",0,0,0,0,0,0,0,1,1
"lambda_actual[55,3]",0,0,0,0,0,0,0,1,1
"lambda_actual[56,3]",0,0,0,0,0,0,0,1,1
"lambda_actual[57,3]",0,0,0,0,0,0,0,1,1
"lambda_actual[58,3]",0,0,0,0,0,0,0,1,1
"lambda_actual[59,3]",0,0,0,0,0,0,0,1,1
"lambda_actual[60,3]",0,0,0,0,0,0,0,1,1
"lambda_actual[61,3]",0,0,0,0,0,0,0,1,1
"lambda_actual[62,3]",0,0,0,0,0,0,0,1,1
"lambda_actual[63,3]",0,0,0,0,0,0,0,1,1
"lambda_actual[64,3]",0,0,0,0,0,0,0,1,1
"lambda_actual[65,3]",0,0,0,0,0,0,0,1,1
"lambda_actual[66,3]",0,0,0,0,0,0,0,1,1
"lambda_actual[67,3]",0,0,0,0,0,0,0,1,1
"lambda_actual[68,3]",0,0,0,0,0,0,0,1,1
"lambda_actual[69,3]",0,0,0,0,0,0,0,1,1
"lambda_actual[70,3]",0,0,0,0,0,0,0,1,1
"lambda_actual[71,3]",0,0,0,0,0,0,0,1,1
"lambda_actual[72,3]",0,0,0,0,0,0,0,1,1
"lambda_actual[73,3]",0,0,0,0,0,0,0,1,1
"lambda_actual[74,3]",0,0,0,0,0,0,0,1,1
"lambda_actual[75,3]",0,0,0,0,0,0,0,1,1
"lambda_actual[76,3]",0,0,0,0,0,0,0,1,1
"lambda_actual[77,3]",0,0,0,0,0,0,0,1,1
"lambda_actual[78,3]",0,0,0,0,0,0,0,1,1
"lambda_actual[79,3]",0,0,0,0,0,0,0,1,1
"lambda_actual[80,3]",0,0,0,0,0,0,0,1,1
"lambda_actual[81,3]",0.417419251663896,2.02731066901116,0,0,0,0,5.91141162902868,1.25278398871086,72
"lambda_actual[82,3]",0.200021847098835,0.931615940642622,0,0,0,0,3.35931557856375,1.10013687998172,150
"lambda_actual[83,3]",0.381031779800892,2.01797209088644,0,0,0,0,4.70622778931707,1.23669543667569,82
"lambda_actual[84,3]",0.351469535061404,1.55242521501137,0,0,0,0,5.43822874899794,1.10735826223784,160
"lambda_actual[85,3]",0.167210753542567,1.02596084809356,0,0,0,0,2.2910500145434,1.09547380147834,1400
"lambda_actual[86,3]",0.118788313535925,0.635369504382386,0,0,0,0,2.05573999030574,1.11780798450245,190
"lambda_actual[87,3]",0.343788625209433,1.50512452378475,0,0,0,0,5.43195429166893,1.12980402394309,120
"lambda_actual[88,3]",0.222902994918989,1.08079139376611,0,0,0,0,3.78021152211824,1.05173866497214,730
"lambda_actual[89,3]",0.153636151668656,0.770870981259327,0,0,0,0,2.60444415887923,1.07703867250264,230
"lambda_actual[90,3]",0.400896123928464,2.05291723232709,0,0,0,0,5.35820475703499,1.21578605394919,90
"lambda_actual[91,3]",0.273991738756108,1.22998378982354,0,0,0,0,4.22810844268459,1.14517745778226,110
"lambda_actual[92,3]",0.148395281966111,0.932564556878003,0,0,0,0,2.2820794154415,1.08981454434583,430
"lambda_actual[93,3]",0.23801390919322,1.18782178766649,0,0,0,0,3.85889124217524,1.06103530955673,1900
"lambda_actual[94,3]",0.402664862889144,1.750095330544,0,0,0,0,5.49646492070882,1.20722943637868,77
"lambda_actual[95,3]",0.251141978945147,1.22760773056191,0,0,0,0,3.66576356087869,1.25407360586766,62
"lambda_actual[96,3]",0.518153698360718,1.96131033295085,0,0,0,0,7.84035630295293,1.18969257385979,62
"lambda_actual[97,3]",0.173245185336743,0.863933296577553,0,0,0,0,2.82094035646093,1.15432872252191,130
"lambda_actual[98,3]",0.309617408863651,1.5261867121383,0,0,0,0,4.76572017676089,1.1873138210942,120
"lambda_actual[99,3]",0.290887351542051,1.36253851766633,0,0,0,0,4.51979881772441,1.09206300806081,210
"lambda_actual[100,3]",0.213435789783108,1.06384558543099,0,0,0,0,3.32033275540592,1.09154005355436,170
"lambda_actual[1,4]",268.396674140877,252.413651216829,37.7293145788853,106.840685711837,192.457790050098,335.66791034103,961.183644992087,1.33567807585018,10
"lambda_actual[2,4]",2.72232852962829,4.81576951173601,0,0,0.795250668925449,2.95605410197087,18.7002280081494,1.37808651305208,14
"lambda_actual[3,4]",0.547422985179324,1.30917504079018,0,0,0,0,4.68664303919558,1.00908273664279,280
"lambda_actual[4,4]",1.00851348045969,2.1423654490035,0,0,0,1.08121360448194,8.09043825478855,1.02346461092025,360
"lambda_actual[5,4]",112.898952322524,103.636571450836,17.8414736532878,45.0908850575956,82.9314241455961,142.284904545202,411.335706622852,1.41439281977235,9
"lambda_actual[6,4]",2.78277315223385,4.96846322393563,0,0,0,3.29208864957304,18.7339096038176,1.44900551271385,11
"lambda_actual[7,4]",0.337686771402467,1.14391953706784,0,0,0,0,4.10576814809815,1.09234157295133,180
"lambda_actual[8,4]",30.4326488727302,28.195258050536,4.76715153938133,11.4039585229751,21.5995842515427,38.9783481544425,120.487689209291,1.48968519804285,8
"lambda_actual[9,4]",4.55911929855099,4.69403453045758,0.509678582740264,1.41229451402096,2.79303866620504,5.75115717321601,18.7346309820466,1.44712732459838,8
"lambda_actual[10,4]",3.28770905256204,4.9560354933082,0,0,1.28927790921177,4.22470556678678,18.7339096038176,1.49763260209554,9
"lambda_actual[11,4]",3.40755660194538,4.99544015221886,0,0,1.4010049986443,4.3559029727994,18.7339096038176,1.66749527950607,7
"lambda_actual[12,4]",0.946314656563302,2.12049846746606,0,0,0,1.02466708501948,8.12732055623471,1.12698129518121,93
"lambda_actual[13,4]",0.404615551424371,1.5488403556534,0,0,0,0,6.15554333211524,1.09807145748561,170
"lambda_actual[14,4]",8.81899009369455,12.2090326950401,0,0,4.22012484672065,12.3201563194949,47.4748623095059,1.63076159608158,7
"lambda_actual[15,4]",204.73490803574,190.594976761931,29.8497461844751,82.2084330038475,148.42987305423,256.066385211796,722.553966513252,1.36102216598492,9
"lambda_actual[16,4]",1.229023822853,2.34118912758472,0,0,0,1.52363722320506,8.59216243114375,1.01315528923916,470
"lambda_actual[17,4]",0.514634977564205,1.50661603922931,0,0,0,0,5.70664309517463,1.08526697077045,130
"lambda_actual[18,4]",41.700339063836,38.3576689141548,6.57759639917559,16.0442225706186,30.1553846763762,53.797507411596,160.913739152776,1.47932374174718,8
"lambda_actual[19,4]",0.438256276708308,1.55456392492478,0,0,0,0,4.98286927220916,1.09584714828228,550
"lambda_actual[20,4]",4.55911929855099,4.69403453045758,0.509678582740264,1.41229451402096,2.79303866620504,5.75115717321601,18.7346309820466,1.44712732459838,8
"lambda_actual[21,4]",0,0,0,0,0,0,0,1,1
"lambda_actual[22,4]",0,0,0,0,0,0,0,1,1
"lambda_actual[23,4]",0,0,0,0,0,0,0,1,1
"lambda_actual[24,4]",0,0,0,0,0,0,0,1,1
"lambda_actual[25,4]",0,0,0,0,0,0,0,1,1
"lambda_actual[26,4]",0,0,0,0,0,0,0,1,1
"lambda_actual[27,4]",0,0,0,0,0,0,0,1,1
"lambda_actual[28,4]",0,0,0,0,0,0,0,1,1
"lambda_actual[29,4]",0,0,0,0,0,0,0,1,1
"lambda_actual[30,4]",0,0,0,0,0,0,0,1,1
"lambda_actual[31,4]",0,0,0,0,0,0,0,1,1
"lambda_actual[32,4]",0,0,0,0,0,0,0,1,1
"lambda_actual[33,4]",0,0,0,0,0,0,0,1,1
"lambda_actual[34,4]",0,0,0,0,0,0,0,1,1
"lambda_actual[35,4]",0,0,0,0,0,0,0,1,1
"lambda_actual[36,4]",0,0,0,0,0,0,0,1,1
"lambda_actual[37,4]",0,0,0,0,0,0,0,1,1
"lambda_actual[38,4]",0,0,0,0,0,0,0,1,1
"lambda_actual[39,4]",0,0,0,0,0,0,0,1,1
"lambda_actual[40,4]",0,0,0,0,0,0,0,1,1
"lambda_actual[41,4]",0,0,0,0,0,0,0,1,1
"lambda_actual[42,4]",0,0,0,0,0,0,0,1,1
"lambda_actual[43,4]",0,0,0,0,0,0,0,1,1
"lambda_actual[44,4]",0,0,0,0,0,0,0,1,1
"lambda_actual[45,4]",0,0,0,0,0,0,0,1,1
"lambda_actual[46,4]",0,0,0,0,0,0,0,1,1
"lambda_actual[47,4]",0,0,0,0,0,0,0,1,1
"lambda_actual[48,4]",0,0,0,0,0,0,0,1,1
"lambda_actual[49,4]",0,0,0,0,0,0,0,1,1
"lambda_actual[50,4]",0,0,0,0,0,0,0,1,1
"lambda_actual[51,4]",0,0,0,0,0,0,0,1,1
"lambda_actual[52,4]",0,0,0,0,0,0,0,1,1
"lambda_actual[53,4]",0,0,0,0,0,0,0,1,1
"lambda_actual[54,4]",0,0,0,0,0,0,0,1,1
"lambda_actual[55,4]",0,0,0,0,0,0,0,1,1
"lambda_actual[56,4]",0,0,0,0,0,0,0,1,1
"lambda_actual[57,4]",0,0,0,0,0,0,0,1,1
"lambda_actual[58,4]",0,0,0,0,0,0,0,1,1
"lambda_actual[59,4]",0,0,0,0,0,0,0,1,1
"lambda_actual[60,4]",0,0,0,0,0,0,0,1,1
"lambda_actual[61,4]",0,0,0,0,0,0,0,1,1
"lambda_actual[62,4]",0,0,0,0,0,0,0,1,1
"lambda_actual[63,4]",0,0,0,0,0,0,0,1,1
"lambda_actual[64,4]",0,0,0,0,0,0,0,1,1
"lambda_actual[65,4]",0,0,0,0,0,0,0,1,1
"lambda_actual[66,4]",0,0,0,0,0,0,0,1,1
"lambda_actual[67,4]",0,0,0,0,0,0,0,1,1
"lambda_actual[68,4]",0,0,0,0,0,0,0,1,1
"lambda_actual[69,4]",0,0,0,0,0,0,0,1,1
"lambda_actual[70,4]",0,0,0,0,0,0,0,1,1
"lambda_actual[71,4]",0,0,0,0,0,0,0,1,1
"lambda_actual[72,4]",0,0,0,0,0,0,0,1,1
"lambda_actual[73,4]",0,0,0,0,0,0,0,1,1
"lambda_actual[74,4]",0,0,0,0,0,0,0,1,1
"lambda_actual[75,4]",0,0,0,0,0,0,0,1,1
"lambda_actual[76,4]",0,0,0,0,0,0,0,1,1
"lambda_actual[77,4]",0,0,0,0,0,0,0,1,1
"lambda_actual[78,4]",0,0,0,0,0,0,0,1,1
"lambda_actual[79,4]",0,0,0,0,0,0,0,1,1
"lambda_actual[80,4]",0,0,0,0,0,0,0,1,1
"lambda_actual[81,4]",0.485562232796638,1.84668116557625,0,0,0,0,7.21331347890304,1.35395033498401,22
"lambda_actual[82,4]",0.137093574308033,0.708712023563436,0,0,0,0,2.72705015436768,1.14055133090868,100
"lambda_actual[83,4]",0.446454224712445,1.82868601741371,0,0,0,0,7.40593306032589,1.08300158513547,190
"lambda_actual[84,4]",0.0879669549959002,0.539020427269672,0,0,0,0,1.60333584094563,1.02252259114366,600
"lambda_actual[85,4]",0.785032580375883,2.78352135125718,0,0,0,0,9.57849052615518,1.13096729006456,60
"lambda_actual[86,4]",0.178574023426662,0.865941849573195,0,0,0,0,3.3502112445144,1.1922479983463,63
"lambda_actual[87,4]",0.159003422327915,0.855955758523282,0,0,0,0,2.8888617556583,1.02890884839614,930
"lambda_actual[88,4]",0.585119087803709,2.68127027980687,0,0,0,0,8.07793760712664,1.25347465948728,60
"lambda_actual[89,4]",0.84515182917815,2.76233740317386,0,0,0,0,10.2309819632295,1.11389305638977,81
"lambda_actual[90,4]",0.788481482283047,3.14950552187769,0,0,0,0,10.5480324860116,1.09978421382858,190
"lambda_actual[91,4]",0.155363587061315,0.806752643307231,0,0,0,0,3.03615898806865,1.09574962584221,170
"lambda_actual[92,4]",0.345549943195761,1.71717067200703,0,0,0,0,5.4956608120569,1.19983467644644,91
"lambda_actual[93,4]",0.20910933490895,1.45469624099522,0,0,0,0,2.34635168939907,1.25271859167589,140
"lambda_actual[94,4]",0.626815227522992,2.79696753816637,0,0,0,0,9.30168470996647,1.24372063574473,54
"lambda_actual[95,4]",0.195591339013255,0.979183082949755,0,0,0,0,3.45696855242428,1.11366089988101,240
"lambda_actual[96,4]",0.141818206356709,0.891772925029929,0,0,0,0,2.37716449497604,1.1411749811928,610
"lambda_actual[97,4]",0.256885486006284,1.60364448213067,0,0,0,0,3.43105652199451,1.24276207361385,120
"lambda_actual[98,4]",0.889549887791663,2.97751979003768,0,0,0,0,10.522676839468,1.12762027062635,56
"lambda_actual[99,4]",0.175966638854621,0.978852197967571,0,0,0,0,3.12490023514696,1.11187261124551,460
"lambda_actual[100,4]",0.179044778982862,0.911069273241546,0,0,0,0,2.99568379280723,1.18218854676083,83
"lambda_actual[1,5]",2.00904506755431,7.8336624449883,0,0,0,0,21.8158538086744,1.10173191312767,700
"lambda_actual[2,5]",9.46072681607402,13.7950329584092,0.825745988793536,2.59225728877168,4.95714072339227,9.93330335558094,48.2230972396538,1.40475785004331,9
"lambda_actual[3,5]",0.598856168165793,2.10920210267556,0,0,0,0,6.1295825251216,1.08519914038721,320
"lambda_actual[4,5]",4.25633766988961,6.3876990960191,0.380995234524597,1.13764880174794,2.18017289209796,4.36214978262068,22.6110842948483,1.47481677825146,8
"lambda_actual[5,5]",0.571616620821703,1.96833014123185,0,0,0,0,6.34774084638617,1.09278852324884,270
"lambda_actual[6,5]",0.572393600821041,1.50068451278183,0,0,0,0,4.89504191026374,1.02655762741095,610
"lambda_actual[7,5]",0.0251925494020377,0.450765912901449,0,0,0,0,0,1.12160016256882,2300
"lambda_actual[8,5]",0.9315194838122,2.48994417271436,0,0,0,0,9.03236427904026,1.06451695314272,160
"lambda_actual[9,5]",0.457286292620903,1.21886947217841,0,0,0,0,4.32385758825198,1.00813526701454,550
"lambda_actual[10,5]",2.37933332814493,6.45705443215536,0,0,0,1.58433381628491,21.9628537544798,1.35621829318239,19
"lambda_actual[11,5]",0.853183567325124,1.85024170978311,0,0,0,1.00940833762098,6.5475753185403,1.10398736480256,150
"lambda_actual[12,5]",0.464743946969094,1.38230326746269,0,0,0,0,4.56246576030801,1.12126078776232,180
"lambda_actual[13,5]",0.269291825604443,1.30139279958162,0,0,0,0,3.48402158288178,1.22978941483453,100
"lambda_actual[14,5]",0.814459179134981,1.78786389538959,0,0,0,0.918507279023672,6.20965448558023,1.10993444555184,160
"lambda_actual[15,5]",0.285076243812211,1.21170499048599,0,0,0,0,3.57738958699462,1.14159992179151,250
"lambda_actual[16,5]",0.564755415285741,1.53616891803128,0,0,0,0,5.22524918072093,1.02316233452911,9000
"lambda_actual[17,5]",0.196203707603005,0.857064688703657,0,0,0,0,2.63662016697466,1.03561472582299,2200
"lambda_actual[18,5]",1.20054065089951,9.19563589648182,0,0,0,0,7.67024049971559,1.30710485399512,78
"lambda_actual[19,5]",0.231198105778934,1.09225721625941,0,0,0,0,3.07563762624541,1.18962425759745,180
"lambda_actual[20,5]",2.26003706654642,6.29723822381423,0,0,0,1.4836759717194,21.2665396462327,1.39019137053217,18
"lambda_actual[21,5]",0,0,0,0,0,0,0,1,1
"lambda_actual[22,5]",0,0,0,0,0,0,0,1,1
"lambda_actual[23,5]",0,0,0,0,0,0,0,1,1
"lambda_actual[24,5]",0,0,0,0,0,0,0,1,1
"lambda_actual[25,5]",0,0,0,0,0,0,0,1,1
"lambda_actual[26,5]",0,0,0,0,0,0,0,1,1
"lambda_actual[27,5]",0,0,0,0,0,0,0,1,1
"lambda_actual[28,5]",0,0,0,0,0,0,0,1,1
"lambda_actual[29,5]",0,0,0,0,0,0,0,1,1
"lambda_actual[30,5]",0,0,0,0,0,0,0,1,1
"lambda_actual[31,5]",0,0,0,0,0,0,0,1,1
"lambda_actual[32,5]",0,0,0,0,0,0,0,1,1
"lambda_actual[33,5]",0,0,0,0,0,0,0,1,1
"lambda_actual[34,5]",0,0,0,0,0,0,0,1,1
"lambda_actual[35,5]",0,0,0,0,0,0,0,1,1
"lambda_actual[36,5]",0,0,0,0,0,0,0,1,1
"lambda_actual[37,5]",0,0,0,0,0,0,0,1,1
"lambda_actual[38,5]",0,0,0,0,0,0,0,1,1
"lambda_actual[39,5]",0,0,0,0,0,0,0,1,1
"lambda_actual[40,5]",0,0,0,0,0,0,0,1,1
"lambda_actual[41,5]",0,0,0,0,0,0,0,1,1
"lambda_actual[42,5]",0,0,0,0,0,0,0,1,1
"lambda_actual[43,5]",0,0,0,0,0,0,0,1,1
"lambda_actual[44,5]",0,0,0,0,0,0,0,1,1
"lambda_actual[45,5]",0,0,0,0,0,0,0,1,1
"lambda_actual[46,5]",0,0,0,0,0,0,0,1,1
"lambda_actual[47,5]",0,0,0,0,0,0,0,1,1
"lambda_actual[48,5]",0,0,0,0,0,0,0,1,1
"lambda_actual[49,5]",0,0,0,0,0,0,0,1,1
"lambda_actual[50,5]",0,0,0,0,0,0,0,1,1
"lambda_actual[51,5]",0,0,0,0,0,0,0,1,1
"lambda_actual[52,5]",0,0,0,0,0,0,0,1,1
"lambda_actual[53,5]",0,0,0,0,0,0,0,1,1
"lambda_actual[54,5]",0,0,0,0,0,0,0,1,1
"lambda_actual[55,5]",0,0,0,0,0,0,0,1,1
"lambda_actual[56,5]",0,0,0,0,0,0,0,1,1
"lambda_actual[57,5]",0,0,0,0,0,0,0,1,1
"lambda_actual[58,5]",0,0,0,0,0,0,0,1,1
"lambda_actual[59,5]",0,0,0,0,0,0,0,1,1
"lambda_actual[60,5]",0,0,0,0,0,0,0,1,1
"lambda_actual[61,5]",0,0,0,0,0,0,0,1,1
"lambda_actual[62,5]",0,0,0,0,0,0,0,1,1
"lambda_actual[63,5]",0,0,0,0,0,0,0,1,1
"lambda_actual[64,5]",0,0,0,0,0,0,0,1,1
"lambda_actual[65,5]",0,0,0,0,0,0,0,1,1
"lambda_actual[66,5]",0,0,0,0,0,0,0,1,1
"lambda_actual[67,5]",0,0,0,0,0,0,0,1,1
"lambda_actual[68,5]",0,0,0,0,0,0,0,1,1
"lambda_actual[69,5]",0,0,0,0,0,0,0,1,1
"lambda_actual[70,5]",0,0,0,0,0,0,0,1,1
"lambda_actual[71,5]",0,0,0,0,0,0,0,1,1
"lambda_actual[72,5]",0,0,0,0,0,0,0,1,1
"lambda_actual[73,5]",0,0,0,0,0,0,0,1,1
"lambda_actual[74,5]",0,0,0,0,0,0,0,1,1
"lambda_actual[75,5]",0,0,0,0,0,0,0,1,1
"lambda_actual[76,5]",0,0,0,0,0,0,0,1,1
"lambda_actual[77,5]",0,0,0,0,0,0,0,1,1
"lambda_actual[78,5]",0,0,0,0,0,0,0,1,1
"lambda_actual[79,5]",0,0,0,0,0,0,0,1,1
"lambda_actual[80,5]",0,0,0,0,0,0,0,1,1
"lambda_actual[81,5]",0.196283037714159,1.13908246034963,0,0,0,0,3.01777866176592,1.08069834039409,340
"lambda_actual[82,5]",0.202354467308325,1.10232077715324,0,0,0,0,3.05197204249679,1.21869660616435,84
"lambda_actual[83,5]",0.159250086094746,0.902047127952503,0,0,0,0,2.58694032493649,1.02647562367074,4900
"lambda_actual[84,5]",0.168068002692686,1.0096802375346,0,0,0,0,2.59604874973736,1.07210766986796,250
"lambda_actual[85,5]",0.122525715671344,0.868541722418658,0,0,0,0,1.45955167856942,1.09512858482196,350
"lambda_actual[86,5]",0.308923963538778,1.7591455317537,0,0,0,0,4.58917120651484,1.11306667417298,360
"lambda_actual[87,5]",0.138821729590806,0.920364302777225,0,0,0,0,1.88892299709225,1.13225970094291,690
"lambda_actual[88,5]",0.24822561220733,1.37148877937624,0,0,0,0,3.84523675847723,1.10659802128059,160
"lambda_actual[89,5]",0.183281499133985,1.20078821431283,0,0,0,0,2.52818986540944,1.27188749893611,85
"lambda_actual[90,5]",0.271944400287625,1.40520833149815,0,0,0,0,4.30884160030958,1.04272770469594,2100
"lambda_actual[91,5]",0.195749591878654,1.21214252412546,0,0,0,0,2.87985875184139,1.07568717273457,1200
"lambda_actual[92,5]",0.14585943126263,1.06631528410756,0,0,0,0,1.79247262123362,1.08076826232725,1000
"lambda_actual[93,5]",0.173093578757454,1.03899321858253,0,0,0,0,2.69999812544296,1.09743601149759,250
"lambda_actual[94,5]",0.157740906431602,0.979662992252182,0,0,0,0,2.21448806765274,1.08653187388578,290
"lambda_actual[95,5]",0.0941457035295688,0.615288811603844,0,0,0,0,1.40829857397423,1.05104530995819,720
"lambda_actual[96,5]",0.154208043109942,0.869847934943975,0,0,0,0,2.6043160181453,1.06737402041757,300
"lambda_actual[97,5]",0.276397915174452,1.73202913328988,0,0,0,0,3.9178598174491,1.17524435231163,180
"lambda_actual[98,5]",0.15844495220068,1.00102756893229,0,0,0,0,2.30053236291897,1.20272674610824,170
"lambda_actual[99,5]",0.0915883854255998,0.614468731098952,0,0,0,0,1.3652738362788,1.07785265650629,460
"lambda_actual[100,5]",0.104340382387862,0.629071117894335,0,0,0,0,1.74053312637707,1.0783615042011,210
"lambda_actual[1,6]",18.6928195984453,43.7778788870487,0,0,0,20.6152965293821,131.266020851666,1.31660522843749,23
"lambda_actual[2,6]",2.26728958749056,4.64966633458805,0,0,0.504527380528626,2.23783517163871,18.3478784889819,1.41686085554662,14
"lambda_actual[3,6]",0.586334810330879,1.39366509699508,0,0,0,0,4.85001719349011,1.04326743860307,330
"lambda_actual[4,6]",1.13934435353525,2.89595260869512,0,0,0,0,10.8434712077051,1.15978498194681,92
"lambda_actual[5,6]",26.863547293558,27.2173839811408,3.32760124068134,9.89894367804906,18.753826630187,33.7945484172005,102.045223869453,1.2744579151385,11
"lambda_actual[6,6]",2.22511565674791,4.78069828664653,0,0,0,2.02822637726804,18.3161531187245,1.45092305344266,12
"lambda_actual[7,6]",10.5040382974245,10.7621591600494,1.5889459244567,4.03429641668001,7.32692860086867,12.7191437909915,45.1172824974936,1.41961395575143,8
"lambda_actual[8,6]",3.58739321811939,4.48733404141537,0.409668242719397,1.14606317897313,2.11192370433614,3.98633389297437,18.3478772442853,1.44621378850632,8
"lambda_actual[9,6]",0.321469783409362,1.63011173355451,0,0,0,0,5.72741907324414,1.11463668936691,110
"lambda_actual[10,6]",2.41930841364312,4.6982849932377,0,0,0.70080328142069,2.51545354841388,18.3478784889819,1.44301543312374,12
"lambda_actual[11,6]",1.53943925692156,2.34994741058776,0,0,0.550195184905446,2.19295508542746,8.42585951853352,1.1491694330091,40
"lambda_actual[12,6]",0.755188849235383,1.57921869661242,0,0,0,0.872434570395572,5.56045943629224,1.03419075713848,440
"lambda_actual[13,6]",0.965387418495504,2.74716735547178,0,0,0,0,10.7473706449836,1.26590138956456,24
"lambda_actual[14,6]",2.34847721325158,4.66518458755694,0,0,0.602824184789958,2.48775118050158,18.3161531187245,1.43168340826617,13
"lambda_actual[15,6]",0.294365582509184,0.942669404742389,0,0,0,0,3.64061377647689,1.01016992400284,8100
"lambda_actual[16,6]",6.93000086490721,7.47829039845735,1.00120951260317,2.57789556625166,4.61733381215412,8.13121065925721,32.8031688465299,1.45610571638051,8
"lambda_actual[17,6]",3.58739321811939,4.48733404141537,0.409668242719397,1.14606317897313,2.11192370433614,3.98633389297437,18.3478772442853,1.44621378850632,8
"lambda_actual[18,6]",5.92626909071949,20.2570360254875,0,0,0,0,68.6530368089815,1.31890826341068,25
"lambda_actual[19,6]",0.299776938793334,1.01933400266043,0,0,0,0,3.5690720933101,1.06372614172809,400
"lambda_actual[20,6]",1.39427991736908,2.13217704136016,0,0,0.398136579904757,2.04822605886071,7.7835667545083,1.15829120387039,39
"lambda_actual[21,6]",0,0,0,0,0,0,0,1,1
"lambda_actual[22,6]",0,0,0,0,0,0,0,1,1
"lambda_actual[23,6]",0,0,0,0,0,0,0,1,1
"lambda_actual[24,6]",0,0,0,0,0,0,0,1,1
"lambda_actual[25,6]",0,0,0,0,0,0,0,1,1
"lambda_actual[26,6]",0,0,0,0,0,0,0,1,1
"lambda_actual[27,6]",0,0,0,0,0,0,0,1,1
"lambda_actual[28,6]",0,0,0,0,0,0,0,1,1
"lambda_actual[29,6]",0,0,0,0,0,0,0,1,1
"lambda_actual[30,6]",0,0,0,0,0,0,0,1,1
"lambda_actual[31,6]",0,0,0,0,0,0,0,1,1
"lambda_actual[32,6]",0,0,0,0,0,0,0,1,1
"lambda_actual[33,6]",0,0,0,0,0,0,0,1,1
"lambda_actual[34,6]",0,0,0,0,0,0,0,1,1
"lambda_actual[35,6]",0,0,0,0,0,0,0,1,1
"lambda_actual[36,6]",0,0,0,0,0,0,0,1,1
"lambda_actual[37,6]",0,0,0,0,0,0,0,1,1
"lambda_actual[38,6]",0,0,0,0,0,0,0,1,1
"lambda_actual[39,6]",0,0,0,0,0,0,0,1,1
"lambda_actual[40,6]",0,0,0,0,0,0,0,1,1
"lambda_actual[41,6]",0,0,0,0,0,0,0,1,1
"lambda_actual[42,6]",0,0,0,0,0,0,0,1,1
"lambda_actual[43,6]",0,0,0,0,0,0,0,1,1
"lambda_actual[44,6]",0,0,0,0,0,0,0,1,1
"lambda_actual[45,6]",0,0,0,0,0,0,0,1,1
"lambda_actual[46,6]",0,0,0,0,0,0,0,1,1
"lambda_actual[47,6]",0,0,0,0,0,0,0,1,1
"lambda_actual[48,6]",0,0,0,0,0,0,0,1,1
"lambda_actual[49,6]",0,0,0,0,0,0,0,1,1
"lambda_actual[50,6]",0,0,0,0,0,0,0,1,1
"lambda_actual[51,6]",0,0,0,0,0,0,0,1,1
"lambda_actual[52,6]",0,0,0,0,0,0,0,1,1
"lambda_actual[53,6]",0,0,0,0,0,0,0,1,1
"lambda_actual[54,6]",0,0,0,0,0,0,0,1,1
"lambda_actual[55,6]",0,0,0,0,0,0,0,1,1
"lambda_actual[56,6]",0,0,0,0,0,0,0,1,1
"lambda_actual[57,6]",0,0,0,0,0,0,0,1,1
"lambda_actual[58,6]",0,0,0,0,0,0,0,1,1
"lambda_actual[59,6]",0,0,0,0,0,0,0,1,1
"lambda_actual[60,6]",0,0,0,0,0,0,0,1,1
"lambda_actual[61,6]",0,0,0,0,0,0,0,1,1
"lambda_actual[62,6]",0,0,0,0,0,0,0,1,1
"lambda_actual[63,6]",0,0,0,0,0,0,0,1,1
"lambda_actual[64,6]",0,0,0,0,0,0,0,1,1
"lambda_actual[65,6]",0,0,0,0,0,0,0,1,1
"lambda_actual[66,6]",0,0,0,0,0,0,0,1,1
"lambda_actual[67,6]",0,0,0,0,0,0,0,1,1
"lambda_actual[68,6]",0,0,0,0,0,0,0,1,1
"lambda_actual[69,6]",0,0,0,0,0,0,0,1,1
"lambda_actual[70,6]",0,0,0,0,0,0,0,1,1
"lambda_actual[71,6]",0,0,0,0,0,0,0,1,1
"lambda_actual[72,6]",0,0,0,0,0,0,0,1,1
"lambda_actual[73,6]",0,0,0,0,0,0,0,1,1
"lambda_actual[74,6]",0,0,0,0,0,0,0,1,1
"lambda_actual[75,6]",0,0,0,0,0,0,0,1,1
"lambda_actual[76,6]",0,0,0,0,0,0,0,1,1
"lambda_actual[77,6]",0,0,0,0,0,0,0,1,1
"lambda_actual[78,6]",0,0,0,0,0,0,0,1,1
"lambda_actual[79,6]",0,0,0,0,0,0,0,1,1
"lambda_actual[80,6]",0,0,0,0,0,0,0,1,1
"lambda_actual[81,6]",0.693074410010214,2.36779558786923,0,0,0,0,9.48006953931177,1.12237105095288,60
"lambda_actual[82,6]",0.911151945729273,2.98485326707343,0,0,0,0,11.887252697215,1.25514963755144,31
"lambda_actual[83,6]",0.281670935741587,1.37889122474381,0,0,0,0,4.58720116645439,1.08410441950347,240
"lambda_actual[84,6]",0.338291891594131,1.43667572902393,0,0,0,0,5.07871556060137,1.12534165968027,220
"lambda_actual[85,6]",0.281177846526717,1.40016612802107,0,0,0,0,4.32335844500971,1.17961187092691,160
"lambda_actual[86,6]",0.462202509786874,1.83557290663448,0,0,0,0,6.4992459266843,1.06707217089007,350
"lambda_actual[87,6]",0.271100106560124,1.28820637604007,0,0,0,0,4.12104556697619,1.06354382236869,530
"lambda_actual[88,6]",0.184724689525431,0.955717799094197,0,0,0,0,3.00000714699969,1.032941478864,2800
"lambda_actual[89,6]",0.157774976470386,0.788569994321416,0,0,0,0,2.80449670048347,1.08130589860073,160
"lambda_actual[90,6]",0.442655349932036,1.75409003039967,0,0,0,0,7.15495017910655,1.12835857368261,76
"lambda_actual[91,6]",2.49925389221787,7.72818369376254,0,0,0,0,31.9804520004023,1.49107153373417,12
"lambda_actual[92,6]",0.308556268057068,1.3470084756833,0,0,0,0,5.18584255588355,1.04005497121888,580
"lambda_actual[93,6]",0.401080091030421,1.72868941276187,0,0,0,0,6.02513481126658,1.2079446805287,66
"lambda_actual[94,6]",0.653019577035494,2.3236268661396,0,0,0,0,9.22704515915552,1.13351078774967,70
"lambda_actual[95,6]",0.246143203728825,1.20625400629558,0,0,0,0,4.10288751255849,1.07992546741549,250
"lambda_actual[96,6]",0.392123422891584,1.78287451236065,0,0,0,0,6.77858916907047,1.11845860363656,190
"lambda_actual[97,6]",0.138530214909064,0.835663606900407,0,0,0,0,2.17691644520596,1.13400501246867,170
"lambda_actual[98,6]",0.36365018564882,1.6167046881331,0,0,0,0,5.93268671103526,1.04289869545676,620
"lambda_actual[99,6]",0.109880828570425,0.659947624159894,0,0,0,0,1.8960882688158,1.11964733978488,280
"lambda_actual[100,6]",0.379853768064942,1.6006613800017,0,0,0,0,6.15728134309745,1.08286624687415,200
"lambda_actual[1,7]",3.29183158059678,9.4842201119606,0,0,0,0,29.9808221221188,1.05512309467447,1400
"lambda_actual[2,7]",3.26362119493072,4.36156169254188,0.323852359281523,0.995448807627698,1.82783095596077,3.50312462515805,18.2019492266087,1.42500743883558,9
"lambda_actual[3,7]",0.470455415916404,1.29814091506966,0,0,0,0,4.22853605412973,1.07010720177763,380
"lambda_actual[4,7]",0.580578967507615,1.60934894795997,0,0,0,0,5.4554829325908,1.18899457624249,70
"lambda_actual[5,7]",0.464141658791337,2.01556635077445,0,0,0,0,6.67333523852859,1.05207420473459,1200
"lambda_actual[6,7]",1.63514248762854,4.4748890648354,0,0,0,0.997240600406287,18.1972707126163,1.39741537085914,16
"lambda_actual[7,7]",0.175660509978255,0.743953719643362,0,0,0,0,2.40294316926061,1.09658754849153,710
"lambda_actual[8,7]",1.12154432800203,2.6275113461214,0,0,0,1.04605726919878,8.8162687404142,1.07113990642177,760
"lambda_actual[9,7]",0.55820892609091,1.39847409586807,0,0,0,0,5.09831516740151,1.12606843690353,96
"lambda_actual[10,7]",1.9434777845339,4.50440210716264,0,0,0,1.66706082817413,18.0589350785959,1.40133689423375,15
"lambda_actual[11,7]",0.75342755007703,1.39821274728264,0,0,0,1.09272884333706,4.64182870774272,1.05620089935861,160
"lambda_actual[12,7]",0.490871106246081,1.28869886408821,0,0,0,0,4.40948941007727,1.09761177290914,190
"lambda_actual[13,7]",1.20002100317964,4.39812045607479,0,0,0,0,18.0589350785959,1.38991808530609,19
"lambda_actual[14,7]",0.816054591056555,1.59167648791226,0,0,0,1.09890303116155,5.55891250821603,1.03302797657787,1200
"lambda_actual[15,7]",1.25084020952445,4.40972747433909,0,0,0,0,18.0589350785959,1.39079403508384,19
"lambda_actual[16,7]",0.557454630054218,1.25171453353544,0,0,0,0.450346432758828,4.32047519599585,1.04184276209471,650
"lambda_actual[17,7]",0.350191042212341,1.39753342546467,0,0,0,0,4.57079078450756,1.04283626552276,960
"lambda_actual[18,7]",15.086837103225,18.8297576141898,1.15924006360595,4.53235461543891,8.99877929434939,18.0401663581827,69.6886681182477,1.30436593922411,11
"lambda_actual[19,7]",0.244283879664276,1.00263832179041,0,0,0,0,2.98289655196657,1.11995612160322,530
"lambda_actual[20,7]",0.86901500178415,1.62219478357977,0,0,0,1.18575790684538,5.52031231811503,1.06562458620741,250
"lambda_actual[21,7]",0,0,0,0,0,0,0,1,1
"lambda_actual[22,7]",0,0,0,0,0,0,0,1,1
"lambda_actual[23,7]",0,0,0,0,0,0,0,1,1
"lambda_actual[24,7]",0,0,0,0,0,0,0,1,1
"lambda_actual[25,7]",0,0,0,0,0,0,0,1,1
"lambda_actual[26,7]",0,0,0,0,0,0,0,1,1
"lambda_actual[27,7]",0,0,0,0,0,0,0,1,1
"lambda_actual[28,7]",0,0,0,0,0,0,0,1,1
"lambda_actual[29,7]",0,0,0,0,0,0,0,1,1
"lambda_actual[30,7]",0,0,0,0,0,0,0,1,1
"lambda_actual[31,7]",0,0,0,0,0,0,0,1,1
"lambda_actual[32,7]",0,0,0,0,0,0,0,1,1
"lambda_actual[33,7]",0,0,0,0,0,0,0,1,1
"lambda_actual[34,7]",0,0,0,0,0,0,0,1,1
"lambda_actual[35,7]",0,0,0,0,0,0,0,1,1
"lambda_actual[36,7]",0,0,0,0,0,0,0,1,1
"lambda_actual[37,7]",0,0,0,0,0,0,0,1,1
"lambda_actual[38,7]",0,0,0,0,0,0,0,1,1
"lambda_actual[39,7]",0,0,0,0,0,0,0,1,1
"lambda_actual[40,7]",0,0,0,0,0,0,0,1,1
"lambda_actual[41,7]",0,0,0,0,0,0,0,1,1
"lambda_actual[42,7]",0,0,0,0,0,0,0,1,1
"lambda_actual[43,7]",0,0,0,0,0,0,0,1,1
"lambda_actual[44,7]",0,0,0,0,0,0,0,1,1
"lambda_actual[45,7]",0,0,0,0,0,0,0,1,1
"lambda_actual[46,7]",0,0,0,0,0,0,0,1,1
"lambda_actual[47,7]",0,0,0,0,0,0,0,1,1
"lambda_actual[48,7]",0,0,0,0,0,0,0,1,1
"lambda_actual[49,7]",0,0,0,0,0,0,0,1,1
"lambda_actual[50,7]",0,0,0,0,0,0,0,1,1
"lambda_actual[51,7]",0,0,0,0,0,0,0,1,1
"lambda_actual[52,7]",0,0,0,0,0,0,0,1,1
"lambda_actual[53,7]",0,0,0,0,0,0,0,1,1
"lambda_actual[54,7]",0,0,0,0,0,0,0,1,1
"lambda_actual[55,7]",0,0,0,0,0,0,0,1,1
"lambda_actual[56,7]",0,0,0,0,0,0,0,1,1
"lambda_actual[57,7]",0,0,0,0,0,0,0,1,1
"lambda_actual[58,7]",0,0,0,0,0,0,0,1,1
"lambda_actual[59,7]",0,0,0,0,0,0,0,1,1
"lambda_actual[60,7]",0,0,0,0,0,0,0,1,1
"lambda_actual[61,7]",0,0,0,0,0,0,0,1,1
"lambda_actual[62,7]",0,0,0,0,0,0,0,1,1
"lambda_actual[63,7]",0,0,0,0,0,0,0,1,1
"lambda_actual[64,7]",0,0,0,0,0,0,0,1,1
"lambda_actual[65,7]",0,0,0,0,0,0,0,1,1
"lambda_actual[66,7]",0,0,0,0,0,0,0,1,1
"lambda_actual[67,7]",0,0,0,0,0,0,0,1,1
"lambda_actual[68,7]",0,0,0,0,0,0,0,1,1
"lambda_actual[69,7]",0,0,0,0,0,0,0,1,1
"lambda_actual[70,7]",0,0,0,0,0,0,0,1,1
"lambda_actual[71,7]",0,0,0,0,0,0,0,1,1
"lambda_actual[72,7]",0,0,0,0,0,0,0,1,1
"lambda_actual[73,7]",0,0,0,0,0,0,0,1,1
"lambda_actual[74,7]",0,0,0,0,0,0,0,1,1
"lambda_actual[75,7]",0,0,0,0,0,0,0,1,1
"lambda_actual[76,7]",0,0,0,0,0,0,0,1,1
"lambda_actual[77,7]",0,0,0,0,0,0,0,1,1
"lambda_actual[78,7]",0,0,0,0,0,0,0,1,1
"lambda_actual[79,7]",0,0,0,0,0,0,0,1,1
"lambda_actual[80,7]",0,0,0,0,0,0,0,1,1
"lambda_actual[81,7]",0.275838584456497,1.49800977306101,0,0,0,0,3.44640518268706,1.23345222748302,130
"lambda_actual[82,7]",0.180813096400956,1.05466785534582,0,0,0,0,2.45619329805691,1.0870588635625,370
"lambda_actual[83,7]",0.22806841296772,1.13576672420702,0,0,0,0,3.57915375648812,1.15001614649714,180
"lambda_actual[84,7]",0.21828398134577,1.00979235478254,0,0,0,0,3.64098477432067,1.04520265693323,1000
"lambda_actual[85,7]",0.201798767125299,1.07714153647792,0,0,0,0,3.19461925259687,1.1210491408178,210
"lambda_actual[86,7]",0.455739617039493,1.88658818197608,0,0,0,0,7.20287526265436,1.15593752377227,85
"lambda_actual[87,7]",1.71491044456764,6.38784556050091,0,0,0,0,27.2454811925801,1.40997759686311,17
"lambda_actual[88,7]",0.158510031204846,0.7928481669429,0,0,0,0,2.56936754721481,1.05361340465989,400
"lambda_actual[89,7]",0.10965254467917,0.609461394801311,0,0,0,0,1.88015875577409,1.0854596930623,260
"lambda_actual[90,7]",0.182162590794776,1.08503011175756,0,0,0,0,2.70831314877239,1.05385802316742,9000
"lambda_actual[91,7]",0.0884466184843183,0.544030678196255,0,0,0,0,1.48393931805585,1.03573897451328,750
"lambda_actual[92,7]",0.183320622421256,0.976797114299565,0,0,0,0,2.97285697654868,1.08427404545217,670
"lambda_actual[93,7]",0.116895505207641,0.71581998358889,0,0,0,0,1.77446506244754,1.03454099119922,3700
"lambda_actual[94,7]",0.149542438787434,0.781366068822456,0,0,0,0,2.49467738109777,1.00990863320961,3400
"lambda_actual[95,7]",0.15078071140463,0.837110764150153,0,0,0,0,2.26933774824663,1.03636208067398,2700
"lambda_actual[96,7]",0.209410942934761,1.00100125850498,0,0,0,0,3.52742447990035,1.01319149863824,1200
"lambda_actual[97,7]",0.198927639448578,1.03100660583547,0,0,0,0,3.08417360700271,1.09069301381322,930
"lambda_actual[98,7]",0.138346199246926,0.807060523513694,0,0,0,0,2.00035185691884,1.08274487844217,660
"lambda_actual[99,7]",1.69453708098891,6.38570790001337,0,0,0,0,27.2454811925801,1.41013739321525,17
"lambda_actual[100,7]",0.183266087466383,0.991488096890745,0,0,0,0,2.74794943297826,1.03722967588315,570
"lambda_actual[1,8]",5.76167192033057,17.5234990095534,0,0,0,0,56.8602049491976,1.19645764528383,49
"lambda_actual[2,8]",3.08920175510274,3.92567410423032,0.346861006667803,1.00855568504494,1.8093171113723,3.40493215451963,16.2869938736729,1.40692061528441,9
"lambda_actual[3,8]",0.602286110749532,1.59197438588252,0,0,0,0,5.02947223457838,1.02228350235264,1300
"lambda_actual[4,8]",1.42738043625119,3.9813501378549,0,0,0,0.772993419226676,15.862877808354,1.40659603171762,16
"lambda_actual[5,8]",8.85505394190674,9.48594225852263,0.957264000745384,3.03751016421955,5.80214671197756,11.0557826243284,35.5407744738936,1.30866739818366,11
"lambda_actual[6,8]",1.55460765048469,3.9720374902258,0,0,0,1.1887382572051,15.862877808354,1.37562982565559,18
"lambda_actual[7,8]",3.31224506569362,14.2565641953522,0,0,0,0,42.389796117715,1.35650884935896,26
"lambda_actual[8,8]",0.938518542956133,1.72119600389589,0,0,0,1.28378208949272,5.88876064268035,1.09289599094527,130
"lambda_actual[9,8]",1.46834971143826,3.94712735218637,0,0,0,0.963750367491009,15.8486972674115,1.38334002283718,17
"lambda_actual[10,8]",2.0139426006379,3.66532406342585,0,0,0,2.77800902869484,12.9875797718076,1.14371832804526,52
"lambda_actual[11,8]",1.78791178800882,3.96558729656549,0,0,0,1.76403510240772,15.862877808354,1.39200856218362,16
"lambda_actual[12,8]",0.622824882551381,1.4821793003017,0,0,0,0.429921596893951,5.25588304011,1.17763389184935,59
"lambda_actual[13,8]",0.275848849318675,1.08543687781222,0,0,0,0,3.58774988952931,1.17474384218313,110
"lambda_actual[14,8]",2.01096293306928,3.61741222573632,0,0,0,2.78426964314201,12.4531218228157,1.13033969518639,58
"lambda_actual[15,8]",1.04986647362783,3.82624260501402,0,0,0,0,15.8070645566262,1.37250085061045,21
"lambda_actual[16,8]",5.77829845960725,6.23160495651355,0.744732565818998,2.05499630841441,3.72628344384058,6.97453441207261,25.6538167585904,1.38862170667523,9
"lambda_actual[17,8]",0.269533559697871,0.859950300078344,0,0,0,0,2.9822387416036,1.00243893495149,1200
"lambda_actual[18,8]",0.54347417152853,3.12062171856083,0,0,0,0,7.67695598301946,1.00122944653441,9000
"lambda_actual[19,8]",1.2176804406726,4.00072675998755,0,0,0,0,16.0607355911914,1.36956063382591,18
"lambda_actual[20,8]",0.985614415914265,1.78204599311754,0,0,0,1.34644186895635,6.5177923349025,1.18876852242161,44
"lambda_actual[21,8]",0,0,0,0,0,0,0,1,1
"lambda_actual[22,8]",0,0,0,0,0,0,0,1,1
"lambda_actual[23,8]",0,0,0,0,0,0,0,1,1
"lambda_actual[24,8]",0,0,0,0,0,0,0,1,1
"lambda_actual[25,8]",0,0,0,0,0,0,0,1,1
"lambda_actual[26,8]",0,0,0,0,0,0,0,1,1
"lambda_actual[27,8]",0,0,0,0,0,0,0,1,1
"lambda_actual[28,8]",0,0,0,0,0,0,0,1,1
"lambda_actual[29,8]",0,0,0,0,0,0,0,1,1
"lambda_actual[30,8]",0,0,0,0,0,0,0,1,1
"lambda_actual[31,8]",0,0,0,0,0,0,0,1,1
"lambda_actual[32,8]",0,0,0,0,0,0,0,1,1
"lambda_actual[33,8]",0,0,0,0,0,0,0,1,1
"lambda_actual[34,8]",0,0,0,0,0,0,0,1,1
"lambda_actual[35,8]",0,0,0,0,0,0,0,1,1
"lambda_actual[36,8]",0,0,0,0,0,0,0,1,1
"lambda_actual[37,8]",0,0,0,0,0,0,0,1,1
"lambda_actual[38,8]",0,0,0,0,0,0,0,1,1
"lambda_actual[39,8]",0,0,0,0,0,0,0,1,1
"lambda_actual[40,8]",0,0,0,0,0,0,0,1,1
"lambda_actual[41,8]",0,0,0,0,0,0,0,1,1
"lambda_actual[42,8]",0,0,0,0,0,0,0,1,1
"lambda_actual[43,8]",0,0,0,0,0,0,0,1,1
"lambda_actual[44,8]",0,0,0,0,0,0,0,1,1
"lambda_actual[45,8]",0,0,0,0,0,0,0,1,1
"lambda_actual[46,8]",0,0,0,0,0,0,0,1,1
"lambda_actual[47,8]",0,0,0,0,0,0,0,1,1
"lambda_actual[48,8]",0,0,0,0,0,0,0,1,1
"lambda_actual[49,8]",0,0,0,0,0,0,0,1,1
"lambda_actual[50,8]",0,0,0,0,0,0,0,1,1
"lambda_actual[51,8]",0,0,0,0,0,0,0,1,1
"lambda_actual[52,8]",0,0,0,0,0,0,0,1,1
"lambda_actual[53,8]",0,0,0,0,0,0,0,1,1
"lambda_actual[54,8]",0,0,0,0,0,0,0,1,1
"lambda_actual[55,8]",0,0,0,0,0,0,0,1,1
"lambda_actual[56,8]",0,0,0,0,0,0,0,1,1
"lambda_actual[57,8]",0,0,0,0,0,0,0,1,1
"lambda_actual[58,8]",0,0,0,0,0,0,0,1,1
"lambda_actual[59,8]",0,0,0,0,0,0,0,1,1
"lambda_actual[60,8]",0,0,0,0,0,0,0,1,1
"lambda_actual[61,8]",0,0,0,0,0,0,0,1,1
"lambda_actual[62,8]",0,0,0,0,0,0,0,1,1
"lambda_actual[63,8]",0,0,0,0,0,0,0,1,1
"lambda_actual[64,8]",0,0,0,0,0,0,0,1,1
"lambda_actual[65,8]",0,0,0,0,0,0,0,1,1
"lambda_actual[66,8]",0,0,0,0,0,0,0,1,1
"lambda_actual[67,8]",0,0,0,0,0,0,0,1,1
"lambda_actual[68,8]",0,0,0,0,0,0,0,1,1
"lambda_actual[69,8]",0,0,0,0,0,0,0,1,1
"lambda_actual[70,8]",0,0,0,0,0,0,0,1,1
"lambda_actual[71,8]",0,0,0,0,0,0,0,1,1
"lambda_actual[72,8]",0,0,0,0,0,0,0,1,1
"lambda_actual[73,8]",0,0,0,0,0,0,0,1,1
"lambda_actual[74,8]",0,0,0,0,0,0,0,1,1
"lambda_actual[75,8]",0,0,0,0,0,0,0,1,1
"lambda_actual[76,8]",0,0,0,0,0,0,0,1,1
"lambda_actual[77,8]",0,0,0,0,0,0,0,1,1
"lambda_actual[78,8]",0,0,0,0,0,0,0,1,1
"lambda_actual[79,8]",0,0,0,0,0,0,0,1,1
"lambda_actual[80,8]",0,0,0,0,0,0,0,1,1
"lambda_actual[81,8]",0.293485543396248,1.31373382899949,0,0,0,0,4.22442076946145,1.20705419946617,91
"lambda_actual[82,8]",0.155366364297092,0.788668777920624,0,0,0,0,2.43315406216662,1.04304290774335,360
"lambda_actual[83,8]",0.167546807665727,0.923179255234016,0,0,0,0,2.47528383373687,1.09086710112587,760
"lambda_actual[84,8]",0.198907876632193,1.0056124781659,0,0,0,0,2.97429829993339,1.14570691639931,220
"lambda_actual[85,8]",0.154788370391614,0.727459637039865,0,0,0,0,2.77733325476822,1.01257831358069,2900
"lambda_actual[86,8]",0.195866558371115,1.04132814312351,0,0,0,0,2.81277807283064,1.15400607214155,340
"lambda_actual[87,8]",0.132756616663834,0.706930375314484,0,0,0,0,2.17782916972211,1.06229169770464,350
"lambda_actual[88,8]",0.189052188570581,0.941859069829295,0,0,0,0,2.95364910186904,1.12771123064884,210
"lambda_actual[89,8]",0.145798653073427,0.782903699394784,0,0,0,0,2.20457492721996,1.02576051105019,3900
"lambda_actual[90,8]",1.39955856512478,5.2230852237743,0,0,0,0,22.3099361519126,1.405504937032,17
"lambda_actual[91,8]",0.240558648583017,1.06810537482864,0,0,0,0,4.03489453684737,1.08217644078076,210
"lambda_actual[92,8]",0.130946296792697,0.677435953098636,0,0,0,0,2.12804151470433,1.02526789599159,1300
"lambda_actual[93,8]",0.179459111769024,0.863750410237824,0,0,0,0,2.70123593773255,1.01995947292041,5000
"lambda_actual[94,8]",0.265107678839453,1.28158410279493,0,0,0,0,3.8717338443468,1.09353106340041,230
"lambda_actual[95,8]",0.250101592911422,1.28014883401407,0,0,0,0,3.63810767200935,1.19835335263487,170
"lambda_actual[96,8]",0.15282950845869,0.750689646049862,0,0,0,0,2.51495207552088,1.02944897025202,3400
"lambda_actual[97,8]",0.20962878963686,0.89973302371616,0,0,0,0,3.50433585481796,1.03198735404988,310
"lambda_actual[98,8]",0.156728132062696,0.771361649796785,0,0,0,0,2.46325153926814,1.04163244077904,930
"lambda_actual[99,8]",0.352860207843395,1.53725075911135,0,0,0,0,4.9952914729361,1.13006505200828,220
"lambda_actual[100,8]",0.232366685326645,1.21063339936013,0,0,0,0,3.62325211343766,1.16669430311551,190
"lambda_potential[1,1]",6.4427538351047,7.14763693193041,0.837744417617355,2.28774132462292,4.07104549656248,7.43479413874312,30.5700254115088,1.49587058608627,8
"lambda_potential[2,1]",3.36305685571078,4.14230794135909,0.388007143361069,1.06241918042707,1.96605178665233,3.71520912447695,17.386709502294,1.4768313089768,8
"lambda_potential[3,1]",3.36305685571078,4.14230794135909,0.388007143361069,1.06241918042707,1.96605178665233,3.71520912447695,17.386709502294,1.4768313089768,8
"lambda_potential[4,1]",3.36305685571078,4.14230794135909,0.388007143361069,1.06241918042707,1.96605178665233,3.71520912447695,17.386709502294,1.4768313089768,8
"lambda_potential[5,1]",3.36305685571078,4.14230794135909,0.388007143361069,1.06241918042707,1.96605178665233,3.71520912447695,17.386709502294,1.4768313089768,8
"lambda_potential[6,1]",3.36305685571078,4.14230794135909,0.388007143361069,1.06241918042707,1.96605178665233,3.71520912447695,17.386709502294,1.4768313089768,8
"lambda_potential[7,1]",3.36305685571078,4.14230794135909,0.388007143361069,1.06241918042707,1.96605178665233,3.71520912447695,17.386709502294,1.4768313089768,8
"lambda_potential[8,1]",3.36305685571078,4.14230794135909,0.388007143361069,1.06241918042707,1.96605178665233,3.71520912447695,17.386709502294,1.4768313089768,8
"lambda_potential[9,1]",9.76656539472778,10.5930356386784,1.23414963163919,3.48515890983529,6.36511936695973,11.6670834437118,43.4549098265135,1.44529727915888,8
"lambda_potential[10,1]",38.3349480416382,44.3620766345444,2.24106828395185,11.1602506860846,24.5384287407632,48.490024137813,161.717460875317,1.21185762633121,14
"lambda_potential[11,1]",3.36305685571078,4.14230794135909,0.388007143361069,1.06241918042707,1.96605178665233,3.71520912447695,17.386709502294,1.4768313089768,8
"lambda_potential[12,1]",3.36305685571078,4.14230794135909,0.388007143361069,1.06241918042707,1.96605178665233,3.71520912447695,17.386709502294,1.4768313089768,8
"lambda_potential[13,1]",3.36305685571078,4.14230794135909,0.388007143361069,1.06241918042707,1.96605178665233,3.71520912447695,17.386709502294,1.4768313089768,8
"lambda_potential[14,1]",3.36305685571078,4.14230794135909,0.388007143361069,1.06241918042707,1.96605178665233,3.71520912447695,17.386709502294,1.4768313089768,8
"lambda_potential[15,1]",3.36305685571078,4.14230794135909,0.388007143361069,1.06241918042707,1.96605178665233,3.71520912447695,17.386709502294,1.4768313089768,8
"lambda_potential[16,1]",3.36305685571078,4.14230794135909,0.388007143361069,1.06241918042707,1.96605178665233,3.71520912447695,17.386709502294,1.4768313089768,8
"lambda_potential[17,1]",3.36305685571078,4.14230794135909,0.388007143361069,1.06241918042707,1.96605178665233,3.71520912447695,17.386709502294,1.4768313089768,8
"lambda_potential[18,1]",25.0831297693162,27.9912512572417,1.96595059038711,7.93203158614521,16.4394826419295,31.3480207938136,103.063119073985,1.27419252084162,11
"lambda_potential[19,1]",3.36305685571078,4.14230794135909,0.388007143361069,1.06241918042707,1.96605178665233,3.71520912447695,17.386709502294,1.4768313089768,8
"lambda_potential[20,1]",3.36305685571078,4.14230794135909,0.388007143361069,1.06241918042707,1.96605178665233,3.71520912447695,17.386709502294,1.4768313089768,8
"lambda_potential[21,1]",3.36305685571078,4.14230794135909,0.388007143361069,1.06241918042707,1.96605178665233,3.71520912447695,17.386709502294,1.4768313089768,8
"lambda_potential[22,1]",3.36305685571078,4.14230794135909,0.388007143361069,1.06241918042707,1.96605178665233,3.71520912447695,17.386709502294,1.4768313089768,8
"lambda_potential[23,1]",3.36305685571078,4.14230794135909,0.388007143361069,1.06241918042707,1.96605178665233,3.71520912447695,17.386709502294,1.4768313089768,8
"lambda_potential[24,1]",13.3098465000906,14.423666874567,1.51147775544907,4.63448709772707,8.737842172212,16.2845392157419,55.88552942827,1.38995186936161,9
"lambda_potential[25,1]",3.36305685571078,4.14230794135909,0.388007143361069,1.06241918042707,1.96605178665233,3.71520912447695,17.386709502294,1.4768313089768,8
"lambda_potential[26,1]",3.36305685571078,4.14230794135909,0.388007143361069,1.06241918042707,1.96605178665233,3.71520912447695,17.386709502294,1.4768313089768,8
"lambda_potential[27,1]",3.36305685571078,4.14230794135909,0.388007143361069,1.06241918042707,1.96605178665233,3.71520912447695,17.386709502294,1.4768313089768,8
"lambda_potential[28,1]",3.36305685571078,4.14230794135909,0.388007143361069,1.06241918042707,1.96605178665233,3.71520912447695,17.386709502294,1.4768313089768,8
"lambda_potential[29,1]",3.36305685571078,4.14230794135909,0.388007143361069,1.06241918042707,1.96605178665233,3.71520912447695,17.386709502294,1.4768313089768,8
"lambda_potential[30,1]",20.9816873644696,23.1406137873726,1.84971987974345,6.7983350963532,13.8297327930938,26.064111191113,86.7841853524894,1.30481246142319,11
"lambda_potential[31,1]",3.36305685571078,4.14230794135909,0.388007143361069,1.06241918042707,1.96605178665233,3.71520912447695,17.386709502294,1.4768313089768,8
"lambda_potential[32,1]",17.0532501701926,18.6128321154868,1.68889742277888,5.72323334853191,11.248379752723,21.0986555824127,70.9144914945649,1.34287100621228,10
"lambda_potential[33,1]",3.36305685571078,4.14230794135909,0.388007143361069,1.06241918042707,1.96605178665233,3.71520912447695,17.386709502294,1.4768313089768,8
"lambda_potential[34,1]",3.36305685571078,4.14230794135909,0.388007143361069,1.06241918042707,1.96605178665233,3.71520912447695,17.386709502294,1.4768313089768,8
"lambda_potential[35,1]",3.36305685571078,4.14230794135909,0.388007143361069,1.06241918042707,1.96605178665233,3.71520912447695,17.386709502294,1.4768313089768,8
"lambda_potential[36,1]",3.36305685571078,4.14230794135909,0.388007143361069,1.06241918042707,1.96605178665233,3.71520912447695,17.386709502294,1.4768313089768,8
"lambda_potential[37,1]",13.3098465000906,14.423666874567,1.51147775544907,4.63448709772707,8.737842172212,16.2845392157419,55.88552942827,1.38995186936161,9
"lambda_potential[38,1]",3.36305685571078,4.14230794135909,0.388007143361069,1.06241918042707,1.96605178665233,3.71520912447695,17.386709502294,1.4768313089768,8
"lambda_potential[39,1]",3.36305685571078,4.14230794135909,0.388007143361069,1.06241918042707,1.96605178665233,3.71520912447695,17.386709502294,1.4768313089768,8
"lambda_potential[40,1]",3.36305685571078,4.14230794135909,0.388007143361069,1.06241918042707,1.96605178665233,3.71520912447695,17.386709502294,1.4768313089768,8
"lambda_potential[41,1]",3.36305685571078,4.14230794135909,0.388007143361069,1.06241918042707,1.96605178665233,3.71520912447695,17.386709502294,1.4768313089768,8
"lambda_potential[42,1]",3.36305685571078,4.14230794135909,0.388007143361069,1.06241918042707,1.96605178665233,3.71520912447695,17.386709502294,1.4768313089768,8
"lambda_potential[43,1]",3.36305685571078,4.14230794135909,0.388007143361069,1.06241918042707,1.96605178665233,3.71520912447695,17.386709502294,1.4768313089768,8
"lambda_potential[44,1]",3.36305685571078,4.14230794135909,0.388007143361069,1.06241918042707,1.96605178665233,3.71520912447695,17.386709502294,1.4768313089768,8
"lambda_potential[45,1]",3.36305685571078,4.14230794135909,0.388007143361069,1.06241918042707,1.96605178665233,3.71520912447695,17.386709502294,1.4768313089768,8
"lambda_potential[46,1]",17.0532501701926,18.6128321154868,1.68889742277888,5.72323334853191,11.248379752723,21.0986555824127,70.9144914945649,1.34287100621228,10
"lambda_potential[47,1]",38.3349480416382,44.3620766345444,2.24106828395185,11.1602506860846,24.5384287407632,48.490024137813,161.717460875317,1.21185762633121,14
"lambda_potential[48,1]",3.36305685571078,4.14230794135909,0.388007143361069,1.06241918042707,1.96605178665233,3.71520912447695,17.386709502294,1.4768313089768,8
"lambda_potential[49,1]",3.36305685571078,4.14230794135909,0.388007143361069,1.06241918042707,1.96605178665233,3.71520912447695,17.386709502294,1.4768313089768,8
"lambda_potential[50,1]",3.36305685571078,4.14230794135909,0.388007143361069,1.06241918042707,1.96605178665233,3.71520912447695,17.386709502294,1.4768313089768,8
"lambda_potential[51,1]",3.36305685571078,4.14230794135909,0.388007143361069,1.06241918042707,1.96605178665233,3.71520912447695,17.386709502294,1.4768313089768,8
"lambda_potential[52,1]",25.0831297693162,27.9912512572417,1.96595059038711,7.93203158614521,16.4394826419295,31.3480207938136,103.063119073985,1.27419252084162,11
"lambda_potential[53,1]",6.4427538351047,7.14763693193041,0.837744417617355,2.28774132462292,4.07104549656248,7.43479413874312,30.5700254115088,1.49587058608627,8
"lambda_potential[54,1]",3.36305685571078,4.14230794135909,0.388007143361069,1.06241918042707,1.96605178665233,3.71520912447695,17.386709502294,1.4768313089768,8
"lambda_potential[55,1]",3.36305685571078,4.14230794135909,0.388007143361069,1.06241918042707,1.96605178665233,3.71520912447695,17.386709502294,1.4768313089768,8
"lambda_potential[56,1]",3.36305685571078,4.14230794135909,0.388007143361069,1.06241918042707,1.96605178665233,3.71520912447695,17.386709502294,1.4768313089768,8
"lambda_potential[57,1]",3.36305685571078,4.14230794135909,0.388007143361069,1.06241918042707,1.96605178665233,3.71520912447695,17.386709502294,1.4768313089768,8
"lambda_potential[58,1]",3.36305685571078,4.14230794135909,0.388007143361069,1.06241918042707,1.96605178665233,3.71520912447695,17.386709502294,1.4768313089768,8
"lambda_potential[59,1]",20.9816873644696,23.1406137873726,1.84971987974345,6.7983350963532,13.8297327930938,26.064111191113,86.7841853524894,1.30481246142319,11
"lambda_potential[60,1]",3.36305685571078,4.14230794135909,0.388007143361069,1.06241918042707,1.96605178665233,3.71520912447695,17.386709502294,1.4768313089768,8
"lambda_potential[61,1]",3.36305685571078,4.14230794135909,0.388007143361069,1.06241918042707,1.96605178665233,3.71520912447695,17.386709502294,1.4768313089768,8
"lambda_potential[62,1]",6.4427538351047,7.14763693193041,0.837744417617355,2.28774132462292,4.07104549656248,7.43479413874312,30.5700254115088,1.49587058608627,8
"lambda_potential[63,1]",3.36305685571078,4.14230794135909,0.388007143361069,1.06241918042707,1.96605178665233,3.71520912447695,17.386709502294,1.4768313089768,8
"lambda_potential[64,1]",13.3098465000906,14.423666874567,1.51147775544907,4.63448709772707,8.737842172212,16.2845392157419,55.88552942827,1.38995186936161,9
"lambda_potential[65,1]",3.36305685571078,4.14230794135909,0.388007143361069,1.06241918042707,1.96605178665233,3.71520912447695,17.386709502294,1.4768313089768,8
"lambda_potential[66,1]",3.36305685571078,4.14230794135909,0.388007143361069,1.06241918042707,1.96605178665233,3.71520912447695,17.386709502294,1.4768313089768,8
"lambda_potential[67,1]",3.36305685571078,4.14230794135909,0.388007143361069,1.06241918042707,1.96605178665233,3.71520912447695,17.386709502294,1.4768313089768,8
"lambda_potential[68,1]",3.36305685571078,4.14230794135909,0.388007143361069,1.06241918042707,1.96605178665233,3.71520912447695,17.386709502294,1.4768313089768,8
"lambda_potential[69,1]",13.3098465000906,14.423666874567,1.51147775544907,4.63448709772707,8.737842172212,16.2845392157419,55.88552942827,1.38995186936161,9
"lambda_potential[70,1]",3.36305685571078,4.14230794135909,0.388007143361069,1.06241918042707,1.96605178665233,3.71520912447695,17.386709502294,1.4768313089768,8
"lambda_potential[71,1]",3.36305685571078,4.14230794135909,0.388007143361069,1.06241918042707,1.96605178665233,3.71520912447695,17.386709502294,1.4768313089768,8
"lambda_potential[72,1]",52.8692448769336,63.2810343993211,2.36825307858305,14.1385663954752,33.0359947783204,67.0095004732564,227.145425972312,1.17458784344359,16
"lambda_potential[73,1]",3.36305685571078,4.14230794135909,0.388007143361069,1.06241918042707,1.96605178665233,3.71520912447695,17.386709502294,1.4768313089768,8
"lambda_potential[74,1]",3.36305685571078,4.14230794135909,0.388007143361069,1.06241918042707,1.96605178665233,3.71520912447695,17.386709502294,1.4768313089768,8
"lambda_potential[75,1]",3.36305685571078,4.14230794135909,0.388007143361069,1.06241918042707,1.96605178665233,3.71520912447695,17.386709502294,1.4768313089768,8
"lambda_potential[76,1]",3.36305685571078,4.14230794135909,0.388007143361069,1.06241918042707,1.96605178665233,3.71520912447695,17.386709502294,1.4768313089768,8
"lambda_potential[77,1]",3.36305685571078,4.14230794135909,0.388007143361069,1.06241918042707,1.96605178665233,3.71520912447695,17.386709502294,1.4768313089768,8
"lambda_potential[78,1]",3.36305685571078,4.14230794135909,0.388007143361069,1.06241918042707,1.96605178665233,3.71520912447695,17.386709502294,1.4768313089768,8
"lambda_potential[79,1]",20.9816873644696,23.1406137873726,1.84971987974345,6.7983350963532,13.8297327930938,26.064111191113,86.7841853524894,1.30481246142319,11
"lambda_potential[80,1]",52.8692448769336,63.2810343993211,2.36825307858305,14.1385663954752,33.0359947783204,67.0095004732564,227.145425972312,1.17458784344359,16
"lambda_potential[81,1]",4.78529382732152,5.49881329329321,0.60687928990023,1.65585482309499,2.9440641320734,5.45252107587675,23.1954580666028,1.50325302159464,8
"lambda_potential[82,1]",4.78529382732152,5.49881329329321,0.60687928990023,1.65585482309499,2.9440641320734,5.45252107587675,23.1954580666028,1.50325302159464,8
"lambda_potential[83,1]",4.78529382732152,5.49881329329321,0.60687928990023,1.65585482309499,2.9440641320734,5.45252107587675,23.1954580666028,1.50325302159464,8
"lambda_potential[84,1]",4.78529382732152,5.49881329329321,0.60687928990023,1.65585482309499,2.9440641320734,5.45252107587675,23.1954580666028,1.50325302159464,8
"lambda_potential[85,1]",4.78529382732152,5.49881329329321,0.60687928990023,1.65585482309499,2.9440641320734,5.45252107587675,23.1954580666028,1.50325302159464,8
"lambda_potential[86,1]",4.78529382732152,5.49881329329321,0.60687928990023,1.65585482309499,2.9440641320734,5.45252107587675,23.1954580666028,1.50325302159464,8
"lambda_potential[87,1]",4.78529382732152,5.49881329329321,0.60687928990023,1.65585482309499,2.9440641320734,5.45252107587675,23.1954580666028,1.50325302159464,8
"lambda_potential[88,1]",4.78529382732152,5.49881329329321,0.60687928990023,1.65585482309499,2.9440641320734,5.45252107587675,23.1954580666028,1.50325302159464,8
"lambda_potential[89,1]",4.78529382732152,5.49881329329321,0.60687928990023,1.65585482309499,2.9440641320734,5.45252107587675,23.1954580666028,1.50325302159464,8
"lambda_potential[90,1]",4.78529382732152,5.49881329329321,0.60687928990023,1.65585482309499,2.9440641320734,5.45252107587675,23.1954580666028,1.50325302159464,8
"lambda_potential[91,1]",4.78529382732152,5.49881329329321,0.60687928990023,1.65585482309499,2.9440641320734,5.45252107587675,23.1954580666028,1.50325302159464,8
"lambda_potential[92,1]",4.78529382732152,5.49881329329321,0.60687928990023,1.65585482309499,2.9440641320734,5.45252107587675,23.1954580666028,1.50325302159464,8
"lambda_potential[93,1]",4.78529382732152,5.49881329329321,0.60687928990023,1.65585482309499,2.9440641320734,5.45252107587675,23.1954580666028,1.50325302159464,8
"lambda_potential[94,1]",4.78529382732152,5.49881329329321,0.60687928990023,1.65585482309499,2.9440641320734,5.45252107587675,23.1954580666028,1.50325302159464,8
"lambda_potential[95,1]",4.78529382732152,5.49881329329321,0.60687928990023,1.65585482309499,2.9440641320734,5.45252107587675,23.1954580666028,1.50325302159464,8
"lambda_potential[96,1]",4.78529382732152,5.49881329329321,0.60687928990023,1.65585482309499,2.9440641320734,5.45252107587675,23.1954580666028,1.50325302159464,8
"lambda_potential[97,1]",4.78529382732152,5.49881329329321,0.60687928990023,1.65585482309499,2.9440641320734,5.45252107587675,23.1954580666028,1.50325302159464,8
"lambda_potential[98,1]",4.78529382732152,5.49881329329321,0.60687928990023,1.65585482309499,2.9440641320734,5.45252107587675,23.1954580666028,1.50325302159464,8
"lambda_potential[99,1]",4.78529382732152,5.49881329329321,0.60687928990023,1.65585482309499,2.9440641320734,5.45252107587675,23.1954580666028,1.50325302159464,8
"lambda_potential[100,1]",4.78529382732152,5.49881329329321,0.60687928990023,1.65585482309499,2.9440641320734,5.45252107587675,23.1954580666028,1.50325302159464,8
"lambda_potential[1,2]",3.31073823685599,5.08897627525032,0.265040899960251,0.914993512575492,1.67930834247077,3.36095717812297,17.8443689693803,1.43832043785408,9
"lambda_potential[2,2]",3.31073823685599,5.08897627525032,0.265040899960251,0.914993512575492,1.67930834247077,3.36095717812297,17.8443689693803,1.43832043785408,9
"lambda_potential[3,2]",7.43531637151095,9.99750315252145,0.780821423038663,2.31386345572769,4.20800409397471,7.82719990450361,38.705999359466,1.50959232754322,8
"lambda_potential[4,2]",3.31073823685599,5.08897627525032,0.265040899960251,0.914993512575492,1.67930834247077,3.36095717812297,17.8443689693803,1.43832043785408,9
"lambda_potential[5,2]",3.31073823685599,5.08897627525032,0.265040899960251,0.914993512575492,1.67930834247077,3.36095717812297,17.8443689693803,1.43832043785408,9
"lambda_potential[6,2]",7.43531637151095,9.99750315252145,0.780821423038663,2.31386345572769,4.20800409397471,7.82719990450361,38.705999359466,1.50959232754322,8
"lambda_potential[7,2]",3.31073823685599,5.08897627525032,0.265040899960251,0.914993512575492,1.67930834247077,3.36095717812297,17.8443689693803,1.43832043785408,9
"lambda_potential[8,2]",7.43531637151095,9.99750315252145,0.780821423038663,2.31386345572769,4.20800409397471,7.82719990450361,38.705999359466,1.50959232754322,8
"lambda_potential[9,2]",3.31073823685599,5.08897627525032,0.265040899960251,0.914993512575492,1.67930834247077,3.36095717812297,17.8443689693803,1.43832043785408,9
"lambda_potential[10,2]",3.31073823685599,5.08897627525032,0.265040899960251,0.914993512575492,1.67930834247077,3.36095717812297,17.8443689693803,1.43832043785408,9
"lambda_potential[11,2]",3.31073823685599,5.08897627525032,0.265040899960251,0.914993512575492,1.67930834247077,3.36095717812297,17.8443689693803,1.43832043785408,9
"lambda_potential[12,2]",3.31073823685599,5.08897627525032,0.265040899960251,0.914993512575492,1.67930834247077,3.36095717812297,17.8443689693803,1.43832043785408,9
"lambda_potential[13,2]",3.31073823685599,5.08897627525032,0.265040899960251,0.914993512575492,1.67930834247077,3.36095717812297,17.8443689693803,1.43832043785408,9
"lambda_potential[14,2]",22.8523118344973,26.8498063402431,2.79605326690381,7.81577925289088,14.0465056475573,25.9795536512761,108.357165108957,1.55090024497338,7
"lambda_potential[15,2]",22.8523118344973,26.8498063402431,2.79605326690381,7.81577925289088,14.0465056475573,25.9795536512761,108.357165108957,1.55090024497338,7
"lambda_potential[16,2]",3.31073823685599,5.08897627525032,0.265040899960251,0.914993512575492,1.67930834247077,3.36095717812297,17.8443689693803,1.43832043785408,9
"lambda_potential[17,2]",3.31073823685599,5.08897627525032,0.265040899960251,0.914993512575492,1.67930834247077,3.36095717812297,17.8443689693803,1.43832043785408,9
"lambda_potential[18,2]",131.094510345381,146.11870539927,12.7493283838795,43.200195240188,82.0730773949397,163.549117821117,550.381977619242,1.43979993832451,8
"lambda_potential[19,2]",7.43531637151095,9.99750315252145,0.780821423038663,2.31386345572769,4.20800409397471,7.82719990450361,38.705999359466,1.50959232754322,8
"lambda_potential[20,2]",3.31073823685599,5.08897627525032,0.265040899960251,0.914993512575492,1.67930834247077,3.36095717812297,17.8443689693803,1.43832043785408,9
"lambda_potential[21,2]",3.31073823685599,5.08897627525032,0.265040899960251,0.914993512575492,1.67930834247077,3.36095717812297,17.8443689693803,1.43832043785408,9
"lambda_potential[22,2]",3.31073823685599,5.08897627525032,0.265040899960251,0.914993512575492,1.67930834247077,3.36095717812297,17.8443689693803,1.43832043785408,9
"lambda_potential[23,2]",3.31073823685599,5.08897627525032,0.265040899960251,0.914993512575492,1.67930834247077,3.36095717812297,17.8443689693803,1.43832043785408,9
"lambda_potential[24,2]",3.31073823685599,5.08897627525032,0.265040899960251,0.914993512575492,1.67930834247077,3.36095717812297,17.8443689693803,1.43832043785408,9
"lambda_potential[25,2]",12.1282267325126,15.2449703997579,1.39304828655183,3.96821066897228,7.21439320019191,13.1610767773549,60.458592570688,1.53876685687382,7
"lambda_potential[26,2]",3.31073823685599,5.08897627525032,0.265040899960251,0.914993512575492,1.67930834247077,3.36095717812297,17.8443689693803,1.43832043785408,9
"lambda_potential[27,2]",3.31073823685599,5.08897627525032,0.265040899960251,0.914993512575492,1.67930834247077,3.36095717812297,17.8443689693803,1.43832043785408,9
"lambda_potential[28,2]",17.2870657175674,20.8619227818294,2.07617677583917,5.81507176632691,10.5807722669104,19.3110598472705,84.4049765168575,1.54952449583728,7
"lambda_potential[29,2]",3.31073823685599,5.08897627525032,0.265040899960251,0.914993512575492,1.67930834247077,3.36095717812297,17.8443689693803,1.43832043785408,9
"lambda_potential[30,2]",3.31073823685599,5.08897627525032,0.265040899960251,0.914993512575492,1.67930834247077,3.36095717812297,17.8443689693803,1.43832043785408,9
"lambda_potential[31,2]",3.31073823685599,5.08897627525032,0.265040899960251,0.914993512575492,1.67930834247077,3.36095717812297,17.8443689693803,1.43832043785408,9
"lambda_potential[32,2]",12.1282267325126,15.2449703997579,1.39304828655183,3.96821066897228,7.21439320019191,13.1610767773549,60.458592570688,1.53876685687382,7
"lambda_potential[33,2]",3.31073823685599,5.08897627525032,0.265040899960251,0.914993512575492,1.67930834247077,3.36095717812297,17.8443689693803,1.43832043785408,9
"lambda_potential[34,2]",3.31073823685599,5.08897627525032,0.265040899960251,0.914993512575492,1.67930834247077,3.36095717812297,17.8443689693803,1.43832043785408,9
"lambda_potential[35,2]",3.31073823685599,5.08897627525032,0.265040899960251,0.914993512575492,1.67930834247077,3.36095717812297,17.8443689693803,1.43832043785408,9
"lambda_potential[36,2]",7.43531637151095,9.99750315252145,0.780821423038663,2.31386345572769,4.20800409397471,7.82719990450361,38.705999359466,1.50959232754322,8
"lambda_potential[37,2]",63.0990585428772,70.2033909961249,7.16806403029017,21.6543975639813,39.7993429265543,76.7861024510193,274.646520140799,1.50530147874294,8
"lambda_potential[38,2]",3.31073823685599,5.08897627525032,0.265040899960251,0.914993512575492,1.67930834247077,3.36095717812297,17.8443689693803,1.43832043785408,9
"lambda_potential[39,2]",35.0521713682144,39.9150733366629,4.24929954028375,12.1864891292225,21.9191188581229,40.9621663898067,161.220967500515,1.54066141745712,7
"lambda_potential[40,2]",3.31073823685599,5.08897627525032,0.265040899960251,0.914993512575492,1.67930834247077,3.36095717812297,17.8443689693803,1.43832043785408,9
"lambda_potential[41,2]",41.634621519354,46.9778948555084,4.93838629852442,14.510830420678,26.1807585621249,49.1555836935102,188.669821620191,1.53259635845313,7
"lambda_potential[42,2]",3.31073823685599,5.08897627525032,0.265040899960251,0.914993512575492,1.67930834247077,3.36095717812297,17.8443689693803,1.43832043785408,9
"lambda_potential[43,2]",7.43531637151095,9.99750315252145,0.780821423038663,2.31386345572769,4.20800409397471,7.82719990450361,38.705999359466,1.50959232754322,8
"lambda_potential[44,2]",12.1282267325126,15.2449703997579,1.39304828655183,3.96821066897228,7.21439320019191,13.1610767773549,60.458592570688,1.53876685687382,7
"lambda_potential[45,2]",3.31073823685599,5.08897627525032,0.265040899960251,0.914993512575492,1.67930834247077,3.36095717812297,17.8443689693803,1.43832043785408,9
"lambda_potential[46,2]",41.634621519354,46.9778948555084,4.93838629852442,14.510830420678,26.1807585621249,49.1555836935102,188.669821620191,1.53259635845313,7
"lambda_potential[47,2]",7.43531637151095,9.99750315252145,0.780821423038663,2.31386345572769,4.20800409397471,7.82719990450361,38.705999359466,1.50959232754322,8
"lambda_potential[48,2]",3.31073823685599,5.08897627525032,0.265040899960251,0.914993512575492,1.67930834247077,3.36095717812297,17.8443689693803,1.43832043785408,9
"lambda_potential[49,2]",3.31073823685599,5.08897627525032,0.265040899960251,0.914993512575492,1.67930834247077,3.36095717812297,17.8443689693803,1.43832043785408,9
"lambda_potential[50,2]",3.31073823685599,5.08897627525032,0.265040899960251,0.914993512575492,1.67930834247077,3.36095717812297,17.8443689693803,1.43832043785408,9
"lambda_potential[51,2]",3.31073823685599,5.08897627525032,0.265040899960251,0.914993512575492,1.67930834247077,3.36095717812297,17.8443689693803,1.43832043785408,9
"lambda_potential[52,2]",7.43531637151095,9.99750315252145,0.780821423038663,2.31386345572769,4.20800409397471,7.82719990450361,38.705999359466,1.50959232754322,8
"lambda_potential[53,2]",63.0990585428772,70.2033909961249,7.16806403029017,21.6543975639813,39.7993429265543,76.7861024510193,274.646520140799,1.50530147874294,8
"lambda_potential[54,2]",7.43531637151095,9.99750315252145,0.780821423038663,2.31386345572769,4.20800409397471,7.82719990450361,38.705999359466,1.50959232754322,8
"lambda_potential[55,2]",3.31073823685599,5.08897627525032,0.265040899960251,0.914993512575492,1.67930834247077,3.36095717812297,17.8443689693803,1.43832043785408,9
"lambda_potential[56,2]",7.43531637151095,9.99750315252145,0.780821423038663,2.31386345572769,4.20800409397471,7.82719990450361,38.705999359466,1.50959232754322,8
"lambda_potential[57,2]",3.31073823685599,5.08897627525032,0.265040899960251,0.914993512575492,1.67930834247077,3.36095717812297,17.8443689693803,1.43832043785408,9
"lambda_potential[58,2]",3.31073823685599,5.08897627525032,0.265040899960251,0.914993512575492,1.67930834247077,3.36095717812297,17.8443689693803,1.43832043785408,9
"lambda_potential[59,2]",12.1282267325126,15.2449703997579,1.39304828655183,3.96821066897228,7.21439320019191,13.1610767773549,60.458592570688,1.53876685687382,7
"lambda_potential[60,2]",3.31073823685599,5.08897627525032,0.265040899960251,0.914993512575492,1.67930834247077,3.36095717812297,17.8443689693803,1.43832043785408,9
"lambda_potential[61,2]",3.31073823685599,5.08897627525032,0.265040899960251,0.914993512575492,1.67930834247077,3.36095717812297,17.8443689693803,1.43832043785408,9
"lambda_potential[62,2]",3.31073823685599,5.08897627525032,0.265040899960251,0.914993512575492,1.67930834247077,3.36095717812297,17.8443689693803,1.43832043785408,9
"lambda_potential[63,2]",3.31073823685599,5.08897627525032,0.265040899960251,0.914993512575492,1.67930834247077,3.36095717812297,17.8443689693803,1.43832043785408,9
"lambda_potential[64,2]",3.31073823685599,5.08897627525032,0.265040899960251,0.914993512575492,1.67930834247077,3.36095717812297,17.8443689693803,1.43832043785408,9
"lambda_potential[65,2]",3.31073823685599,5.08897627525032,0.265040899960251,0.914993512575492,1.67930834247077,3.36095717812297,17.8443689693803,1.43832043785408,9
"lambda_potential[66,2]",3.31073823685599,5.08897627525032,0.265040899960251,0.914993512575492,1.67930834247077,3.36095717812297,17.8443689693803,1.43832043785408,9
"lambda_potential[67,2]",3.31073823685599,5.08897627525032,0.265040899960251,0.914993512575492,1.67930834247077,3.36095717812297,17.8443689693803,1.43832043785408,9
"lambda_potential[68,2]",55.6719621343246,62.1284770441173,6.42677190724749,19.2528531578003,35.0979589522553,67.2095076212472,243.798674685447,1.51455356737814,7
"lambda_potential[69,2]",41.634621519354,46.9778948555084,4.93838629852442,14.510830420678,26.1807585621249,49.1555836935102,188.669821620191,1.53259635845313,7
"lambda_potential[70,2]",12.1282267325126,15.2449703997579,1.39304828655183,3.96821066897228,7.21439320019191,13.1610767773549,60.458592570688,1.53876685687382,7
"lambda_potential[71,2]",3.31073823685599,5.08897627525032,0.265040899960251,0.914993512575492,1.67930834247077,3.36095717812297,17.8443689693803,1.43832043785408,9
"lambda_potential[72,2]",55.6719621343246,62.1284770441173,6.42677190724749,19.2528531578003,35.0979589522553,67.2095076212472,243.798674685447,1.51455356737814,7
"lambda_potential[73,2]",7.43531637151095,9.99750315252145,0.780821423038663,2.31386345572769,4.20800409397471,7.82719990450361,38.705999359466,1.50959232754322,8
"lambda_potential[74,2]",3.31073823685599,5.08897627525032,0.265040899960251,0.914993512575492,1.67930834247077,3.36095717812297,17.8443689693803,1.43832043785408,9
"lambda_potential[75,2]",7.43531637151095,9.99750315252145,0.780821423038663,2.31386345572769,4.20800409397471,7.82719990450361,38.705999359466,1.50959232754322,8
"lambda_potential[76,2]",7.43531637151095,9.99750315252145,0.780821423038663,2.31386345572769,4.20800409397471,7.82719990450361,38.705999359466,1.50959232754322,8
"lambda_potential[77,2]",7.43531637151095,9.99750315252145,0.780821423038663,2.31386345572769,4.20800409397471,7.82719990450361,38.705999359466,1.50959232754322,8
"lambda_potential[78,2]",3.31073823685599,5.08897627525032,0.265040899960251,0.914993512575492,1.67930834247077,3.36095717812297,17.8443689693803,1.43832043785408,9
"lambda_potential[79,2]",78.7151327622355,87.323926136595,8.56035235264906,26.8065947546295,49.7905418561169,96.8661534942757,338.157353871167,1.48721552084761,8
"lambda_potential[80,2]",63.0990585428772,70.2033909961249,7.16806403029017,21.6543975639813,39.7993429265543,76.7861024510193,274.646520140799,1.50530147874294,8
"lambda_potential[81,2]",6.39472749037531,8.79878056833664,0.638423148625231,1.96230165579888,3.55050997373742,6.66923518369576,33.5171603287272,1.49795211457418,8
"lambda_potential[82,2]",6.39472749037531,8.79878056833664,0.638423148625231,1.96230165579888,3.55050997373742,6.66923518369576,33.5171603287272,1.49795211457418,8
"lambda_potential[83,2]",6.39472749037531,8.79878056833664,0.638423148625231,1.96230165579888,3.55050997373742,6.66923518369576,33.5171603287272,1.49795211457418,8
"lambda_potential[84,2]",6.39472749037531,8.79878056833664,0.638423148625231,1.96230165579888,3.55050997373742,6.66923518369576,33.5171603287272,1.49795211457418,8
"lambda_potential[85,2]",6.39472749037531,8.79878056833664,0.638423148625231,1.96230165579888,3.55050997373742,6.66923518369576,33.5171603287272,1.49795211457418,8
"lambda_potential[86,2]",6.39472749037531,8.79878056833664,0.638423148625231,1.96230165579888,3.55050997373742,6.66923518369576,33.5171603287272,1.49795211457418,8
"lambda_potential[87,2]",6.39472749037531,8.79878056833664,0.638423148625231,1.96230165579888,3.55050997373742,6.66923518369576,33.5171603287272,1.49795211457418,8
"lambda_potential[88,2]",6.39472749037531,8.79878056833664,0.638423148625231,1.96230165579888,3.55050997373742,6.66923518369576,33.5171603287272,1.49795211457418,8
"lambda_potential[89,2]",6.39472749037531,8.79878056833664,0.638423148625231,1.96230165579888,3.55050997373742,6.66923518369576,33.5171603287272,1.49795211457418,8
"lambda_potential[90,2]",6.39472749037531,8.79878056833664,0.638423148625231,1.96230165579888,3.55050997373742,6.66923518369576,33.5171603287272,1.49795211457418,8
"lambda_potential[91,2]",6.39472749037531,8.79878056833664,0.638423148625231,1.96230165579888,3.55050997373742,6.66923518369576,33.5171603287272,1.49795211457418,8
"lambda_potential[92,2]",6.39472749037531,8.79878056833664,0.638423148625231,1.96230165579888,3.55050997373742,6.66923518369576,33.5171603287272,1.49795211457418,8
"lambda_potential[93,2]",6.39472749037531,8.79878056833664,0.638423148625231,1.96230165579888,3.55050997373742,6.66923518369576,33.5171603287272,1.49795211457418,8
"lambda_potential[94,2]",6.39472749037531,8.79878056833664,0.638423148625231,1.96230165579888,3.55050997373742,6.66923518369576,33.5171603287272,1.49795211457418,8
"lambda_potential[95,2]",6.39472749037531,8.79878056833664,0.638423148625231,1.96230165579888,3.55050997373742,6.66923518369576,33.5171603287272,1.49795211457418,8
"lambda_potential[96,2]",6.39472749037531,8.79878056833664,0.638423148625231,1.96230165579888,3.55050997373742,6.66923518369576,33.5171603287272,1.49795211457418,8
"lambda_potential[97,2]",6.39472749037531,8.79878056833664,0.638423148625231,1.96230165579888,3.55050997373742,6.66923518369576,33.5171603287272,1.49795211457418,8
"lambda_potential[98,2]",6.39472749037531,8.79878056833664,0.638423148625231,1.96230165579888,3.55050997373742,6.66923518369576,33.5171603287272,1.49795211457418,8
"lambda_potential[99,2]",6.39472749037531,8.79878056833664,0.638423148625231,1.96230165579888,3.55050997373742,6.66923518369576,33.5171603287272,1.49795211457418,8
"lambda_potential[100,2]",6.39472749037531,8.79878056833664,0.638423148625231,1.96230165579888,3.55050997373742,6.66923518369576,33.5171603287272,1.49795211457418,8
"lambda_potential[1,3]",6.9997846407288,9.11174430103219,0.801428801291594,2.29301649886534,4.14766124312453,7.73982173505332,35.3402682152945,1.50306739781103,8
"lambda_potential[2,3]",3.38374079383475,5.39731593789388,0.308445900570936,0.973115083857886,1.77284759084602,3.40012378863783,18.6736613977184,1.44161498727341,8
"lambda_potential[3,3]",3.38374079383475,5.39731593789388,0.308445900570936,0.973115083857886,1.77284759084602,3.40012378863783,18.6736613977184,1.44161498727341,8
"lambda_potential[4,3]",3.38374079383475,5.39731593789388,0.308445900570936,0.973115083857886,1.77284759084602,3.40012378863783,18.6736613977184,1.44161498727341,8
"lambda_potential[5,3]",6.9997846407288,9.11174430103219,0.801428801291594,2.29301649886534,4.14766124312453,7.73982173505332,35.3402682152945,1.50306739781103,8
"lambda_potential[6,3]",3.38374079383475,5.39731593789388,0.308445900570936,0.973115083857886,1.77284759084602,3.40012378863783,18.6736613977184,1.44161498727341,8
"lambda_potential[7,3]",3.38374079383475,5.39731593789388,0.308445900570936,0.973115083857886,1.77284759084602,3.40012378863783,18.6736613977184,1.44161498727341,8
"lambda_potential[8,3]",3.38374079383475,5.39731593789388,0.308445900570936,0.973115083857886,1.77284759084602,3.40012378863783,18.6736613977184,1.44161498727341,8
"lambda_potential[9,3]",30.4157516474872,34.1199226794362,3.35328386723517,10.1149415954681,19.5129270118579,37.7696507595489,128.407845571813,1.43923890696232,8
"lambda_potential[10,3]",3.38374079383475,5.39731593789388,0.308445900570936,0.973115083857886,1.77284759084602,3.40012378863783,18.6736613977184,1.44161498727341,8
"lambda_potential[11,3]",3.38374079383475,5.39731593789388,0.308445900570936,0.973115083857886,1.77284759084602,3.40012378863783,18.6736613977184,1.44161498727341,8
"lambda_potential[12,3]",11.0181042419324,13.088402720393,1.34520402594684,3.73382334385806,6.80123089544539,12.9564576815947,53.3996218803466,1.51031263430573,8
"lambda_potential[13,3]",3.38374079383475,5.39731593789388,0.308445900570936,0.973115083857886,1.77284759084602,3.40012378863783,18.6736613977184,1.44161498727341,8
"lambda_potential[14,3]",3.38374079383475,5.39731593789388,0.308445900570936,0.973115083857886,1.77284759084602,3.40012378863783,18.6736613977184,1.44161498727341,8
"lambda_potential[15,3]",3.38374079383475,5.39731593789388,0.308445900570936,0.973115083857886,1.77284759084602,3.40012378863783,18.6736613977184,1.44161498727341,8
"lambda_potential[16,3]",3.38374079383475,5.39731593789388,0.308445900570936,0.973115083857886,1.77284759084602,3.40012378863783,18.6736613977184,1.44161498727341,8
"lambda_potential[17,3]",3.38374079383475,5.39731593789388,0.308445900570936,0.973115083857886,1.77284759084602,3.40012378863783,18.6736613977184,1.44161498727341,8
"lambda_potential[18,3]",47.9091340222569,56.0440545580882,4.69559635821244,15.3355334040563,30.4356993724312,59.694158495524,196.326401868525,1.38682028937438,9
"lambda_potential[19,3]",6.9997846407288,9.11174430103219,0.801428801291594,2.29301649886534,4.14766124312453,7.73982173505332,35.3402682152945,1.50306739781103,8
"lambda_potential[20,3]",20.1032258676858,22.4795240639128,2.41735489212059,6.79273483916645,12.8561629534808,25.0400042499053,90.2352815254586,1.47965402315222,8
"lambda_potential[21,3]",3.38374079383475,5.39731593789388,0.308445900570936,0.973115083857886,1.77284759084602,3.40012378863783,18.6736613977184,1.44161498727341,8
"lambda_potential[22,3]",3.38374079383475,5.39731593789388,0.308445900570936,0.973115083857886,1.77284759084602,3.40012378863783,18.6736613977184,1.44161498727341,8
"lambda_potential[23,3]",3.38374079383475,5.39731593789388,0.308445900570936,0.973115083857886,1.77284759084602,3.40012378863783,18.6736613977184,1.44161498727341,8
"lambda_potential[24,3]",3.38374079383475,5.39731593789388,0.308445900570936,0.973115083857886,1.77284759084602,3.40012378863783,18.6736613977184,1.44161498727341,8
"lambda_potential[25,3]",3.38374079383475,5.39731593789388,0.308445900570936,0.973115083857886,1.77284759084602,3.40012378863783,18.6736613977184,1.44161498727341,8
"lambda_potential[26,3]",3.38374079383475,5.39731593789388,0.308445900570936,0.973115083857886,1.77284759084602,3.40012378863783,18.6736613977184,1.44161498727341,8
"lambda_potential[27,3]",3.38374079383475,5.39731593789388,0.308445900570936,0.973115083857886,1.77284759084602,3.40012378863783,18.6736613977184,1.44161498727341,8
"lambda_potential[28,3]",11.0181042419324,13.088402720393,1.34520402594684,3.73382334385806,6.80123089544539,12.9564576815947,53.3996218803466,1.51031263430573,8
"lambda_potential[29,3]",3.38374079383475,5.39731593789388,0.308445900570936,0.973115083857886,1.77284759084602,3.40012378863783,18.6736613977184,1.44161498727341,8
"lambda_potential[30,3]",20.1032258676858,22.4795240639128,2.41735489212059,6.79273483916645,12.8561629534808,25.0400042499053,90.2352815254586,1.47965402315222,8
"lambda_potential[31,3]",3.38374079383475,5.39731593789388,0.308445900570936,0.973115083857886,1.77284759084602,3.40012378863783,18.6736613977184,1.44161498727341,8
"lambda_potential[32,3]",3.38374079383475,5.39731593789388,0.308445900570936,0.973115083857886,1.77284759084602,3.40012378863783,18.6736613977184,1.44161498727341,8
"lambda_potential[33,3]",35.9889538197973,40.8276705018212,3.81149546334434,11.7960992290853,23.0206659127796,44.8671459730053,150.90823795889,1.42034645738823,8
"lambda_potential[34,3]",3.38374079383475,5.39731593789388,0.308445900570936,0.973115083857886,1.77284759084602,3.40012378863783,18.6736613977184,1.44161498727341,8
"lambda_potential[35,3]",6.9997846407288,9.11174430103219,0.801428801291594,2.29301649886534,4.14766124312453,7.73982173505332,35.3402682152945,1.50306739781103,8
"lambda_potential[36,3]",3.38374079383475,5.39731593789388,0.308445900570936,0.973115083857886,1.77284759084602,3.40012378863783,18.6736613977184,1.44161498727341,8
"lambda_potential[37,3]",47.9091340222569,56.0440545580882,4.69559635821244,15.3355334040563,30.4356993724312,59.694158495524,196.326401868525,1.38682028937438,9
"lambda_potential[38,3]",3.38374079383475,5.39731593789388,0.308445900570936,0.973115083857886,1.77284759084602,3.40012378863783,18.6736613977184,1.44161498727341,8
"lambda_potential[39,3]",289.424495671912,495.294275731604,12.4973114622655,67.1923850018567,152.388057999059,324.200715199487,1444.09564524917,1.20885193158339,14
"lambda_potential[40,3]",3.38374079383475,5.39731593789388,0.308445900570936,0.973115083857886,1.77284759084602,3.40012378863783,18.6736613977184,1.44161498727341,8
"lambda_potential[41,3]",20.1032258676858,22.4795240639128,2.41735489212059,6.79273483916645,12.8561629534808,25.0400042499053,90.2352815254586,1.47965402315222,8
"lambda_potential[42,3]",15.3962992340599,17.5188193334279,1.87022369849628,5.2144520858168,9.71832567644559,18.7374530393314,70.8870595045939,1.49832937865679,8
"lambda_potential[43,3]",3.38374079383475,5.39731593789388,0.308445900570936,0.973115083857886,1.77284759084602,3.40012378863783,18.6736613977184,1.44161498727341,8
"lambda_potential[44,3]",3.38374079383475,5.39731593789388,0.308445900570936,0.973115083857886,1.77284759084602,3.40012378863783,18.6736613977184,1.44161498727341,8
"lambda_potential[45,3]",3.38374079383475,5.39731593789388,0.308445900570936,0.973115083857886,1.77284759084602,3.40012378863783,18.6736613977184,1.44161498727341,8
"lambda_potential[46,3]",6.9997846407288,9.11174430103219,0.801428801291594,2.29301649886534,4.14766124312453,7.73982173505332,35.3402682152945,1.50306739781103,8
"lambda_potential[47,3]",3.38374079383475,5.39731593789388,0.308445900570936,0.973115083857886,1.77284759084602,3.40012378863783,18.6736613977184,1.44161498727341,8
"lambda_potential[48,3]",3.38374079383475,5.39731593789388,0.308445900570936,0.973115083857886,1.77284759084602,3.40012378863783,18.6736613977184,1.44161498727341,8
"lambda_potential[49,3]",3.38374079383475,5.39731593789388,0.308445900570936,0.973115083857886,1.77284759084602,3.40012378863783,18.6736613977184,1.44161498727341,8
"lambda_potential[50,3]",3.38374079383475,5.39731593789388,0.308445900570936,0.973115083857886,1.77284759084602,3.40012378863783,18.6736613977184,1.44161498727341,8
"lambda_potential[51,3]",3.38374079383475,5.39731593789388,0.308445900570936,0.973115083857886,1.77284759084602,3.40012378863783,18.6736613977184,1.44161498727341,8
"lambda_potential[52,3]",60.8011176606563,73.669029923138,5.41328678729681,18.9171904982777,38.2835675709598,74.9158478956046,253.597802615665,1.35871151878384,9
"lambda_potential[53,3]",11.0181042419324,13.088402720393,1.34520402594684,3.73382334385806,6.80123089544539,12.9564576815947,53.3996218803466,1.51031263430573,8
"lambda_potential[54,3]",3.38374079383475,5.39731593789388,0.308445900570936,0.973115083857886,1.77284759084602,3.40012378863783,18.6736613977184,1.44161498727341,8
"lambda_potential[55,3]",3.38374079383475,5.39731593789388,0.308445900570936,0.973115083857886,1.77284759084602,3.40012378863783,18.6736613977184,1.44161498727341,8
"lambda_potential[56,3]",3.38374079383475,5.39731593789388,0.308445900570936,0.973115083857886,1.77284759084602,3.40012378863783,18.6736613977184,1.44161498727341,8
"lambda_potential[57,3]",11.0181042419324,13.088402720393,1.34520402594684,3.73382334385806,6.80123089544539,12.9564576815947,53.3996218803466,1.51031263430573,8
"lambda_potential[58,3]",6.9997846407288,9.11174430103219,0.801428801291594,2.29301649886534,4.14766124312453,7.73982173505332,35.3402682152945,1.50306739781103,8
"lambda_potential[59,3]",25.1157015302835,28.0070453321929,2.89837183684184,8.4187183428288,16.0941616896868,31.2281121298736,110.246711239452,1.45927645354252,8
"lambda_potential[60,3]",3.38374079383475,5.39731593789388,0.308445900570936,0.973115083857886,1.77284759084602,3.40012378863783,18.6736613977184,1.44161498727341,8
"lambda_potential[61,3]",3.38374079383475,5.39731593789388,0.308445900570936,0.973115083857886,1.77284759084602,3.40012378863783,18.6736613977184,1.44161498727341,8
"lambda_potential[62,3]",3.38374079383475,5.39731593789388,0.308445900570936,0.973115083857886,1.77284759084602,3.40012378863783,18.6736613977184,1.44161498727341,8
"lambda_potential[63,3]",3.38374079383475,5.39731593789388,0.308445900570936,0.973115083857886,1.77284759084602,3.40012378863783,18.6736613977184,1.44161498727341,8
"lambda_potential[64,3]",3.38374079383475,5.39731593789388,0.308445900570936,0.973115083857886,1.77284759084602,3.40012378863783,18.6736613977184,1.44161498727341,8
"lambda_potential[65,3]",3.38374079383475,5.39731593789388,0.308445900570936,0.973115083857886,1.77284759084602,3.40012378863783,18.6736613977184,1.44161498727341,8
"lambda_potential[66,3]",3.38374079383475,5.39731593789388,0.308445900570936,0.973115083857886,1.77284759084602,3.40012378863783,18.6736613977184,1.44161498727341,8
"lambda_potential[67,3]",3.38374079383475,5.39731593789388,0.308445900570936,0.973115083857886,1.77284759084602,3.40012378863783,18.6736613977184,1.44161498727341,8
"lambda_potential[68,3]",54.2375191985864,64.5554443089518,5.05832252869907,17.168610732611,34.3929058294452,67.159592913074,224.091598321744,1.37214015809244,9
"lambda_potential[69,3]",15.3962992340599,17.5188193334279,1.87022369849628,5.2144520858168,9.71832567644559,18.7374530393314,70.8870595045939,1.49832937865679,8
"lambda_potential[70,3]",30.4157516474872,34.1199226794362,3.35328386723517,10.1149415954681,19.5129270118579,37.7696507595489,128.407845571813,1.43923890696232,8
"lambda_potential[71,3]",3.38374079383475,5.39731593789388,0.308445900570936,0.973115083857886,1.77284759084602,3.40012378863783,18.6736613977184,1.44161498727341,8
"lambda_potential[72,3]",11.0181042419324,13.088402720393,1.34520402594684,3.73382334385806,6.80123089544539,12.9564576815947,53.3996218803466,1.51031263430573,8
"lambda_potential[73,3]",3.38374079383475,5.39731593789388,0.308445900570936,0.973115083857886,1.77284759084602,3.40012378863783,18.6736613977184,1.44161498727341,8
"lambda_potential[74,3]",20.1032258676858,22.4795240639128,2.41735489212059,6.79273483916645,12.8561629534808,25.0400042499053,90.2352815254586,1.47965402315222,8
"lambda_potential[75,3]",3.38374079383475,5.39731593789388,0.308445900570936,0.973115083857886,1.77284759084602,3.40012378863783,18.6736613977184,1.44161498727341,8
"lambda_potential[76,3]",3.38374079383475,5.39731593789388,0.308445900570936,0.973115083857886,1.77284759084602,3.40012378863783,18.6736613977184,1.44161498727341,8
"lambda_potential[77,3]",3.38374079383475,5.39731593789388,0.308445900570936,0.973115083857886,1.77284759084602,3.40012378863783,18.6736613977184,1.44161498727341,8
"lambda_potential[78,3]",6.9997846407288,9.11174430103219,0.801428801291594,2.29301649886534,4.14766124312453,7.73982173505332,35.3402682152945,1.50306739781103,8
"lambda_potential[79,3]",121.117817322931,168.164325098827,7.95993102324753,33.8332702280046,72.8486859114737,145.465195658948,547.303490708171,1.2833261474331,11
"lambda_potential[80,3]",30.4157516474872,34.1199226794362,3.35328386723517,10.1149415954681,19.5129270118579,37.7696507595489,128.407845571813,1.43923890696232,8
"lambda_potential[81,3]",6.10439888993211,8.21954240934709,0.676931847638498,1.98116263563347,3.5515998780511,6.6250944139646,31.5226904902019,1.49563063624112,8
"lambda_potential[82,3]",6.10439888993211,8.21954240934709,0.676931847638498,1.98116263563347,3.5515998780511,6.6250944139646,31.5226904902019,1.49563063624112,8
"lambda_potential[83,3]",6.10439888993211,8.21954240934709,0.676931847638498,1.98116263563347,3.5515998780511,6.6250944139646,31.5226904902019,1.49563063624112,8
"lambda_potential[84,3]",6.10439888993211,8.21954240934709,0.676931847638498,1.98116263563347,3.5515998780511,6.6250944139646,31.5226904902019,1.49563063624112,8
"lambda_potential[85,3]",6.10439888993211,8.21954240934709,0.676931847638498,1.98116263563347,3.5515998780511,6.6250944139646,31.5226904902019,1.49563063624112,8
"lambda_potential[86,3]",6.10439888993211,8.21954240934709,0.676931847638498,1.98116263563347,3.5515998780511,6.6250944139646,31.5226904902019,1.49563063624112,8
"lambda_potential[87,3]",6.10439888993211,8.21954240934709,0.676931847638498,1.98116263563347,3.5515998780511,6.6250944139646,31.5226904902019,1.49563063624112,8
"lambda_potential[88,3]",6.10439888993211,8.21954240934709,0.676931847638498,1.98116263563347,3.5515998780511,6.6250944139646,31.5226904902019,1.49563063624112,8
"lambda_potential[89,3]",6.10439888993211,8.21954240934709,0.676931847638498,1.98116263563347,3.5515998780511,6.6250944139646,31.5226904902019,1.49563063624112,8
"lambda_potential[90,3]",6.10439888993211,8.21954240934709,0.676931847638498,1.98116263563347,3.5515998780511,6.6250944139646,31.5226904902019,1.49563063624112,8
"lambda_potential[91,3]",6.10439888993211,8.21954240934709,0.676931847638498,1.98116263563347,3.5515998780511,6.6250944139646,31.5226904902019,1.49563063624112,8
"lambda_potential[92,3]",6.10439888993211,8.21954240934709,0.676931847638498,1.98116263563347,3.5515998780511,6.6250944139646,31.5226904902019,1.49563063624112,8
"lambda_potential[93,3]",6.10439888993211,8.21954240934709,0.676931847638498,1.98116263563347,3.5515998780511,6.6250944139646,31.5226904902019,1.49563063624112,8
"lambda_potential[94,3]",6.10439888993211,8.21954240934709,0.676931847638498,1.98116263563347,3.5515998780511,6.6250944139646,31.5226904902019,1.49563063624112,8
"lambda_potential[95,3]",6.10439888993211,8.21954240934709,0.676931847638498,1.98116263563347,3.5515998780511,6.6250944139646,31.5226904902019,1.49563063624112,8
"lambda_potential[96,3]",6.10439888993211,8.21954240934709,0.676931847638498,1.98116263563347,3.5515998780511,6.6250944139646,31.5226904902019,1.49563063624112,8
"lambda_potential[97,3]",6.10439888993211,8.21954240934709,0.676931847638498,1.98116263563347,3.5515998780511,6.6250944139646,31.5226904902019,1.49563063624112,8
"lambda_potential[98,3]",6.10439888993211,8.21954240934709,0.676931847638498,1.98116263563347,3.5515998780511,6.6250944139646,31.5226904902019,1.49563063624112,8
"lambda_potential[99,3]",6.10439888993211,8.21954240934709,0.676931847638498,1.98116263563347,3.5515998780511,6.6250944139646,31.5226904902019,1.49563063624112,8
"lambda_potential[100,3]",6.10439888993211,8.21954240934709,0.676931847638498,1.98116263563347,3.5515998780511,6.6250944139646,31.5226904902019,1.49563063624112,8
"lambda_potential[1,4]",268.396674140877,252.413651216829,37.7293145788853,106.840685711837,192.457790050098,335.66791034103,961.183644992087,1.33567807585018,10
"lambda_potential[2,4]",4.55911929855099,4.69403453045758,0.509678582740264,1.41229451402096,2.79303866620504,5.75115717321601,18.7346309820466,1.44712732459838,8
"lambda_potential[3,4]",4.55911929855099,4.69403453045758,0.509678582740264,1.41229451402096,2.79303866620504,5.75115717321601,18.7346309820466,1.44712732459838,8
"lambda_potential[4,4]",4.55911929855099,4.69403453045758,0.509678582740264,1.41229451402096,2.79303866620504,5.75115717321601,18.7346309820466,1.44712732459838,8
"lambda_potential[5,4]",112.898952322524,103.636571450836,17.8414736532878,45.0908850575956,82.9314241455961,142.284904545202,411.335706622852,1.41439281977235,9
"lambda_potential[6,4]",4.55911929855099,4.69403453045758,0.509678582740264,1.41229451402096,2.79303866620504,5.75115717321601,18.7346309820466,1.44712732459838,8
"lambda_potential[7,4]",4.55911929855099,4.69403453045758,0.509678582740264,1.41229451402096,2.79303866620504,5.75115717321601,18.7346309820466,1.44712732459838,8
"lambda_potential[8,4]",30.4326488727302,28.195258050536,4.76715153938133,11.4039585229751,21.5995842515427,38.9783481544425,120.487689209291,1.48968519804285,8
"lambda_potential[9,4]",4.55911929855099,4.69403453045758,0.509678582740264,1.41229451402096,2.79303866620504,5.75115717321601,18.7346309820466,1.44712732459838,8
"lambda_potential[10,4]",4.55911929855099,4.69403453045758,0.509678582740264,1.41229451402096,2.79303866620504,5.75115717321601,18.7346309820466,1.44712732459838,8
"lambda_potential[11,4]",4.55911929855099,4.69403453045758,0.509678582740264,1.41229451402096,2.79303866620504,5.75115717321601,18.7346309820466,1.44712732459838,8
"lambda_potential[12,4]",4.55911929855099,4.69403453045758,0.509678582740264,1.41229451402096,2.79303866620504,5.75115717321601,18.7346309820466,1.44712732459838,8
"lambda_potential[13,4]",4.55911929855099,4.69403453045758,0.509678582740264,1.41229451402096,2.79303866620504,5.75115717321601,18.7346309820466,1.44712732459838,8
"lambda_potential[14,4]",11.6346572135239,11.2263750577648,1.64242427167109,4.02531791401702,7.8971151948251,14.8690003873441,47.4748623079835,1.48739754474978,8
"lambda_potential[15,4]",204.73490803574,190.594976761931,29.8497461844751,82.2084330038475,148.42987305423,256.066385211796,722.553966513252,1.36102216598492,9
"lambda_potential[16,4]",4.55911929855099,4.69403453045758,0.509678582740264,1.41229451402096,2.79303866620504,5.75115717321601,18.7346309820466,1.44712732459838,8
"lambda_potential[17,4]",4.55911929855099,4.69403453045758,0.509678582740264,1.41229451402096,2.79303866620504,5.75115717321601,18.7346309820466,1.44712732459838,8
"lambda_potential[18,4]",41.700339063836,38.3576689141548,6.57759639917559,16.0442225706186,30.1553846763762,53.797507411596,160.913739152776,1.47932374174718,8
"lambda_potential[19,4]",4.55911929855099,4.69403453045758,0.509678582740264,1.41229451402096,2.79303866620504,5.75115717321601,18.7346309820466,1.44712732459838,8
"lambda_potential[20,4]",4.55911929855099,4.69403453045758,0.509678582740264,1.41229451402096,2.79303866620504,5.75115717321601,18.7346309820466,1.44712732459838,8
"lambda_potential[21,4]",4.55911929855099,4.69403453045758,0.509678582740264,1.41229451402096,2.79303866620504,5.75115717321601,18.7346309820466,1.44712732459838,8
"lambda_potential[22,4]",4.55911929855099,4.69403453045758,0.509678582740264,1.41229451402096,2.79303866620504,5.75115717321601,18.7346309820466,1.44712732459838,8
"lambda_potential[23,4]",11.6346572135239,11.2263750577648,1.64242427167109,4.02531791401702,7.8971151948251,14.8690003873441,47.4748623079835,1.48739754474978,8
"lambda_potential[24,4]",4.55911929855099,4.69403453045758,0.509678582740264,1.41229451402096,2.79303866620504,5.75115717321601,18.7346309820466,1.44712732459838,8
"lambda_potential[25,4]",20.3559312153654,19.1182018266653,3.10920337416206,7.42567765514801,14.1343675940474,26.0895837722153,82.7284565403707,1.49474162272451,8
"lambda_potential[26,4]",11.6346572135239,11.2263750577648,1.64242427167109,4.02531791401702,7.8971151948251,14.8690003873441,47.4748623079835,1.48739754474978,8
"lambda_potential[27,4]",20.3559312153654,19.1182018266653,3.10920337416206,7.42567765514801,14.1343675940474,26.0895837722153,82.7284565403707,1.49474162272451,8
"lambda_potential[28,4]",4.55911929855099,4.69403453045758,0.509678582740264,1.41229451402096,2.79303866620504,5.75115717321601,18.7346309820466,1.44712732459838,8
"lambda_potential[29,4]",4.55911929855099,4.69403453045758,0.509678582740264,1.41229451402096,2.79303866620504,5.75115717321601,18.7346309820466,1.44712732459838,8
"lambda_potential[30,4]",41.700339063836,38.3576689141548,6.57759639917559,16.0442225706186,30.1553846763762,53.797507411596,160.913739152776,1.47932374174718,8
"lambda_potential[31,4]",4.55911929855099,4.69403453045758,0.509678582740264,1.41229451402096,2.79303866620504,5.75115717321601,18.7346309820466,1.44712732459838,8
"lambda_potential[32,4]",11.6346572135239,11.2263750577648,1.64242427167109,4.02531791401702,7.8971151948251,14.8690003873441,47.4748623079835,1.48739754474978,8
"lambda_potential[33,4]",20.3559312153654,19.1182018266653,3.10920337416206,7.42567765514801,14.1343675940474,26.0895837722153,82.7284565403707,1.49474162272451,8
"lambda_potential[34,4]",4.55911929855099,4.69403453045758,0.509678582740264,1.41229451402096,2.79303866620504,5.75115717321601,18.7346309820466,1.44712732459838,8
"lambda_potential[35,4]",4.55911929855099,4.69403453045758,0.509678582740264,1.41229451402096,2.79303866620504,5.75115717321601,18.7346309820466,1.44712732459838,8
"lambda_potential[36,4]",20.3559312153654,19.1182018266653,3.10920337416206,7.42567765514801,14.1343675940474,26.0895837722153,82.7284565403707,1.49474162272451,8
"lambda_potential[37,4]",4.55911929855099,4.69403453045758,0.509678582740264,1.41229451402096,2.79303866620504,5.75115717321601,18.7346309820466,1.44712732459838,8
"lambda_potential[38,4]",30.4326488727302,28.195258050536,4.76715153938133,11.4039585229751,21.5995842515427,38.9783481544425,120.487689209291,1.48968519804285,8
"lambda_potential[39,4]",41.700339063836,38.3576689141548,6.57759639917559,16.0442225706186,30.1553846763762,53.797507411596,160.913739152776,1.47932374174718,8
"lambda_potential[40,4]",4.55911929855099,4.69403453045758,0.509678582740264,1.41229451402096,2.79303866620504,5.75115717321601,18.7346309820466,1.44712732459838,8
"lambda_potential[41,4]",4.55911929855099,4.69403453045758,0.509678582740264,1.41229451402096,2.79303866620504,5.75115717321601,18.7346309820466,1.44712732459838,8
"lambda_potential[42,4]",4.55911929855099,4.69403453045758,0.509678582740264,1.41229451402096,2.79303866620504,5.75115717321601,18.7346309820466,1.44712732459838,8
"lambda_potential[43,4]",41.700339063836,38.3576689141548,6.57759639917559,16.0442225706186,30.1553846763762,53.797507411596,160.913739152776,1.47932374174718,8
"lambda_potential[44,4]",4.55911929855099,4.69403453045758,0.509678582740264,1.41229451402096,2.79303866620504,5.75115717321601,18.7346309820466,1.44712732459838,8
"lambda_potential[45,4]",81.6893452211408,74.7760724127405,13.1744665241041,32.4740059330933,59.9587521324852,104.041807989417,304.247962661833,1.43996646816812,8
"lambda_potential[46,4]",184.890773928654,171.568436717471,27.3622857424979,74.3329886810157,134.397738727311,231.153259116108,652.764381223983,1.37049799344129,9
"lambda_potential[47,4]",54.0492750490579,49.5388595687343,8.62761649038901,21.1503151398814,39.4302261371865,69.7517485350967,205.826183327759,1.46672624217849,8
"lambda_potential[48,4]",4.55911929855099,4.69403453045758,0.509678582740264,1.41229451402096,2.79303866620504,5.75115717321601,18.7346309820466,1.44712732459838,8
"lambda_potential[49,4]",4.55911929855099,4.69403453045758,0.509678582740264,1.41229451402096,2.79303866620504,5.75115717321601,18.7346309820466,1.44712732459838,8
"lambda_potential[50,4]",4.55911929855099,4.69403453045758,0.509678582740264,1.41229451402096,2.79303866620504,5.75115717321601,18.7346309820466,1.44712732459838,8
"lambda_potential[51,4]",11.6346572135239,11.2263750577648,1.64242427167109,4.02531791401702,7.8971151948251,14.8690003873441,47.4748623079835,1.48739754474978,8
"lambda_potential[52,4]",4.55911929855099,4.69403453045758,0.509678582740264,1.41229451402096,2.79303866620504,5.75115717321601,18.7346309820466,1.44712732459838,8
"lambda_potential[53,4]",4.55911929855099,4.69403453045758,0.509678582740264,1.41229451402096,2.79303866620504,5.75115717321601,18.7346309820466,1.44712732459838,8
"lambda_potential[54,4]",4.55911929855099,4.69403453045758,0.509678582740264,1.41229451402096,2.79303866620504,5.75115717321601,18.7346309820466,1.44712732459838,8
"lambda_potential[55,4]",4.55911929855099,4.69403453045758,0.509678582740264,1.41229451402096,2.79303866620504,5.75115717321601,18.7346309820466,1.44712732459838,8
"lambda_potential[56,4]",4.55911929855099,4.69403453045758,0.509678582740264,1.41229451402096,2.79303866620504,5.75115717321601,18.7346309820466,1.44712732459838,8
"lambda_potential[57,4]",4.55911929855099,4.69403453045758,0.509678582740264,1.41229451402096,2.79303866620504,5.75115717321601,18.7346309820466,1.44712732459838,8
"lambda_potential[58,4]",4.55911929855099,4.69403453045758,0.509678582740264,1.41229451402096,2.79303866620504,5.75115717321601,18.7346309820466,1.44712732459838,8
"lambda_potential[59,4]",4.55911929855099,4.69403453045758,0.509678582740264,1.41229451402096,2.79303866620504,5.75115717321601,18.7346309820466,1.44712732459838,8
"lambda_potential[60,4]",4.55911929855099,4.69403453045758,0.509678582740264,1.41229451402096,2.79303866620504,5.75115717321601,18.7346309820466,1.44712732459838,8
"lambda_potential[61,4]",11.6346572135239,11.2263750577648,1.64242427167109,4.02531791401702,7.8971151948251,14.8690003873441,47.4748623079835,1.48739754474978,8
"lambda_potential[62,4]",11.6346572135239,11.2263750577648,1.64242427167109,4.02531791401702,7.8971151948251,14.8690003873441,47.4748623079835,1.48739754474978,8
"lambda_potential[63,4]",4.55911929855099,4.69403453045758,0.509678582740264,1.41229451402096,2.79303866620504,5.75115717321601,18.7346309820466,1.44712732459838,8
"lambda_potential[64,4]",4.55911929855099,4.69403453045758,0.509678582740264,1.41229451402096,2.79303866620504,5.75115717321601,18.7346309820466,1.44712732459838,8
"lambda_potential[65,4]",4.55911929855099,4.69403453045758,0.509678582740264,1.41229451402096,2.79303866620504,5.75115717321601,18.7346309820466,1.44712732459838,8
"lambda_potential[66,4]",4.55911929855099,4.69403453045758,0.509678582740264,1.41229451402096,2.79303866620504,5.75115717321601,18.7346309820466,1.44712732459838,8
"lambda_potential[67,4]",4.55911929855099,4.69403453045758,0.509678582740264,1.41229451402096,2.79303866620504,5.75115717321601,18.7346309820466,1.44712732459838,8
"lambda_potential[68,4]",4.55911929855099,4.69403453045758,0.509678582740264,1.41229451402096,2.79303866620504,5.75115717321601,18.7346309820466,1.44712732459838,8
"lambda_potential[69,4]",54.0492750490579,49.5388595687343,8.62761649038901,21.1503151398814,39.4302261371865,69.7517485350967,205.826183327759,1.46672624217849,8
"lambda_potential[70,4]",20.3559312153654,19.1182018266653,3.10920337416206,7.42567765514801,14.1343675940474,26.0895837722153,82.7284565403707,1.49474162272451,8
"lambda_potential[71,4]",4.55911929855099,4.69403453045758,0.509678582740264,1.41229451402096,2.79303866620504,5.75115717321601,18.7346309820466,1.44712732459838,8
"lambda_potential[72,4]",129.743546564563,119.367852723959,20.2833624377297,52.008222669349,95.1960888985007,163.069782643028,468.336522305957,1.40247915449998,9
"lambda_potential[73,4]",11.6346572135239,11.2263750577648,1.64242427167109,4.02531791401702,7.8971151948251,14.8690003873441,47.4748623079835,1.48739754474978,8
"lambda_potential[74,4]",4.55911929855099,4.69403453045758,0.509678582740264,1.41229451402096,2.79303866620504,5.75115717321601,18.7346309820466,1.44712732459838,8
"lambda_potential[75,4]",4.55911929855099,4.69403453045758,0.509678582740264,1.41229451402096,2.79303866620504,5.75115717321601,18.7346309820466,1.44712732459838,8
"lambda_potential[76,4]",4.55911929855099,4.69403453045758,0.509678582740264,1.41229451402096,2.79303866620504,5.75115717321601,18.7346309820466,1.44712732459838,8
"lambda_potential[77,4]",4.55911929855099,4.69403453045758,0.509678582740264,1.41229451402096,2.79303866620504,5.75115717321601,18.7346309820466,1.44712732459838,8
"lambda_potential[78,4]",4.55911929855099,4.69403453045758,0.509678582740264,1.41229451402096,2.79303866620504,5.75115717321601,18.7346309820466,1.44712732459838,8
"lambda_potential[79,4]",4.55911929855099,4.69403453045758,0.509678582740264,1.41229451402096,2.79303866620504,5.75115717321601,18.7346309820466,1.44712732459838,8
"lambda_potential[80,4]",165.763642141084,153.347385979326,25.1403923319277,66.5571685466517,120.864302283433,207.465196008584,587.913626660287,1.38054652100285,9
"lambda_potential[81,4]",9.15723692799844,8.96333257003683,1.23684298771778,3.08045014151827,6.07870873347262,11.6306412593529,37.1099398006001,1.47985635440759,8
"lambda_potential[82,4]",9.15723692799844,8.96333257003683,1.23684298771778,3.08045014151827,6.07870873347262,11.6306412593529,37.1099398006001,1.47985635440759,8
"lambda_potential[83,4]",9.15723692799844,8.96333257003683,1.23684298771778,3.08045014151827,6.07870873347262,11.6306412593529,37.1099398006001,1.47985635440759,8
"lambda_potential[84,4]",9.15723692799844,8.96333257003683,1.23684298771778,3.08045014151827,6.07870873347262,11.6306412593529,37.1099398006001,1.47985635440759,8
"lambda_potential[85,4]",9.15723692799844,8.96333257003683,1.23684298771778,3.08045014151827,6.07870873347262,11.6306412593529,37.1099398006001,1.47985635440759,8
"lambda_potential[86,4]",9.15723692799844,8.96333257003683,1.23684298771778,3.08045014151827,6.07870873347262,11.6306412593529,37.1099398006001,1.47985635440759,8
"lambda_potential[87,4]",9.15723692799844,8.96333257003683,1.23684298771778,3.08045014151827,6.07870873347262,11.6306412593529,37.1099398006001,1.47985635440759,8
"lambda_potential[88,4]",9.15723692799844,8.96333257003683,1.23684298771778,3.08045014151827,6.07870873347262,11.6306412593529,37.1099398006001,1.47985635440759,8
"lambda_potential[89,4]",9.15723692799844,8.96333257003683,1.23684298771778,3.08045014151827,6.07870873347262,11.6306412593529,37.1099398006001,1.47985635440759,8
"lambda_potential[90,4]",9.15723692799844,8.96333257003683,1.23684298771778,3.08045014151827,6.07870873347262,11.6306412593529,37.1099398006001,1.47985635440759,8
"lambda_potential[91,4]",9.15723692799844,8.96333257003683,1.23684298771778,3.08045014151827,6.07870873347262,11.6306412593529,37.1099398006001,1.47985635440759,8
"lambda_potential[92,4]",9.15723692799844,8.96333257003683,1.23684298771778,3.08045014151827,6.07870873347262,11.6306412593529,37.1099398006001,1.47985635440759,8
"lambda_potential[93,4]",9.15723692799844,8.96333257003683,1.23684298771778,3.08045014151827,6.07870873347262,11.6306412593529,37.1099398006001,1.47985635440759,8
"lambda_potential[94,4]",9.15723692799844,8.96333257003683,1.23684298771778,3.08045014151827,6.07870873347262,11.6306412593529,37.1099398006001,1.47985635440759,8
"lambda_potential[95,4]",9.15723692799844,8.96333257003683,1.23684298771778,3.08045014151827,6.07870873347262,11.6306412593529,37.1099398006001,1.47985635440759,8
"lambda_potential[96,4]",9.15723692799844,8.96333257003683,1.23684298771778,3.08045014151827,6.07870873347262,11.6306412593529,37.1099398006001,1.47985635440759,8
"lambda_potential[97,4]",9.15723692799844,8.96333257003683,1.23684298771778,3.08045014151827,6.07870873347262,11.6306412593529,37.1099398006001,1.47985635440759,8
"lambda_potential[98,4]",9.15723692799844,8.96333257003683,1.23684298771778,3.08045014151827,6.07870873347262,11.6306412593529,37.1099398006001,1.47985635440759,8
"lambda_potential[99,4]",9.15723692799844,8.96333257003683,1.23684298771778,3.08045014151827,6.07870873347262,11.6306412593529,37.1099398006001,1.47985635440759,8
"lambda_potential[100,4]",9.15723692799844,8.96333257003683,1.23684298771778,3.08045014151827,6.07870873347262,11.6306412593529,37.1099398006001,1.47985635440759,8
"lambda_potential[1,5]",54.2339377955266,256.425868942821,1.42373938188844,8.4989293213511,18.6220785724873,41.8813119905666,257.630754573813,1.17455244739124,16
"lambda_potential[2,5]",9.46072681607402,13.7950329584092,0.825745988793536,2.59225728877168,4.95714072339227,9.93330335558094,48.2230972396538,1.40475785004331,9
"lambda_potential[3,5]",4.25633766988961,6.3876990960191,0.380995234524597,1.13764880174794,2.18017289209796,4.36214978262068,22.6110842948483,1.47481677825146,8
"lambda_potential[4,5]",4.25633766988961,6.3876990960191,0.380995234524597,1.13764880174794,2.18017289209796,4.36214978262068,22.6110842948483,1.47481677825146,8
"lambda_potential[5,5]",9.46072681607402,13.7950329584092,0.825745988793536,2.59225728877168,4.95714072339227,9.93330335558094,48.2230972396538,1.40475785004331,9
"lambda_potential[6,5]",4.25633766988961,6.3876990960191,0.380995234524597,1.13764880174794,2.18017289209796,4.36214978262068,22.6110842948483,1.47481677825146,8
"lambda_potential[7,5]",3919.62338573178,115979.833431067,1.60993157123125,31.436640068725,88.8848223054158,236.396223637323,2678.5728404778,1.06116516936729,38
"lambda_potential[8,5]",9.46072681607402,13.7950329584092,0.825745988793536,2.59225728877168,4.95714072339227,9.93330335558094,48.2230972396538,1.40475785004331,9
"lambda_potential[9,5]",4.25633766988961,6.3876990960191,0.380995234524597,1.13764880174794,2.18017289209796,4.36214978262068,22.6110842948483,1.47481677825146,8
"lambda_potential[10,5]",4.25633766988961,6.3876990960191,0.380995234524597,1.13764880174794,2.18017289209796,4.36214978262068,22.6110842948483,1.47481677825146,8
"lambda_potential[11,5]",4.25633766988961,6.3876990960191,0.380995234524597,1.13764880174794,2.18017289209796,4.36214978262068,22.6110842948483,1.47481677825146,8
"lambda_potential[12,5]",4.25633766988961,6.3876990960191,0.380995234524597,1.13764880174794,2.18017289209796,4.36214978262068,22.6110842948483,1.47481677825146,8
"lambda_potential[13,5]",4.25633766988961,6.3876990960191,0.380995234524597,1.13764880174794,2.18017289209796,4.36214978262068,22.6110842948483,1.47481677825146,8
"lambda_potential[14,5]",4.25633766988961,6.3876990960191,0.380995234524597,1.13764880174794,2.18017289209796,4.36214978262068,22.6110842948483,1.47481677825146,8
"lambda_potential[15,5]",4.25633766988961,6.3876990960191,0.380995234524597,1.13764880174794,2.18017289209796,4.36214978262068,22.6110842948483,1.47481677825146,8
"lambda_potential[16,5]",4.25633766988961,6.3876990960191,0.380995234524597,1.13764880174794,2.18017289209796,4.36214978262068,22.6110842948483,1.47481677825146,8
"lambda_potential[17,5]",4.25633766988961,6.3876990960191,0.380995234524597,1.13764880174794,2.18017289209796,4.36214978262068,22.6110842948483,1.47481677825146,8
"lambda_potential[18,5]",4822.4332316477,146809.396216983,1.6109112342343,32.9244831494466,94.1586522089187,250.922594686038,2942.42672271771,1.05906219573689,39
"lambda_potential[19,5]",4.25633766988961,6.3876990960191,0.380995234524597,1.13764880174794,2.18017289209796,4.36214978262068,22.6110842948483,1.47481677825146,8
"lambda_potential[20,5]",4.25633766988961,6.3876990960191,0.380995234524597,1.13764880174794,2.18017289209796,4.36214978262068,22.6110842948483,1.47481677825146,8
"lambda_potential[21,5]",4.25633766988961,6.3876990960191,0.380995234524597,1.13764880174794,2.18017289209796,4.36214978262068,22.6110842948483,1.47481677825146,8
"lambda_potential[22,5]",4.25633766988961,6.3876990960191,0.380995234524597,1.13764880174794,2.18017289209796,4.36214978262068,22.6110842948483,1.47481677825146,8
"lambda_potential[23,5]",4.25633766988961,6.3876990960191,0.380995234524597,1.13764880174794,2.18017289209796,4.36214978262068,22.6110842948483,1.47481677825146,8
"lambda_potential[24,5]",4.25633766988961,6.3876990960191,0.380995234524597,1.13764880174794,2.18017289209796,4.36214978262068,22.6110842948483,1.47481677825146,8
"lambda_potential[25,5]",9.46072681607402,13.7950329584092,0.825745988793536,2.59225728877168,4.95714072339227,9.93330335558094,48.2230972396538,1.40475785004331,9
"lambda_potential[26,5]",4.25633766988961,6.3876990960191,0.380995234524597,1.13764880174794,2.18017289209796,4.36214978262068,22.6110842948483,1.47481677825146,8
"lambda_potential[27,5]",4.25633766988961,6.3876990960191,0.380995234524597,1.13764880174794,2.18017289209796,4.36214978262068,22.6110842948483,1.47481677825146,8
"lambda_potential[28,5]",9.46072681607402,13.7950329584092,0.825745988793536,2.59225728877168,4.95714072339227,9.93330335558094,48.2230972396538,1.40475785004331,9
"lambda_potential[29,5]",4.25633766988961,6.3876990960191,0.380995234524597,1.13764880174794,2.18017289209796,4.36214978262068,22.6110842948483,1.47481677825146,8
"lambda_potential[30,5]",1570.41203429694,39903.5133422167,1.59287481805365,25.5264531503166,68.6108056626442,175.792829625552,1774.72590420568,1.07198953752096,33
"lambda_potential[31,5]",4.25633766988961,6.3876990960191,0.380995234524597,1.13764880174794,2.18017289209796,4.36214978262068,22.6110842948483,1.47481677825146,8
"lambda_potential[32,5]",37.5270875535798,118.621506308536,1.3483573484878,6.95981033098318,14.9671316619675,32.4888133122909,192.037583589605,1.20504626603391,14
"lambda_potential[33,5]",16.3005625456885,26.1839316390562,1.0787088238636,3.98034376640754,8.06699742114074,16.5853373583406,87.110189346142,1.31258641736738,11
"lambda_potential[34,5]",4.25633766988961,6.3876990960191,0.380995234524597,1.13764880174794,2.18017289209796,4.36214978262068,22.6110842948483,1.47481677825146,8
"lambda_potential[35,5]",4.25633766988961,6.3876990960191,0.380995234524597,1.13764880174794,2.18017289209796,4.36214978262068,22.6110842948483,1.47481677825146,8
"lambda_potential[36,5]",4.25633766988961,6.3876990960191,0.380995234524597,1.13764880174794,2.18017289209796,4.36214978262068,22.6110842948483,1.47481677825146,8
"lambda_potential[37,5]",16.3005625456885,26.1839316390562,1.0787088238636,3.98034376640754,8.06699742114074,16.5853373583406,87.110189346142,1.31258641736738,11
"lambda_potential[38,5]",4.25633766988961,6.3876990960191,0.380995234524597,1.13764880174794,2.18017289209796,4.36214978262068,22.6110842948483,1.47481677825146,8
"lambda_potential[39,5]",4.25633766988961,6.3876990960191,0.380995234524597,1.13764880174794,2.18017289209796,4.36214978262068,22.6110842948483,1.47481677825146,8
"lambda_potential[40,5]",4.25633766988961,6.3876990960191,0.380995234524597,1.13764880174794,2.18017289209796,4.36214978262068,22.6110842948483,1.47481677825146,8
"lambda_potential[41,5]",212.663310993894,2852.62537995643,1.56846172230635,14.7623679439077,35.3757319624485,85.188181459202,635.432808885621,1.11146316736222,23
"lambda_potential[42,5]",4.25633766988961,6.3876990960191,0.380995234524597,1.13764880174794,2.18017289209796,4.36214978262068,22.6110842948483,1.47481677825146,8
"lambda_potential[43,5]",153.116327734043,1708.41731069006,1.53735729669615,13.168376094521,31.1763722750677,73.6174199322017,524.28952462209,1.12208068487252,21
"lambda_potential[44,5]",4.25633766988961,6.3876990960191,0.380995234524597,1.13764880174794,2.18017289209796,4.36214978262068,22.6110842948483,1.47481677825146,8
"lambda_potential[45,5]",4.25633766988961,6.3876990960191,0.380995234524597,1.13764880174794,2.18017289209796,4.36214978262068,22.6110842948483,1.47481677825146,8
"lambda_potential[46,5]",8598.82865607431,280946.52150813,1.66432818571851,36.9187041813372,110.038113635373,298.791545567021,3785.1842366443,1.05373613123891,43
"lambda_potential[47,5]",4.25633766988961,6.3876990960191,0.380995234524597,1.13764880174794,2.18017289209796,4.36214978262068,22.6110842948483,1.47481677825146,8
"lambda_potential[48,5]",4.25633766988961,6.3876990960191,0.380995234524597,1.13764880174794,2.18017289209796,4.36214978262068,22.6110842948483,1.47481677825146,8
"lambda_potential[49,5]",4.25633766988961,6.3876990960191,0.380995234524597,1.13764880174794,2.18017289209796,4.36214978262068,22.6110842948483,1.47481677825146,8
"lambda_potential[50,5]",4.25633766988961,6.3876990960191,0.380995234524597,1.13764880174794,2.18017289209796,4.36214978262068,22.6110842948483,1.47481677825146,8
"lambda_potential[51,5]",4.25633766988961,6.3876990960191,0.380995234524597,1.13764880174794,2.18017289209796,4.36214978262068,22.6110842948483,1.47481677825146,8
"lambda_potential[52,5]",4.25633766988961,6.3876990960191,0.380995234524597,1.13764880174794,2.18017289209796,4.36214978262068,22.6110842948483,1.47481677825146,8
"lambda_potential[53,5]",4.25633766988961,6.3876990960191,0.380995234524597,1.13764880174794,2.18017289209796,4.36214978262068,22.6110842948483,1.47481677825146,8
"lambda_potential[54,5]",4.25633766988961,6.3876990960191,0.380995234524597,1.13764880174794,2.18017289209796,4.36214978262068,22.6110842948483,1.47481677825146,8
"lambda_potential[55,5]",4.25633766988961,6.3876990960191,0.380995234524597,1.13764880174794,2.18017289209796,4.36214978262068,22.6110842948483,1.47481677825146,8
"lambda_potential[56,5]",4.25633766988961,6.3876990960191,0.380995234524597,1.13764880174794,2.18017289209796,4.36214978262068,22.6110842948483,1.47481677825146,8
"lambda_potential[57,5]",4.25633766988961,6.3876990960191,0.380995234524597,1.13764880174794,2.18017289209796,4.36214978262068,22.6110842948483,1.47481677825146,8
"lambda_potential[58,5]",4.25633766988961,6.3876990960191,0.380995234524597,1.13764880174794,2.18017289209796,4.36214978262068,22.6110842948483,1.47481677825146,8
"lambda_potential[59,5]",9.46072681607402,13.7950329584092,0.825745988793536,2.59225728877168,4.95714072339227,9.93330335558094,48.2230972396538,1.40475785004331,9
"lambda_potential[60,5]",4.25633766988961,6.3876990960191,0.380995234524597,1.13764880174794,2.18017289209796,4.36214978262068,22.6110842948483,1.47481677825146,8
"lambda_potential[61,5]",4.25633766988961,6.3876990960191,0.380995234524597,1.13764880174794,2.18017289209796,4.36214978262068,22.6110842948483,1.47481677825146,8
"lambda_potential[62,5]",4.25633766988961,6.3876990960191,0.380995234524597,1.13764880174794,2.18017289209796,4.36214978262068,22.6110842948483,1.47481677825146,8
"lambda_potential[63,5]",292.48231748893,4554.32476519294,1.59111127146624,16.3415879826034,39.8502193723271,97.5493881726818,768.283394336665,1.1027646161982,24
"lambda_potential[64,5]",4.25633766988961,6.3876990960191,0.380995234524597,1.13764880174794,2.18017289209796,4.36214978262068,22.6110842948483,1.47481677825146,8
"lambda_potential[65,5]",4.25633766988961,6.3876990960191,0.380995234524597,1.13764880174794,2.18017289209796,4.36214978262068,22.6110842948483,1.47481677825146,8
"lambda_potential[66,5]",4.25633766988961,6.3876990960191,0.380995234524597,1.13764880174794,2.18017289209796,4.36214978262068,22.6110842948483,1.47481677825146,8
"lambda_potential[67,5]",4.25633766988961,6.3876990960191,0.380995234524597,1.13764880174794,2.18017289209796,4.36214978262068,22.6110842948483,1.47481677825146,8
"lambda_potential[68,5]",4.25633766988961,6.3876990960191,0.380995234524597,1.13764880174794,2.18017289209796,4.36214978262068,22.6110842948483,1.47481677825146,8
"lambda_potential[69,5]",153.116327734043,1708.41731069006,1.53735729669615,13.168376094521,31.1763722750677,73.6174199322017,524.28952462209,1.12208068487252,21
"lambda_potential[70,5]",54.2339377955266,256.425868942821,1.42373938188844,8.4989293213511,18.6220785724873,41.8813119905666,257.630754573813,1.17455244739124,16
"lambda_potential[71,5]",4.25633766988961,6.3876990960191,0.380995234524597,1.13764880174794,2.18017289209796,4.36214978262068,22.6110842948483,1.47481677825146,8
"lambda_potential[72,5]",169188.286916345,7069350.07688666,1.70332110542017,67.7385034782179,241.325617242411,719.034243237677,13275.0766130488,1.03485753293905,65
"lambda_potential[73,5]",37.5270875535798,118.621506308536,1.3483573484878,6.95981033098318,14.9671316619675,32.4888133122909,192.037583589605,1.20504626603391,14
"lambda_potential[74,5]",4.25633766988961,6.3876990960191,0.380995234524597,1.13764880174794,2.18017289209796,4.36214978262068,22.6110842948483,1.47481677825146,8
"lambda_potential[75,5]",16.3005625456885,26.1839316390562,1.0787088238636,3.98034376640754,8.06699742114074,16.5853373583406,87.110189346142,1.31258641736738,11
"lambda_potential[76,5]",4.25633766988961,6.3876990960191,0.380995234524597,1.13764880174794,2.18017289209796,4.36214978262068,22.6110842948483,1.47481677825146,8
"lambda_potential[77,5]",4.25633766988961,6.3876990960191,0.380995234524597,1.13764880174794,2.18017289209796,4.36214978262068,22.6110842948483,1.47481677825146,8
"lambda_potential[78,5]",4.25633766988961,6.3876990960191,0.380995234524597,1.13764880174794,2.18017289209796,4.36214978262068,22.6110842948483,1.47481677825146,8
"lambda_potential[79,5]",469436.721785515,20809917.6463886,1.65671186978979,83.4496306381843,313.885824147618,965.170704327835,20535.8375316857,1.03053420250597,74
"lambda_potential[80,5]",16.3005625456885,26.1839316390562,1.0787088238636,3.98034376640754,8.06699742114074,16.5853373583406,87.110189346142,1.31258641736738,11
"lambda_potential[81,5]",7.99366480061698,11.6013098735428,0.719146540287623,2.21915642170766,4.22823366992639,8.38707540532674,40.8521624495034,1.43083710276032,8
"lambda_potential[82,5]",7.99366480061698,11.6013098735428,0.719146540287623,2.21915642170766,4.22823366992639,8.38707540532674,40.8521624495034,1.43083710276032,8
"lambda_potential[83,5]",7.99366480061698,11.6013098735428,0.719146540287623,2.21915642170766,4.22823366992639,8.38707540532674,40.8521624495034,1.43083710276032,8
"lambda_potential[84,5]",7.99366480061698,11.6013098735428,0.719146540287623,2.21915642170766,4.22823366992639,8.38707540532674,40.8521624495034,1.43083710276032,8
"lambda_potential[85,5]",7.99366480061698,11.6013098735428,0.719146540287623,2.21915642170766,4.22823366992639,8.38707540532674,40.8521624495034,1.43083710276032,8
"lambda_potential[86,5]",7.99366480061698,11.6013098735428,0.719146540287623,2.21915642170766,4.22823366992639,8.38707540532674,40.8521624495034,1.43083710276032,8
"lambda_potential[87,5]",7.99366480061698,11.6013098735428,0.719146540287623,2.21915642170766,4.22823366992639,8.38707540532674,40.8521624495034,1.43083710276032,8
"lambda_potential[88,5]",7.99366480061698,11.6013098735428,0.719146540287623,2.21915642170766,4.22823366992639,8.38707540532674,40.8521624495034,1.43083710276032,8
"lambda_potential[89,5]",7.99366480061698,11.6013098735428,0.719146540287623,2.21915642170766,4.22823366992639,8.38707540532674,40.8521624495034,1.43083710276032,8
"lambda_potential[90,5]",7.99366480061698,11.6013098735428,0.719146540287623,2.21915642170766,4.22823366992639,8.38707540532674,40.8521624495034,1.43083710276032,8
"lambda_potential[91,5]",7.99366480061698,11.6013098735428,0.719146540287623,2.21915642170766,4.22823366992639,8.38707540532674,40.8521624495034,1.43083710276032,8
"lambda_potential[92,5]",7.99366480061698,11.6013098735428,0.719146540287623,2.21915642170766,4.22823366992639,8.38707540532674,40.8521624495034,1.43083710276032,8
"lambda_potential[93,5]",7.99366480061698,11.6013098735428,0.719146540287623,2.21915642170766,4.22823366992639,8.38707540532674,40.8521624495034,1.43083710276032,8
"lambda_potential[94,5]",7.99366480061698,11.6013098735428,0.719146540287623,2.21915642170766,4.22823366992639,8.38707540532674,40.8521624495034,1.43083710276032,8
"lambda_potential[95,5]",7.99366480061698,11.6013098735428,0.719146540287623,2.21915642170766,4.22823366992639,8.38707540532674,40.8521624495034,1.43083710276032,8
"lambda_potential[96,5]",7.99366480061698,11.6013098735428,0.719146540287623,2.21915642170766,4.22823366992639,8.38707540532674,40.8521624495034,1.43083710276032,8
"lambda_potential[97,5]",7.99366480061698,11.6013098735428,0.719146540287623,2.21915642170766,4.22823366992639,8.38707540532674,40.8521624495034,1.43083710276032,8
"lambda_potential[98,5]",7.99366480061698,11.6013098735428,0.719146540287623,2.21915642170766,4.22823366992639,8.38707540532674,40.8521624495034,1.43083710276032,8
"lambda_potential[99,5]",7.99366480061698,11.6013098735428,0.719146540287623,2.21915642170766,4.22823366992639,8.38707540532674,40.8521624495034,1.43083710276032,8
"lambda_potential[100,5]",7.99366480061698,11.6013098735428,0.719146540287623,2.21915642170766,4.22823366992639,8.38707540532674,40.8521624495034,1.43083710276032,8
"lambda_potential[1,6]",46.0088357881876,48.8536999018084,4.58138178918535,15.7291562804355,31.0278192709304,58.3545359926248,177.605023722219,1.19983618057188,14
"lambda_potential[2,6]",3.58739321811939,4.48733404141537,0.409668242719397,1.14606317897313,2.11192370433614,3.98633389297437,18.3478772442853,1.44621378850632,8
"lambda_potential[3,6]",3.58739321811939,4.48733404141537,0.409668242719397,1.14606317897313,2.11192370433614,3.98633389297437,18.3478772442853,1.44621378850632,8
"lambda_potential[4,6]",6.93000086490721,7.47829039845735,1.00120951260317,2.57789556625166,4.61733381215412,8.13121065925721,32.8031688465299,1.45610571638051,8
"lambda_potential[5,6]",26.863547293558,27.2173839811408,3.32760124068134,9.89894367804906,18.753826630187,33.7945484172005,102.045223869453,1.2744579151385,11
"lambda_potential[6,6]",3.58739321811939,4.48733404141537,0.409668242719397,1.14606317897313,2.11192370433614,3.98633389297437,18.3478772442853,1.44621378850632,8
"lambda_potential[7,6]",10.5040382974245,10.7621591600494,1.5889459244567,4.03429641668001,7.32692860086867,12.7191437909915,45.1172824974936,1.41961395575143,8
"lambda_potential[8,6]",3.58739321811939,4.48733404141537,0.409668242719397,1.14606317897313,2.11192370433614,3.98633389297437,18.3478772442853,1.44621378850632,8
"lambda_potential[9,6]",22.490245230606,22.6087970627304,2.952111072262,8.39523391031291,15.7505983889312,28.0607642901042,85.1568184747945,1.30275185080975,11
"lambda_potential[10,6]",3.58739321811939,4.48733404141537,0.409668242719397,1.14606317897313,2.11192370433614,3.98633389297437,18.3478772442853,1.44621378850632,8
"lambda_potential[11,6]",3.58739321811939,4.48733404141537,0.409668242719397,1.14606317897313,2.11192370433614,3.98633389297437,18.3478772442853,1.44621378850632,8
"lambda_potential[12,6]",3.58739321811939,4.48733404141537,0.409668242719397,1.14606317897313,2.11192370433614,3.98633389297437,18.3478772442853,1.44621378850632,8
"lambda_potential[13,6]",6.93000086490721,7.47829039845735,1.00120951260317,2.57789556625166,4.61733381215412,8.13121065925721,32.8031688465299,1.45610571638051,8
"lambda_potential[14,6]",3.58739321811939,4.48733404141537,0.409668242719397,1.14606317897313,2.11192370433614,3.98633389297437,18.3478772442853,1.44621378850632,8
"lambda_potential[15,6]",3.58739321811939,4.48733404141537,0.409668242719397,1.14606317897313,2.11192370433614,3.98633389297437,18.3478772442853,1.44621378850632,8
"lambda_potential[16,6]",6.93000086490721,7.47829039845735,1.00120951260317,2.57789556625166,4.61733381215412,8.13121065925721,32.8031688465299,1.45610571638051,8
"lambda_potential[17,6]",3.58739321811939,4.48733404141537,0.409668242719397,1.14606317897313,2.11192370433614,3.98633389297437,18.3478772442853,1.44621378850632,8
"lambda_potential[18,6]",61.9397585296926,68.3890714852731,5.36475557228358,20.1399488649993,40.2330174745428,78.6823360929729,251.509719917977,1.16735319473582,16
"lambda_potential[19,6]",3.58739321811939,4.48733404141537,0.409668242719397,1.14606317897313,2.11192370433614,3.98633389297437,18.3478772442853,1.44621378850632,8
"lambda_potential[20,6]",3.58739321811939,4.48733404141537,0.409668242719397,1.14606317897313,2.11192370433614,3.98633389297437,18.3478772442853,1.44621378850632,8
"lambda_potential[21,6]",6.93000086490721,7.47829039845735,1.00120951260317,2.57789556625166,4.61733381215412,8.13121065925721,32.8031688465299,1.45610571638051,8
"lambda_potential[22,6]",6.93000086490721,7.47829039845735,1.00120951260317,2.57789556625166,4.61733381215412,8.13121065925721,32.8031688465299,1.45610571638051,8
"lambda_potential[23,6]",3.58739321811939,4.48733404141537,0.409668242719397,1.14606317897313,2.11192370433614,3.98633389297437,18.3478772442853,1.44621378850632,8
"lambda_potential[24,6]",6.93000086490721,7.47829039845735,1.00120951260317,2.57789556625166,4.61733381215412,8.13121065925721,32.8031688465299,1.45610571638051,8
"lambda_potential[25,6]",3.58739321811939,4.48733404141537,0.409668242719397,1.14606317897313,2.11192370433614,3.98633389297437,18.3478772442853,1.44621378850632,8
"lambda_potential[26,6]",3.58739321811939,4.48733404141537,0.409668242719397,1.14606317897313,2.11192370433614,3.98633389297437,18.3478772442853,1.44621378850632,8
"lambda_potential[27,6]",3.58739321811939,4.48733404141537,0.409668242719397,1.14606317897313,2.11192370433614,3.98633389297437,18.3478772442853,1.44621378850632,8
"lambda_potential[28,6]",6.93000086490721,7.47829039845735,1.00120951260317,2.57789556625166,4.61733381215412,8.13121065925721,32.8031688465299,1.45610571638051,8
"lambda_potential[29,6]",3.58739321811939,4.48733404141537,0.409668242719397,1.14606317897313,2.11192370433614,3.98633389297437,18.3478772442853,1.44621378850632,8
"lambda_potential[30,6]",3.58739321811939,4.48733404141537,0.409668242719397,1.14606317897313,2.11192370433614,3.98633389297437,18.3478772442853,1.44621378850632,8
"lambda_potential[31,6]",3.58739321811939,4.48733404141537,0.409668242719397,1.14606317897313,2.11192370433614,3.98633389297437,18.3478772442853,1.44621378850632,8
"lambda_potential[32,6]",3.58739321811939,4.48733404141537,0.409668242719397,1.14606317897313,2.11192370433614,3.98633389297437,18.3478772442853,1.44621378850632,8
"lambda_potential[33,6]",3.58739321811939,4.48733404141537,0.409668242719397,1.14606317897313,2.11192370433614,3.98633389297437,18.3478772442853,1.44621378850632,8
"lambda_potential[34,6]",10.5040382974245,10.7621591600494,1.5889459244567,4.03429641668001,7.32692860086867,12.7191437909915,45.1172824974936,1.41961395575143,8
"lambda_potential[35,6]",3.58739321811939,4.48733404141537,0.409668242719397,1.14606317897313,2.11192370433614,3.98633389297437,18.3478772442853,1.44621378850632,8
"lambda_potential[36,6]",3.58739321811939,4.48733404141537,0.409668242719397,1.14606317897313,2.11192370433614,3.98633389297437,18.3478772442853,1.44621378850632,8
"lambda_potential[37,6]",3.58739321811939,4.48733404141537,0.409668242719397,1.14606317897313,2.11192370433614,3.98633389297437,18.3478772442853,1.44621378850632,8
"lambda_potential[38,6]",3.58739321811939,4.48733404141537,0.409668242719397,1.14606317897313,2.11192370433614,3.98633389297437,18.3478772442853,1.44621378850632,8
"lambda_potential[39,6]",3.58739321811939,4.48733404141537,0.409668242719397,1.14606317897313,2.11192370433614,3.98633389297437,18.3478772442853,1.44621378850632,8
"lambda_potential[40,6]",6.93000086490721,7.47829039845735,1.00120951260317,2.57789556625166,4.61733381215412,8.13121065925721,32.8031688465299,1.45610571638051,8
"lambda_potential[41,6]",103.734664820825,124.960486517289,6.67293645297611,30.1846972694345,62.943186299492,130.300621983405,460.623124343924,1.12469787874822,21
"lambda_potential[42,6]",3.58739321811939,4.48733404141537,0.409668242719397,1.14606317897313,2.11192370433614,3.98633389297437,18.3478772442853,1.44621378850632,8
"lambda_potential[43,6]",6.93000086490721,7.47829039845735,1.00120951260317,2.57789556625166,4.61733381215412,8.13121065925721,32.8031688465299,1.45610571638051,8
"lambda_potential[44,6]",3.58739321811939,4.48733404141537,0.409668242719397,1.14606317897313,2.11192370433614,3.98633389297437,18.3478772442853,1.44621378850632,8
"lambda_potential[45,6]",26.863547293558,27.2173839811408,3.32760124068134,9.89894367804906,18.753826630187,33.7945484172005,102.045223869453,1.2744579151385,11
"lambda_potential[46,6]",123.464465326524,153.971638205518,7.16633236207708,34.1834319344708,73.3561233289116,154.138409863369,559.427479443121,1.1135762492215,22
"lambda_potential[47,6]",3.58739321811939,4.48733404141537,0.409668242719397,1.14606317897313,2.11192370433614,3.98633389297437,18.3478772442853,1.44621378850632,8
"lambda_potential[48,6]",3.58739321811939,4.48733404141537,0.409668242719397,1.14606317897313,2.11192370433614,3.98633389297437,18.3478772442853,1.44621378850632,8
"lambda_potential[49,6]",3.58739321811939,4.48733404141537,0.409668242719397,1.14606317897313,2.11192370433614,3.98633389297437,18.3478772442853,1.44621378850632,8
"lambda_potential[50,6]",22.490245230606,22.6087970627304,2.952111072262,8.39523391031291,15.7505983889312,28.0607642901042,85.1568184747945,1.30275185080975,11
"lambda_potential[51,6]",10.5040382974245,10.7621591600494,1.5889459244567,4.03429641668001,7.32692860086867,12.7191437909915,45.1172824974936,1.41961395575143,8
"lambda_potential[52,6]",18.2982889997,18.3273075442221,2.53200932271019,6.90610596613689,12.8330129843364,22.6228326175781,69.907550484305,1.33657216806441,10
"lambda_potential[53,6]",3.58739321811939,4.48733404141537,0.409668242719397,1.14606317897313,2.11192370433614,3.98633389297437,18.3478772442853,1.44621378850632,8
"lambda_potential[54,6]",3.58739321811939,4.48733404141537,0.409668242719397,1.14606317897313,2.11192370433614,3.98633389297437,18.3478772442853,1.44621378850632,8
"lambda_potential[55,6]",3.58739321811939,4.48733404141537,0.409668242719397,1.14606317897313,2.11192370433614,3.98633389297437,18.3478772442853,1.44621378850632,8
"lambda_potential[56,6]",3.58739321811939,4.48733404141537,0.409668242719397,1.14606317897313,2.11192370433614,3.98633389297437,18.3478772442853,1.44621378850632,8
"lambda_potential[57,6]",3.58739321811939,4.48733404141537,0.409668242719397,1.14606317897313,2.11192370433614,3.98633389297437,18.3478772442853,1.44621378850632,8
"lambda_potential[58,6]",3.58739321811939,4.48733404141537,0.409668242719397,1.14606317897313,2.11192370433614,3.98633389297437,18.3478772442853,1.44621378850632,8
"lambda_potential[59,6]",61.9397585296926,68.3890714852731,5.36475557228358,20.1399488649993,40.2330174745428,78.6823360929729,251.509719917977,1.16735319473582,16
"lambda_potential[60,6]",6.93000086490721,7.47829039845735,1.00120951260317,2.57789556625166,4.61733381215412,8.13121065925721,32.8031688465299,1.45610571638051,8
"lambda_potential[61,6]",3.58739321811939,4.48733404141537,0.409668242719397,1.14606317897313,2.11192370433614,3.98633389297437,18.3478772442853,1.44621378850632,8
"lambda_potential[62,6]",10.5040382974245,10.7621591600494,1.5889459244567,4.03429641668001,7.32692860086867,12.7191437909915,45.1172824974936,1.41961395575143,8
"lambda_potential[63,6]",3.58739321811939,4.48733404141537,0.409668242719397,1.14606317897313,2.11192370433614,3.98633389297437,18.3478772442853,1.44621378850632,8
"lambda_potential[64,6]",3.58739321811939,4.48733404141537,0.409668242719397,1.14606317897313,2.11192370433614,3.98633389297437,18.3478772442853,1.44621378850632,8
"lambda_potential[65,6]",18.2982889997,18.3273075442221,2.53200932271019,6.90610596613689,12.8330129843364,22.6228326175781,69.907550484305,1.33657216806441,10
"lambda_potential[66,6]",6.93000086490721,7.47829039845735,1.00120951260317,2.57789556625166,4.61733381215412,8.13121065925721,32.8031688465299,1.45610571638051,8
"lambda_potential[67,6]",3.58739321811939,4.48733404141537,0.409668242719397,1.14606317897313,2.11192370433614,3.98633389297437,18.3478772442853,1.44621378850632,8
"lambda_potential[68,6]",262.074661447612,391.100264795591,9.75039988192661,58.0180434150424,136.339787119351,310.372078796626,1330.03454023685,1.07911201005681,31
"lambda_potential[69,6]",61.9397585296926,68.3890714852731,5.36475557228358,20.1399488649993,40.2330174745428,78.6823360929729,251.509719917977,1.16735319473582,16
"lambda_potential[70,6]",3.58739321811939,4.48733404141537,0.409668242719397,1.14606317897313,2.11192370433614,3.98633389297437,18.3478772442853,1.44621378850632,8
"lambda_potential[71,6]",3.58739321811939,4.48733404141537,0.409668242719397,1.14606317897313,2.11192370433614,3.98633389297437,18.3478772442853,1.44621378850632,8
"lambda_potential[72,6]",18.2982889997,18.3273075442221,2.53200932271019,6.90610596613689,12.8330129843364,22.6228326175781,69.907550484305,1.33657216806441,10
"lambda_potential[73,6]",6.93000086490721,7.47829039845735,1.00120951260317,2.57789556625166,4.61733381215412,8.13121065925721,32.8031688465299,1.45610571638051,8
"lambda_potential[74,6]",3.58739321811939,4.48733404141537,0.409668242719397,1.14606317897313,2.11192370433614,3.98633389297437,18.3478772442853,1.44621378850632,8
"lambda_potential[75,6]",61.9397585296926,68.3890714852731,5.36475557228358,20.1399488649993,40.2330174745428,78.6823360929729,251.509719917977,1.16735319473582,16
"lambda_potential[76,6]",3.58739321811939,4.48733404141537,0.409668242719397,1.14606317897313,2.11192370433614,3.98633389297437,18.3478772442853,1.44621378850632,8
"lambda_potential[77,6]",3.58739321811939,4.48733404141537,0.409668242719397,1.14606317897313,2.11192370433614,3.98633389297437,18.3478772442853,1.44621378850632,8
"lambda_potential[78,6]",3.58739321811939,4.48733404141537,0.409668242719397,1.14606317897313,2.11192370433614,3.98633389297437,18.3478772442853,1.44621378850632,8
"lambda_potential[79,6]",116.772590119678,143.979465918037,7.06644126831235,32.8083507729952,69.7344178442894,145.845446188966,525.587067878515,1.11697962997234,22
"lambda_potential[80,6]",26.863547293558,27.2173839811408,3.32760124068134,9.89894367804906,18.753826630187,33.7945484172005,102.045223869453,1.2744579151385,11
"lambda_potential[81,6]",6.72261188386133,7.2911009537483,0.961991341218217,2.4907388290464,4.46190474859536,7.87388703571734,31.9804517265249,1.4574939606982,8
"lambda_potential[82,6]",6.72261188386133,7.2911009537483,0.961991341218217,2.4907388290464,4.46190474859536,7.87388703571734,31.9804517265249,1.4574939606982,8
"lambda_potential[83,6]",6.72261188386133,7.2911009537483,0.961991341218217,2.4907388290464,4.46190474859536,7.87388703571734,31.9804517265249,1.4574939606982,8
"lambda_potential[84,6]",6.72261188386133,7.2911009537483,0.961991341218217,2.4907388290464,4.46190474859536,7.87388703571734,31.9804517265249,1.4574939606982,8
"lambda_potential[85,6]",6.72261188386133,7.2911009537483,0.961991341218217,2.4907388290464,4.46190474859536,7.87388703571734,31.9804517265249,1.4574939606982,8
"lambda_potential[86,6]",6.72261188386133,7.2911009537483,0.961991341218217,2.4907388290464,4.46190474859536,7.87388703571734,31.9804517265249,1.4574939606982,8
"lambda_potential[87,6]",6.72261188386133,7.2911009537483,0.961991341218217,2.4907388290464,4.46190474859536,7.87388703571734,31.9804517265249,1.4574939606982,8
"lambda_potential[88,6]",6.72261188386133,7.2911009537483,0.961991341218217,2.4907388290464,4.46190474859536,7.87388703571734,31.9804517265249,1.4574939606982,8
"lambda_potential[89,6]",6.72261188386133,7.2911009537483,0.961991341218217,2.4907388290464,4.46190474859536,7.87388703571734,31.9804517265249,1.4574939606982,8
"lambda_potential[90,6]",6.72261188386133,7.2911009537483,0.961991341218217,2.4907388290464,4.46190474859536,7.87388703571734,31.9804517265249,1.4574939606982,8
"lambda_potential[91,6]",6.72261188386133,7.2911009537483,0.961991341218217,2.4907388290464,4.46190474859536,7.87388703571734,31.9804517265249,1.4574939606982,8
"lambda_potential[92,6]",6.72261188386133,7.2911009537483,0.961991341218217,2.4907388290464,4.46190474859536,7.87388703571734,31.9804517265249,1.4574939606982,8
"lambda_potential[93,6]",6.72261188386133,7.2911009537483,0.961991341218217,2.4907388290464,4.46190474859536,7.87388703571734,31.9804517265249,1.4574939606982,8
"lambda_potential[94,6]",6.72261188386133,7.2911009537483,0.961991341218217,2.4907388290464,4.46190474859536,7.87388703571734,31.9804517265249,1.4574939606982,8
"lambda_potential[95,6]",6.72261188386133,7.2911009537483,0.961991341218217,2.4907388290464,4.46190474859536,7.87388703571734,31.9804517265249,1.4574939606982,8
"lambda_potential[96,6]",6.72261188386133,7.2911009537483,0.961991341218217,2.4907388290464,4.46190474859536,7.87388703571734,31.9804517265249,1.4574939606982,8
"lambda_potential[97,6]",6.72261188386133,7.2911009537483,0.961991341218217,2.4907388290464,4.46190474859536,7.87388703571734,31.9804517265249,1.4574939606982,8
"lambda_potential[98,6]",6.72261188386133,7.2911009537483,0.961991341218217,2.4907388290464,4.46190474859536,7.87388703571734,31.9804517265249,1.4574939606982,8
"lambda_potential[99,6]",6.72261188386133,7.2911009537483,0.961991341218217,2.4907388290464,4.46190474859536,7.87388703571734,31.9804517265249,1.4574939606982,8
"lambda_potential[100,6]",6.72261188386133,7.2911009537483,0.961991341218217,2.4907388290464,4.46190474859536,7.87388703571734,31.9804517265249,1.4574939606982,8
"lambda_potential[1,7]",19.9883477327973,25.730411544608,1.26027716951679,5.7638746108408,11.7642801372099,23.9126956207023,92.9332922531812,1.26272687124104,12
"lambda_potential[2,7]",3.26362119493072,4.36156169254188,0.323852359281523,0.995448807627698,1.82783095596077,3.50312462515805,18.2019492266087,1.42500743883558,9
"lambda_potential[3,7]",3.26362119493072,4.36156169254188,0.323852359281523,0.995448807627698,1.82783095596077,3.50312462515805,18.2019492266087,1.42500743883558,9
"lambda_potential[4,7]",3.26362119493072,4.36156169254188,0.323852359281523,0.995448807627698,1.82783095596077,3.50312462515805,18.2019492266087,1.42500743883558,9
"lambda_potential[5,7]",15.086837103225,18.8297576141898,1.15924006360595,4.53235461543891,8.99877929434939,18.0401663581827,69.6886681182477,1.30436593922411,11
"lambda_potential[6,7]",3.26362119493072,4.36156169254188,0.323852359281523,0.995448807627698,1.82783095596077,3.50312462515805,18.2019492266087,1.42500743883558,9
"lambda_potential[7,7]",3.26362119493072,4.36156169254188,0.323852359281523,0.995448807627698,1.82783095596077,3.50312462515805,18.2019492266087,1.42500743883558,9
"lambda_potential[8,7]",6.67822750974097,8.10175705408429,0.719919770546634,2.15833048441377,3.98565545411418,7.60831697822255,33.8804908621694,1.41886889577927,9
"lambda_potential[9,7]",3.26362119493072,4.36156169254188,0.323852359281523,0.995448807627698,1.82783095596077,3.50312462515805,18.2019492266087,1.42500743883558,9
"lambda_potential[10,7]",3.26362119493072,4.36156169254188,0.323852359281523,0.995448807627698,1.82783095596077,3.50312462515805,18.2019492266087,1.42500743883558,9
"lambda_potential[11,7]",3.26362119493072,4.36156169254188,0.323852359281523,0.995448807627698,1.82783095596077,3.50312462515805,18.2019492266087,1.42500743883558,9
"lambda_potential[12,7]",3.26362119493072,4.36156169254188,0.323852359281523,0.995448807627698,1.82783095596077,3.50312462515805,18.2019492266087,1.42500743883558,9
"lambda_potential[13,7]",3.26362119493072,4.36156169254188,0.323852359281523,0.995448807627698,1.82783095596077,3.50312462515805,18.2019492266087,1.42500743883558,9
"lambda_potential[14,7]",3.26362119493072,4.36156169254188,0.323852359281523,0.995448807627698,1.82783095596077,3.50312462515805,18.2019492266087,1.42500743883558,9
"lambda_potential[15,7]",3.26362119493072,4.36156169254188,0.323852359281523,0.995448807627698,1.82783095596077,3.50312462515805,18.2019492266087,1.42500743883558,9
"lambda_potential[16,7]",3.26362119493072,4.36156169254188,0.323852359281523,0.995448807627698,1.82783095596077,3.50312462515805,18.2019492266087,1.42500743883558,9
"lambda_potential[17,7]",6.67822750974097,8.10175705408429,0.719919770546634,2.15833048441377,3.98565545411418,7.60831697822255,33.8804908621694,1.41886889577927,9
"lambda_potential[18,7]",15.086837103225,18.8297576141898,1.15924006360595,4.53235461543891,8.99877929434939,18.0401663581827,69.6886681182477,1.30436593922411,11
"lambda_potential[19,7]",3.26362119493072,4.36156169254188,0.323852359281523,0.995448807627698,1.82783095596077,3.50312462515805,18.2019492266087,1.42500743883558,9
"lambda_potential[20,7]",3.26362119493072,4.36156169254188,0.323852359281523,0.995448807627698,1.82783095596077,3.50312462515805,18.2019492266087,1.42500743883558,9
"lambda_potential[21,7]",3.26362119493072,4.36156169254188,0.323852359281523,0.995448807627698,1.82783095596077,3.50312462515805,18.2019492266087,1.42500743883558,9
"lambda_potential[22,7]",3.26362119493072,4.36156169254188,0.323852359281523,0.995448807627698,1.82783095596077,3.50312462515805,18.2019492266087,1.42500743883558,9
"lambda_potential[23,7]",3.26362119493072,4.36156169254188,0.323852359281523,0.995448807627698,1.82783095596077,3.50312462515805,18.2019492266087,1.42500743883558,9
"lambda_potential[24,7]",3.26362119493072,4.36156169254188,0.323852359281523,0.995448807627698,1.82783095596077,3.50312462515805,18.2019492266087,1.42500743883558,9
"lambda_potential[25,7]",3.26362119493072,4.36156169254188,0.323852359281523,0.995448807627698,1.82783095596077,3.50312462515805,18.2019492266087,1.42500743883558,9
"lambda_potential[26,7]",3.26362119493072,4.36156169254188,0.323852359281523,0.995448807627698,1.82783095596077,3.50312462515805,18.2019492266087,1.42500743883558,9
"lambda_potential[27,7]",3.26362119493072,4.36156169254188,0.323852359281523,0.995448807627698,1.82783095596077,3.50312462515805,18.2019492266087,1.42500743883558,9
"lambda_potential[28,7]",3.26362119493072,4.36156169254188,0.323852359281523,0.995448807627698,1.82783095596077,3.50312462515805,18.2019492266087,1.42500743883558,9
"lambda_potential[29,7]",3.26362119493072,4.36156169254188,0.323852359281523,0.995448807627698,1.82783095596077,3.50312462515805,18.2019492266087,1.42500743883558,9
"lambda_potential[30,7]",3.26362119493072,4.36156169254188,0.323852359281523,0.995448807627698,1.82783095596077,3.50312462515805,18.2019492266087,1.42500743883558,9
"lambda_potential[31,7]",6.67822750974097,8.10175705408429,0.719919770546634,2.15833048441377,3.98565545411418,7.60831697822255,33.8804908621694,1.41886889577927,9
"lambda_potential[32,7]",10.6386134871357,12.9520355686709,0.995026292960254,3.34916610205879,6.37343713361816,12.5372549047803,50.5465849468679,1.35838471481876,10
"lambda_potential[33,7]",3.26362119493072,4.36156169254188,0.323852359281523,0.995448807627698,1.82783095596077,3.50312462515805,18.2019492266087,1.42500743883558,9
"lambda_potential[34,7]",3.26362119493072,4.36156169254188,0.323852359281523,0.995448807627698,1.82783095596077,3.50312462515805,18.2019492266087,1.42500743883558,9
"lambda_potential[35,7]",3.26362119493072,4.36156169254188,0.323852359281523,0.995448807627698,1.82783095596077,3.50312462515805,18.2019492266087,1.42500743883558,9
"lambda_potential[36,7]",3.26362119493072,4.36156169254188,0.323852359281523,0.995448807627698,1.82783095596077,3.50312462515805,18.2019492266087,1.42500743883558,9
"lambda_potential[37,7]",3.26362119493072,4.36156169254188,0.323852359281523,0.995448807627698,1.82783095596077,3.50312462515805,18.2019492266087,1.42500743883558,9
"lambda_potential[38,7]",3.26362119493072,4.36156169254188,0.323852359281523,0.995448807627698,1.82783095596077,3.50312462515805,18.2019492266087,1.42500743883558,9
"lambda_potential[39,7]",3.26362119493072,4.36156169254188,0.323852359281523,0.995448807627698,1.82783095596077,3.50312462515805,18.2019492266087,1.42500743883558,9
"lambda_potential[40,7]",6.67822750974097,8.10175705408429,0.719919770546634,2.15833048441377,3.98565545411418,7.60831697822255,33.8804908621694,1.41886889577927,9
"lambda_potential[41,7]",3.26362119493072,4.36156169254188,0.323852359281523,0.995448807627698,1.82783095596077,3.50312462515805,18.2019492266087,1.42500743883558,9
"lambda_potential[42,7]",3.26362119493072,4.36156169254188,0.323852359281523,0.995448807627698,1.82783095596077,3.50312462515805,18.2019492266087,1.42500743883558,9
"lambda_potential[43,7]",10.6386134871357,12.9520355686709,0.995026292960254,3.34916610205879,6.37343713361816,12.5372549047803,50.5465849468679,1.35838471481876,10
"lambda_potential[44,7]",3.26362119493072,4.36156169254188,0.323852359281523,0.995448807627698,1.82783095596077,3.50312462515805,18.2019492266087,1.42500743883558,9
"lambda_potential[45,7]",25.3196021036322,33.6693239302937,1.35791974558459,6.94011749098456,14.5484156127749,30.2948051747548,120.244944096109,1.23102500789706,13
"lambda_potential[46,7]",129.18850753769,245.179007495321,1.75992228662083,21.5570230574079,56.5966776438298,136.970546778035,730.980983951027,1.10058885784873,25
"lambda_potential[47,7]",3.26362119493072,4.36156169254188,0.323852359281523,0.995448807627698,1.82783095596077,3.50312462515805,18.2019492266087,1.42500743883558,9
"lambda_potential[48,7]",6.67822750974097,8.10175705408429,0.719919770546634,2.15833048441377,3.98565545411418,7.60831697822255,33.8804908621694,1.41886889577927,9
"lambda_potential[49,7]",6.67822750974097,8.10175705408429,0.719919770546634,2.15833048441377,3.98565545411418,7.60831697822255,33.8804908621694,1.41886889577927,9
"lambda_potential[50,7]",3.26362119493072,4.36156169254188,0.323852359281523,0.995448807627698,1.82783095596077,3.50312462515805,18.2019492266087,1.42500743883558,9
"lambda_potential[51,7]",6.67822750974097,8.10175705408429,0.719919770546634,2.15833048441377,3.98565545411418,7.60831697822255,33.8804908621694,1.41886889577927,9
"lambda_potential[52,7]",90.731418625525,156.67214920995,1.70116412043618,17.2079734973671,42.730378650849,100.119458363707,482.519430191001,1.11841952846661,22
"lambda_potential[53,7]",3.26362119493072,4.36156169254188,0.323852359281523,0.995448807627698,1.82783095596077,3.50312462515805,18.2019492266087,1.42500743883558,9
"lambda_potential[54,7]",3.26362119493072,4.36156169254188,0.323852359281523,0.995448807627698,1.82783095596077,3.50312462515805,18.2019492266087,1.42500743883558,9
"lambda_potential[55,7]",3.26362119493072,4.36156169254188,0.323852359281523,0.995448807627698,1.82783095596077,3.50312462515805,18.2019492266087,1.42500743883558,9
"lambda_potential[56,7]",6.67822750974097,8.10175705408429,0.719919770546634,2.15833048441377,3.98565545411418,7.60831697822255,33.8804908621694,1.41886889577927,9
"lambda_potential[57,7]",3.26362119493072,4.36156169254188,0.323852359281523,0.995448807627698,1.82783095596077,3.50312462515805,18.2019492266087,1.42500743883558,9
"lambda_potential[58,7]",3.26362119493072,4.36156169254188,0.323852359281523,0.995448807627698,1.82783095596077,3.50312462515805,18.2019492266087,1.42500743883558,9
"lambda_potential[59,7]",3.26362119493072,4.36156169254188,0.323852359281523,0.995448807627698,1.82783095596077,3.50312462515805,18.2019492266087,1.42500743883558,9
"lambda_potential[60,7]",3.26362119493072,4.36156169254188,0.323852359281523,0.995448807627698,1.82783095596077,3.50312462515805,18.2019492266087,1.42500743883558,9
"lambda_potential[61,7]",3.26362119493072,4.36156169254188,0.323852359281523,0.995448807627698,1.82783095596077,3.50312462515805,18.2019492266087,1.42500743883558,9
"lambda_potential[62,7]",6.67822750974097,8.10175705408429,0.719919770546634,2.15833048441377,3.98565545411418,7.60831697822255,33.8804908621694,1.41886889577927,9
"lambda_potential[63,7]",3.26362119493072,4.36156169254188,0.323852359281523,0.995448807627698,1.82783095596077,3.50312462515805,18.2019492266087,1.42500743883558,9
"lambda_potential[64,7]",3.26362119493072,4.36156169254188,0.323852359281523,0.995448807627698,1.82783095596077,3.50312462515805,18.2019492266087,1.42500743883558,9
"lambda_potential[65,7]",3.26362119493072,4.36156169254188,0.323852359281523,0.995448807627698,1.82783095596077,3.50312462515805,18.2019492266087,1.42500743883558,9
"lambda_potential[66,7]",3.26362119493072,4.36156169254188,0.323852359281523,0.995448807627698,1.82783095596077,3.50312462515805,18.2019492266087,1.42500743883558,9
"lambda_potential[67,7]",25.3196021036322,33.6693239302937,1.35791974558459,6.94011749098456,14.5484156127749,30.2948051747548,120.244944096109,1.23102500789706,13
"lambda_potential[68,7]",109.261809519835,198.073588260865,1.74265542060386,19.4006750881587,49.6634118189806,117.985397853554,603.565730978326,1.10852862978907,23
"lambda_potential[69,7]",57.9400016529577,89.8964470697703,1.66893445359694,12.7652492594005,29.8081737045738,66.3935909697555,297.660298265271,1.14797903448619,18
"lambda_potential[70,7]",3.26362119493072,4.36156169254188,0.323852359281523,0.995448807627698,1.82783095596077,3.50312462515805,18.2019492266087,1.42500743883558,9
"lambda_potential[71,7]",57.9400016529577,89.8964470697703,1.66893445359694,12.7652492594005,29.8081737045738,66.3935909697555,297.660298265271,1.14797903448619,18
"lambda_potential[72,7]",31.0634221512974,42.670354547485,1.4633384442557,8.14060527428889,17.5178361696587,36.8928655180784,152.752778883641,1.20650875748502,14
"lambda_potential[73,7]",3.26362119493072,4.36156169254188,0.323852359281523,0.995448807627698,1.82783095596077,3.50312462515805,18.2019492266087,1.42500743883558,9
"lambda_potential[74,7]",3.26362119493072,4.36156169254188,0.323852359281523,0.995448807627698,1.82783095596077,3.50312462515805,18.2019492266087,1.42500743883558,9
"lambda_potential[75,7]",3.26362119493072,4.36156169254188,0.323852359281523,0.995448807627698,1.82783095596077,3.50312462515805,18.2019492266087,1.42500743883558,9
"lambda_potential[76,7]",3.26362119493072,4.36156169254188,0.323852359281523,0.995448807627698,1.82783095596077,3.50312462515805,18.2019492266087,1.42500743883558,9
"lambda_potential[77,7]",3.26362119493072,4.36156169254188,0.323852359281523,0.995448807627698,1.82783095596077,3.50312462515805,18.2019492266087,1.42500743883558,9
"lambda_potential[78,7]",3.26362119493072,4.36156169254188,0.323852359281523,0.995448807627698,1.82783095596077,3.50312462515805,18.2019492266087,1.42500743883558,9
"lambda_potential[79,7]",6.67822750974097,8.10175705408429,0.719919770546634,2.15833048441377,3.98565545411418,7.60831697822255,33.8804908621694,1.41886889577927,9
"lambda_potential[80,7]",173.180289500797,357.563367069053,1.8150530253514,25.890019729447,70.7800626281923,176.399879924072,1023.36646029309,1.08860148249655,27
"lambda_potential[81,7]",5.09565108299395,6.29774338490973,0.556144136210668,1.6319439642094,3.04064124560483,5.67314201280639,27.329690373338,1.4370112234206,8
"lambda_potential[82,7]",5.09565108299395,6.29774338490973,0.556144136210668,1.6319439642094,3.04064124560483,5.67314201280639,27.329690373338,1.4370112234206,8
"lambda_potential[83,7]",5.09565108299395,6.29774338490973,0.556144136210668,1.6319439642094,3.04064124560483,5.67314201280639,27.329690373338,1.4370112234206,8
"lambda_potential[84,7]",5.09565108299395,6.29774338490973,0.556144136210668,1.6319439642094,3.04064124560483,5.67314201280639,27.329690373338,1.4370112234206,8
"lambda_potential[85,7]",5.09565108299395,6.29774338490973,0.556144136210668,1.6319439642094,3.04064124560483,5.67314201280639,27.329690373338,1.4370112234206,8
"lambda_potential[86,7]",5.09565108299395,6.29774338490973,0.556144136210668,1.6319439642094,3.04064124560483,5.67314201280639,27.329690373338,1.4370112234206,8
"lambda_potential[87,7]",5.09565108299395,6.29774338490973,0.556144136210668,1.6319439642094,3.04064124560483,5.67314201280639,27.329690373338,1.4370112234206,8
"lambda_potential[88,7]",5.09565108299395,6.29774338490973,0.556144136210668,1.6319439642094,3.04064124560483,5.67314201280639,27.329690373338,1.4370112234206,8
"lambda_potential[89,7]",5.09565108299395,6.29774338490973,0.556144136210668,1.6319439642094,3.04064124560483,5.67314201280639,27.329690373338,1.4370112234206,8
"lambda_potential[90,7]",5.09565108299395,6.29774338490973,0.556144136210668,1.6319439642094,3.04064124560483,5.67314201280639,27.329690373338,1.4370112234206,8
"lambda_potential[91,7]",5.09565108299395,6.29774338490973,0.556144136210668,1.6319439642094,3.04064124560483,5.67314201280639,27.329690373338,1.4370112234206,8
"lambda_potential[92,7]",5.09565108299395,6.29774338490973,0.556144136210668,1.6319439642094,3.04064124560483,5.67314201280639,27.329690373338,1.4370112234206,8
"lambda_potential[93,7]",5.09565108299395,6.29774338490973,0.556144136210668,1.6319439642094,3.04064124560483,5.67314201280639,27.329690373338,1.4370112234206,8
"lambda_potential[94,7]",5.09565108299395,6.29774338490973,0.556144136210668,1.6319439642094,3.04064124560483,5.67314201280639,27.329690373338,1.4370112234206,8
"lambda_potential[95,7]",5.09565108299395,6.29774338490973,0.556144136210668,1.6319439642094,3.04064124560483,5.67314201280639,27.329690373338,1.4370112234206,8
"lambda_potential[96,7]",5.09565108299395,6.29774338490973,0.556144136210668,1.6319439642094,3.04064124560483,5.67314201280639,27.329690373338,1.4370112234206,8
"lambda_potential[97,7]",5.09565108299395,6.29774338490973,0.556144136210668,1.6319439642094,3.04064124560483,5.67314201280639,27.329690373338,1.4370112234206,8
"lambda_potential[98,7]",5.09565108299395,6.29774338490973,0.556144136210668,1.6319439642094,3.04064124560483,5.67314201280639,27.329690373338,1.4370112234206,8
"lambda_potential[99,7]",5.09565108299395,6.29774338490973,0.556144136210668,1.6319439642094,3.04064124560483,5.67314201280639,27.329690373338,1.4370112234206,8
"lambda_potential[100,7]",5.09565108299395,6.29774338490973,0.556144136210668,1.6319439642094,3.04064124560483,5.67314201280639,27.329690373338,1.4370112234206,8
"lambda_potential[1,8]",44.6057423131082,67.6168993899127,1.14962247615315,10.0674745630833,24.8817559638874,54.2112246632477,206.954638643498,1.0971864253506,25
"lambda_potential[2,8]",3.08920175510274,3.92567410423032,0.346861006667803,1.00855568504494,1.8093171113723,3.40493215451963,16.2869938736729,1.40692061528441,9
"lambda_potential[3,8]",3.08920175510274,3.92567410423032,0.346861006667803,1.00855568504494,1.8093171113723,3.40493215451963,16.2869938736729,1.40692061528441,9
"lambda_potential[4,8]",3.08920175510274,3.92567410423032,0.346861006667803,1.00855568504494,1.8093171113723,3.40493215451963,16.2869938736729,1.40692061528441,9
"lambda_potential[5,8]",8.85505394190674,9.48594225852263,0.957264000745384,3.03751016421955,5.80214671197756,11.0557826243284,35.5407744738936,1.30866739818366,11
"lambda_potential[6,8]",3.08920175510274,3.92567410423032,0.346861006667803,1.00855568504494,1.8093171113723,3.40493215451963,16.2869938736729,1.40692061528441,9
"lambda_potential[7,8]",16.0207936901792,18.5116713030564,1.09762190152603,4.94873843788381,10.2634600963398,20.321967640691,65.013917856121,1.20038359794195,14
"lambda_potential[8,8]",3.08920175510274,3.92567410423032,0.346861006667803,1.00855568504494,1.8093171113723,3.40493215451963,16.2869938736729,1.40692061528441,9
"lambda_potential[9,8]",3.08920175510274,3.92567410423032,0.346861006667803,1.00855568504494,1.8093171113723,3.40493215451963,16.2869938736729,1.40692061528441,9
"lambda_potential[10,8]",5.77829845960725,6.23160495651355,0.744732565818998,2.05499630841441,3.72628344384058,6.97453441207261,25.6538167585904,1.38862170667523,9
"lambda_potential[11,8]",3.08920175510274,3.92567410423032,0.346861006667803,1.00855568504494,1.8093171113723,3.40493215451963,16.2869938736729,1.40692061528441,9
"lambda_potential[12,8]",3.08920175510274,3.92567410423032,0.346861006667803,1.00855568504494,1.8093171113723,3.40493215451963,16.2869938736729,1.40692061528441,9
"lambda_potential[13,8]",3.08920175510274,3.92567410423032,0.346861006667803,1.00855568504494,1.8093171113723,3.40493215451963,16.2869938736729,1.40692061528441,9
"lambda_potential[14,8]",5.77829845960725,6.23160495651355,0.744732565818998,2.05499630841441,3.72628344384058,6.97453441207261,25.6538167585904,1.38862170667523,9
"lambda_potential[15,8]",3.08920175510274,3.92567410423032,0.346861006667803,1.00855568504494,1.8093171113723,3.40493215451963,16.2869938736729,1.40692061528441,9
"lambda_potential[16,8]",5.77829845960725,6.23160495651355,0.744732565818998,2.05499630841441,3.72628344384058,6.97453441207261,25.6538167585904,1.38862170667523,9
"lambda_potential[17,8]",3.08920175510274,3.92567410423032,0.346861006667803,1.00855568504494,1.8093171113723,3.40493215451963,16.2869938736729,1.40692061528441,9
"lambda_potential[18,8]",166.562858960549,410.854636870021,1.00726880287746,21.0476765176196,68.208271505647,169.064413033995,934.86444813727,1.04907672192096,46
"lambda_potential[19,8]",3.08920175510274,3.92567410423032,0.346861006667803,1.00855568504494,1.8093171113723,3.40493215451963,16.2869938736729,1.40692061528441,9
"lambda_potential[20,8]",3.08920175510274,3.92567410423032,0.346861006667803,1.00855568504494,1.8093171113723,3.40493215451963,16.2869938736729,1.40692061528441,9
"lambda_potential[21,8]",3.08920175510274,3.92567410423032,0.346861006667803,1.00855568504494,1.8093171113723,3.40493215451963,16.2869938736729,1.40692061528441,9
"lambda_potential[22,8]",3.08920175510274,3.92567410423032,0.346861006667803,1.00855568504494,1.8093171113723,3.40493215451963,16.2869938736729,1.40692061528441,9
"lambda_potential[23,8]",3.08920175510274,3.92567410423032,0.346861006667803,1.00855568504494,1.8093171113723,3.40493215451963,16.2869938736729,1.40692061528441,9
"lambda_potential[24,8]",3.08920175510274,3.92567410423032,0.346861006667803,1.00855568504494,1.8093171113723,3.40493215451963,16.2869938736729,1.40692061528441,9
"lambda_potential[25,8]",3.08920175510274,3.92567410423032,0.346861006667803,1.00855568504494,1.8093171113723,3.40493215451963,16.2869938736729,1.40692061528441,9
"lambda_potential[26,8]",3.08920175510274,3.92567410423032,0.346861006667803,1.00855568504494,1.8093171113723,3.40493215451963,16.2869938736729,1.40692061528441,9
"lambda_potential[27,8]",3.08920175510274,3.92567410423032,0.346861006667803,1.00855568504494,1.8093171113723,3.40493215451963,16.2869938736729,1.40692061528441,9
"lambda_potential[28,8]",5.77829845960725,6.23160495651355,0.744732565818998,2.05499630841441,3.72628344384058,6.97453441207261,25.6538167585904,1.38862170667523,9
"lambda_potential[29,8]",3.08920175510274,3.92567410423032,0.346861006667803,1.00855568504494,1.8093171113723,3.40493215451963,16.2869938736729,1.40692061528441,9
"lambda_potential[30,8]",3.08920175510274,3.92567410423032,0.346861006667803,1.00855568504494,1.8093171113723,3.40493215451963,16.2869938736729,1.40692061528441,9
"lambda_potential[31,8]",3.08920175510274,3.92567410423032,0.346861006667803,1.00855568504494,1.8093171113723,3.40493215451963,16.2869938736729,1.40692061528441,9
"lambda_potential[32,8]",82.8168281232056,156.024870289596,1.11569389749027,14.3487928167727,40.5206430261037,93.7311609899227,436.952692705141,1.06811059625065,34
"lambda_potential[33,8]",3.08920175510274,3.92567410423032,0.346861006667803,1.00855568504494,1.8093171113723,3.40493215451963,16.2869938736729,1.40692061528441,9
"lambda_potential[34,8]",3.08920175510274,3.92567410423032,0.346861006667803,1.00855568504494,1.8093171113723,3.40493215451963,16.2869938736729,1.40692061528441,9
"lambda_potential[35,8]",3.08920175510274,3.92567410423032,0.346861006667803,1.00855568504494,1.8093171113723,3.40493215451963,16.2869938736729,1.40692061528441,9
"lambda_potential[36,8]",3.08920175510274,3.92567410423032,0.346861006667803,1.00855568504494,1.8093171113723,3.40493215451963,16.2869938736729,1.40692061528441,9
"lambda_potential[37,8]",3.08920175510274,3.92567410423032,0.346861006667803,1.00855568504494,1.8093171113723,3.40493215451963,16.2869938736729,1.40692061528441,9
"lambda_potential[38,8]",3.08920175510274,3.92567410423032,0.346861006667803,1.00855568504494,1.8093171113723,3.40493215451963,16.2869938736729,1.40692061528441,9
"lambda_potential[39,8]",3.08920175510274,3.92567410423032,0.346861006667803,1.00855568504494,1.8093171113723,3.40493215451963,16.2869938736729,1.40692061528441,9
"lambda_potential[40,8]",12.2768009191479,13.578054331323,1.07134524035627,4.01013689327589,7.99488088882729,15.4591008678321,49.624190929971,1.24495021198994,12
"lambda_potential[41,8]",547.464757254031,2148.61475839796,0.914766793739927,37.7175300010756,153.536110883607,440.316321964781,3237.64005478753,1.03242769258322,68
"lambda_potential[42,8]",5.77829845960725,6.23160495651355,0.744732565818998,2.05499630841441,3.72628344384058,6.97453441207261,25.6538167585904,1.38862170667523,9
"lambda_potential[43,8]",3.08920175510274,3.92567410423032,0.346861006667803,1.00855568504494,1.8093171113723,3.40493215451963,16.2869938736729,1.40692061528441,9
"lambda_potential[44,8]",3.08920175510274,3.92567410423032,0.346861006667803,1.00855568504494,1.8093171113723,3.40493215451963,16.2869938736729,1.40692061528441,9
"lambda_potential[45,8]",3.08920175510274,3.92567410423032,0.346861006667803,1.00855568504494,1.8093171113723,3.40493215451963,16.2869938736729,1.40692061528441,9
"lambda_potential[46,8]",251.173295030131,728.718796679247,0.986299300177364,26.1473101285279,90.8178667098882,236.540439606412,1479.67954261443,1.04176759999388,53
"lambda_potential[47,8]",3.08920175510274,3.92567410423032,0.346861006667803,1.00855568504494,1.8093171113723,3.40493215451963,16.2869938736729,1.40692061528441,9
"lambda_potential[48,8]",3.08920175510274,3.92567410423032,0.346861006667803,1.00855568504494,1.8093171113723,3.40493215451963,16.2869938736729,1.40692061528441,9
"lambda_potential[49,8]",3.08920175510274,3.92567410423032,0.346861006667803,1.00855568504494,1.8093171113723,3.40493215451963,16.2869938736729,1.40692061528441,9
"lambda_potential[50,8]",3.08920175510274,3.92567410423032,0.346861006667803,1.00855568504494,1.8093171113723,3.40493215451963,16.2869938736729,1.40692061528441,9
"lambda_potential[51,8]",5.77829845960725,6.23160495651355,0.744732565818998,2.05499630841441,3.72628344384058,6.97453441207261,25.6538167585904,1.38862170667523,9
"lambda_potential[52,8]",3.08920175510274,3.92567410423032,0.346861006667803,1.00855568504494,1.8093171113723,3.40493215451963,16.2869938736729,1.40692061528441,9
"lambda_potential[53,8]",5.77829845960725,6.23160495651355,0.744732565818998,2.05499630841441,3.72628344384058,6.97453441207261,25.6538167585904,1.38862170667523,9
"lambda_potential[54,8]",3.08920175510274,3.92567410423032,0.346861006667803,1.00855568504494,1.8093171113723,3.40493215451963,16.2869938736729,1.40692061528441,9
"lambda_potential[55,8]",3.08920175510274,3.92567410423032,0.346861006667803,1.00855568504494,1.8093171113723,3.40493215451963,16.2869938736729,1.40692061528441,9
"lambda_potential[56,8]",3.08920175510274,3.92567410423032,0.346861006667803,1.00855568504494,1.8093171113723,3.40493215451963,16.2869938736729,1.40692061528441,9
"lambda_potential[57,8]",3.08920175510274,3.92567410423032,0.346861006667803,1.00855568504494,1.8093171113723,3.40493215451963,16.2869938736729,1.40692061528441,9
"lambda_potential[58,8]",3.08920175510274,3.92567410423032,0.346861006667803,1.00855568504494,1.8093171113723,3.40493215451963,16.2869938736729,1.40692061528441,9
"lambda_potential[59,8]",3.08920175510274,3.92567410423032,0.346861006667803,1.00855568504494,1.8093171113723,3.40493215451963,16.2869938736729,1.40692061528441,9
"lambda_potential[60,8]",3.08920175510274,3.92567410423032,0.346861006667803,1.00855568504494,1.8093171113723,3.40493215451963,16.2869938736729,1.40692061528441,9
"lambda_potential[61,8]",29.050658106589,38.6597011813628,1.15096440466714,7.56883551988233,17.2598538485802,36.2496844675714,127.909457461055,1.12924979957755,20
"lambda_potential[62,8]",3.08920175510274,3.92567410423032,0.346861006667803,1.00855568504494,1.8093171113723,3.40493215451963,16.2869938736729,1.40692061528441,9
"lambda_potential[63,8]",3.08920175510274,3.92567410423032,0.346861006667803,1.00855568504494,1.8093171113723,3.40493215451963,16.2869938736729,1.40692061528441,9
"lambda_potential[64,8]",3.08920175510274,3.92567410423032,0.346861006667803,1.00855568504494,1.8093171113723,3.40493215451963,16.2869938736729,1.40692061528441,9
"lambda_potential[65,8]",3.08920175510274,3.92567410423032,0.346861006667803,1.00855568504494,1.8093171113723,3.40493215451963,16.2869938736729,1.40692061528441,9
"lambda_potential[66,8]",3.08920175510274,3.92567410423032,0.346861006667803,1.00855568504494,1.8093171113723,3.40493215451963,16.2869938736729,1.40692061528441,9
"lambda_potential[67,8]",3.08920175510274,3.92567410423032,0.346861006667803,1.00855568504494,1.8093171113723,3.40493215451963,16.2869938736729,1.40692061528441,9
"lambda_potential[68,8]",186.25587455532,480.14857250704,1.00273995373734,22.3823369722116,73.8557614064559,185.2491019718,1061.10365775233,1.04687064564274,48
"lambda_potential[69,8]",62.5538103764776,106.413413919717,1.13007388845608,12.3049118574329,32.6013608039373,73.7066443842635,313.347661560693,1.07937906713554,30
"lambda_potential[70,8]",3.08920175510274,3.92567410423032,0.346861006667803,1.00855568504494,1.8093171113723,3.40493215451963,16.2869938736729,1.40692061528441,9
"lambda_potential[71,8]",3.08920175510274,3.92567410423032,0.346861006667803,1.00855568504494,1.8093171113723,3.40493215451963,16.2869938736729,1.40692061528441,9
"lambda_potential[72,8]",20.0715858414187,24.3129738515204,1.13034726821976,5.83733066787075,12.5444968841814,25.4316545716675,83.1572409102301,1.16903736434275,16
"lambda_potential[73,8]",3.08920175510274,3.92567410423032,0.346861006667803,1.00855568504494,1.8093171113723,3.40493215451963,16.2869938736729,1.40692061528441,9
"lambda_potential[74,8]",8.85505394190674,9.48594225852263,0.957264000745384,3.03751016421955,5.80214671197756,11.0557826243284,35.5407744738936,1.30866739818366,11
"lambda_potential[75,8]",3.08920175510274,3.92567410423032,0.346861006667803,1.00855568504494,1.8093171113723,3.40493215451963,16.2869938736729,1.40692061528441,9
"lambda_potential[76,8]",3.08920175510274,3.92567410423032,0.346861006667803,1.00855568504494,1.8093171113723,3.40493215451963,16.2869938736729,1.40692061528441,9
"lambda_potential[77,8]",3.08920175510274,3.92567410423032,0.346861006667803,1.00855568504494,1.8093171113723,3.40493215451963,16.2869938736729,1.40692061528441,9
"lambda_potential[78,8]",3.08920175510274,3.92567410423032,0.346861006667803,1.00855568504494,1.8093171113723,3.40493215451963,16.2869938736729,1.40692061528441,9
"lambda_potential[79,8]",44.6057423131082,67.6168993899127,1.14962247615315,10.0674745630833,24.8817559638874,54.2112246632477,206.954638643498,1.0971864253506,25
"lambda_potential[80,8]",5.77829845960725,6.23160495651355,0.744732565818998,2.05499630841441,3.72628344384058,6.97453441207261,25.6538167585904,1.38862170667523,9
"lambda_potential[81,8]",4.73636532633326,5.2522966469223,0.616637526249149,1.68858971616748,3.00062451018944,5.54471905783786,22.4173396821621,1.41249733974776,9
"lambda_potential[82,8]",4.73636532633326,5.2522966469223,0.616637526249149,1.68858971616748,3.00062451018944,5.54471905783786,22.4173396821621,1.41249733974776,9
"lambda_potential[83,8]",4.73636532633326,5.2522966469223,0.616637526249149,1.68858971616748,3.00062451018944,5.54471905783786,22.4173396821621,1.41249733974776,9
"lambda_potential[84,8]",4.73636532633326,5.2522966469223,0.616637526249149,1.68858971616748,3.00062451018944,5.54471905783786,22.4173396821621,1.41249733974776,9
"lambda_potential[85,8]",4.73636532633326,5.2522966469223,0.616637526249149,1.68858971616748,3.00062451018944,5.54471905783786,22.4173396821621,1.41249733974776,9
"lambda_potential[86,8]",4.73636532633326,5.2522966469223,0.616637526249149,1.68858971616748,3.00062451018944,5.54471905783786,22.4173396821621,1.41249733974776,9
"lambda_potential[87,8]",4.73636532633326,5.2522966469223,0.616637526249149,1.68858971616748,3.00062451018944,5.54471905783786,22.4173396821621,1.41249733974776,9
"lambda_potential[88,8]",4.73636532633326,5.2522966469223,0.616637526249149,1.68858971616748,3.00062451018944,5.54471905783786,22.4173396821621,1.41249733974776,9
"lambda_potential[89,8]",4.73636532633326,5.2522966469223,0.616637526249149,1.68858971616748,3.00062451018944,5.54471905783786,22.4173396821621,1.41249733974776,9
"lambda_potential[90,8]",4.73636532633326,5.2522966469223,0.616637526249149,1.68858971616748,3.00062451018944,5.54471905783786,22.4173396821621,1.41249733974776,9
"lambda_potential[91,8]",4.73636532633326,5.2522966469223,0.616637526249149,1.68858971616748,3.00062451018944,5.54471905783786,22.4173396821621,1.41249733974776,9
"lambda_potential[92,8]",4.73636532633326,5.2522966469223,0.616637526249149,1.68858971616748,3.00062451018944,5.54471905783786,22.4173396821621,1.41249733974776,9
"lambda_potential[93,8]",4.73636532633326,5.2522966469223,0.616637526249149,1.68858971616748,3.00062451018944,5.54471905783786,22.4173396821621,1.41249733974776,9
"lambda_potential[94,8]",4.73636532633326,5.2522966469223,0.616637526249149,1.68858971616748,3.00062451018944,5.54471905783786,22.4173396821621,1.41249733974776,9
"lambda_potential[95,8]",4.73636532633326,5.2522966469223,0.616637526249149,1.68858971616748,3.00062451018944,5.54471905783786,22.4173396821621,1.41249733974776,9
"lambda_potential[96,8]",4.73636532633326,5.2522966469223,0.616637526249149,1.68858971616748,3.00062451018944,5.54471905783786,22.4173396821621,1.41249733974776,9
"lambda_potential[97,8]",4.73636532633326,5.2522966469223,0.616637526249149,1.68858971616748,3.00062451018944,5.54471905783786,22.4173396821621,1.41249733974776,9
"lambda_potential[98,8]",4.73636532633326,5.2522966469223,0.616637526249149,1.68858971616748,3.00062451018944,5.54471905783786,22.4173396821621,1.41249733974776,9
"lambda_potential[99,8]",4.73636532633326,5.2522966469223,0.616637526249149,1.68858971616748,3.00062451018944,5.54471905783786,22.4173396821621,1.41249733974776,9
"lambda_potential[100,8]",4.73636532633326,5.2522966469223,0.616637526249149,1.68858971616748,3.00062451018944,5.54471905783786,22.4173396821621,1.41249733974776,9
"mu_alpha",0.744577649003929,0.934126995670123,-0.880900091241563,0.0955025105482051,0.691790910909414,1.32145334130237,2.89149496221543,1.52331849220616,8
"mu_beta",1.1719561628874,0.33790589735394,0.471123128121887,0.97470717692721,1.19441006959044,1.39262697614585,1.76340219890382,1.02955123161743,84
"mu_eta",-6.17288487058109,0.840185437251116,-7.87179345190653,-6.76568560253885,-6.15767212213011,-5.5661915894539,-4.62242700948483,1.39645712931739,9
"omega[1]",0.660343610201178,0.162679878098786,0.332390982257588,0.544280373147435,0.668843443622897,0.786609521463564,0.936012012892728,1.00899301007062,250
"omega[2]",0.432755723183406,0.20045066886603,0.10038913941522,0.278750914018119,0.418436525143506,0.571199975947456,0.846314487848814,1.02433684792589,90
"omega[3]",0.601441347558057,0.19218846384673,0.23284665032395,0.457086706417913,0.606228544109599,0.75350667061164,0.931524092351346,1.0394020661235,79
"omega[4]",0.774825961602977,0.127983241735185,0.483825235512114,0.694359091937269,0.793074076046151,0.873749577022286,0.96462200226991,1.0111544908386,240
"omega[5]",0.460687560210011,0.187204889019229,0.141523997924525,0.320119957650295,0.447077336565801,0.593656380401743,0.846014965259723,1.03299639319695,73
"omega[6]",0.691919166357419,0.152834945950482,0.366155664503025,0.589039861670876,0.705811676542123,0.810819079717093,0.941913569299532,1.02364506047898,130
"omega[7]",0.529592496519207,0.185376422414726,0.189423989305773,0.392162974263044,0.524992793181493,0.665315079246688,0.89034549347948,1.0034692401381,800
"omega[8]",0.598059364612136,0.175623483017179,0.250332985018164,0.471819773556807,0.601012367579026,0.728539383266193,0.915475776513844,1.00486461272928,640
"p[1]",0.0013589418211033,0.00139142082488795,0.000153629919891219,0.00049985624515327,0.000910020361445779,0.00168073570604357,0.00525789940336345,1.27402223139871,11
"p[2]",0.00689376840993359,0.00676366536926369,0.000536409455274905,0.00247062370370748,0.00484590916201215,0.00895724430820029,0.0252712301626271,1.37394751187606,9
"p[3]",0.00335343557120789,0.00563437133984657,0.000125757238516974,0.000745938535757835,0.00175335533394417,0.00381977640917227,0.0166957188736365,1.11754088990809,22
"p[4]",0.00456479086812783,0.00604416514499619,0.000286566466495561,0.00122519247376009,0.00261640005091648,0.00551586579437266,0.0203910548689456,1.22795005112821,13
"p[5]",0.0102187957089476,0.00836958042902334,0.00147936284043911,0.00432004114432105,0.00752544060628578,0.0135414233938532,0.0327331522348321,1.42567884983411,8
"p[6]",0.00315371476799543,0.00693527707304578,0.000111117653973872,0.000678209486097176,0.00158167195996445,0.00355527094814341,0.0149662707809345,1.15554922352362,17
"p[7]",0.00648521464037486,0.00684557684316237,0.000532496385509434,0.00220895685801047,0.00437883518040873,0.00826925546422546,0.0253307172391429,1.31179869329088,11
"p[8]",0.00716784687523118,0.00660908938134834,0.000845231108941095,0.00275465495100935,0.00502441212478096,0.00934851772686072,0.0248151326721492,1.35907463588179,10
"p[9]",0.00449264732432301,0.00505606635408266,0.000380154649598186,0.00146026345843974,0.00283657356029543,0.00559917780029592,0.0175080724925873,1.23600480647685,13
"p[10]",0.00269014686189925,0.00559126734641871,8.98633333896733e-05,0.000568339985961227,0.00131843132424181,0.00298206579883603,0.0127695141614028,1.13186833012953,20
"p[11]",0.00279816185916812,0.00525235795620339,0.00010391955500934,0.000629665660363986,0.0014501288428318,0.0032043751515862,0.0132785066214438,1.15629291177176,17
"p[12]",0.00323773009740504,0.00872041601971092,0.000142683135418283,0.000733728479635533,0.00165684696430525,0.00363700416670687,0.014917653390559,1.12368869761602,21
"p[13]",0.00396787173238519,0.00784304993117558,0.000128298509739267,0.00079952963359753,0.00189421749244272,0.0044365735271868,0.0202039985013864,1.15147361365722,18
"p[14]",0.00245255497230893,0.00398943505491803,0.000106951388476988,0.00057793215340143,0.00125948173513288,0.00283835509409595,0.0115705945299228,1.13796977066485,19
"p[15]",0.00277553904469817,0.0027410444116693,0.000324998219817354,0.00104468457405685,0.00186463000524265,0.00349216070407478,0.0103447929428421,1.32066448677388,10
"p[16]",0.00463336312533583,0.00515421983808723,0.000369525069015218,0.0015221781372852,0.00302310957308624,0.00591124161996163,0.0184510238511054,1.26044725425123,12
"p[17]",0.00513960038295745,0.00679823405844712,0.000327012820450996,0.00140337678978361,0.00298069873554195,0.00625204772619706,0.0226138326761523,1.21781247488644,14
"p[18]",0.0034564323635494,0.00330719736854842,0.000400165372484784,0.00129975021809843,0.0024065659030863,0.00448464892155663,0.0124031891905103,1.48705194056124,8
"p[19]",0.0040580353733772,0.0104701966720017,0.000124276976613953,0.000766549774058154,0.00185718099733506,0.00420952932809358,0.019841056864601,1.15355455560893,18
"p[20]",0.00352871179104726,0.00393963876202012,0.000271602549531295,0.00112808359579674,0.00224614102657847,0.00454498306444979,0.0138960868585167,1.32183063462334,10
"p[21]",0.00455857861565152,0.0136807917922789,0.000155329365740152,0.000917764841141205,0.00216220040475354,0.00476685367518947,0.0216221532811617,1.1408576533073,19
"p[22]",0.00468903058609427,0.0111433698959563,0.000152927574684214,0.000939304588962358,0.00217647522873561,0.00495450125703405,0.024159974693901,1.1402810643333,19
"p[23]",0.00454212206574371,0.0114263826720593,0.000145756662788633,0.000907654476431134,0.00216522386281893,0.00477583581319892,0.0225338041937304,1.12560439765936,21
"p[24]",0.00472099874069303,0.0127510966555605,0.000152455816111811,0.00091631715147361,0.00215574041311651,0.00494576475089846,0.0235314707196751,1.12871478293136,20
"p[25]",0.0045342276822441,0.00980969369113227,0.000144537912427623,0.000905854884156781,0.00209208305323053,0.0047982832042409,0.0228241884560721,1.1336450737279,20
"p[26]",0.00456302201267776,0.00910663143433834,0.000165678505387244,0.000933423968365968,0.00218384671457852,0.00487000384063727,0.0227106136192649,1.13235391342674,20
"p[27]",0.00470962308935478,0.0140207995770661,0.000148428448930554,0.000911981064205005,0.00214677508523637,0.00497002751911887,0.0226416126530816,1.14622666992024,18
"p[28]",0.00457636312133468,0.00944585630724988,0.000148335157454433,0.000925808561677437,0.00214488892084162,0.00496905433303619,0.0231363274757269,1.137425970087,19
"p[29]",0.00479395703566201,0.0119951878823094,0.000157425435954099,0.000930667223753159,0.00216094523012522,0.00475815190665197,0.0250386608057399,1.13933528498244,19
"p[30]",0.00454438770803724,0.00954656256974294,0.000162996603313253,0.000917829584318621,0.0021608890022628,0.00480384641420045,0.0239437894956738,1.15518978716541,17
"p[31]",0.00447092650238121,0.00908093595559071,0.000145403278241934,0.000911143705412622,0.00212427284239681,0.00473973458776219,0.0225731699897032,1.12051780148875,21
"p[32]",0.00463560296008588,0.0109196138253687,0.000151926677691599,0.000921860999635492,0.00217506428024835,0.00491956445100718,0.0231851629064891,1.1441457424587,19
"p[33]",0.0045510316765596,0.0112250701659502,0.000157037827030939,0.000910825726913791,0.00211309106374016,0.00490143881457664,0.0229751209810845,1.13008600503903,20
"p[34]",0.00461324994769473,0.0106525921401703,0.000160303872105345,0.000909777419498107,0.00215886212331624,0.00490326569732884,0.0228908763650826,1.13902886276714,19
"p[35]",0.00452867057992681,0.00939875380928173,0.000159365300911638,0.000920088595429444,0.00216348535050162,0.00492567813714723,0.0221585618884428,1.13161865972982,20
"p[36]",0.00458422043276353,0.00960231522342469,0.000146501762665664,0.000919730900936731,0.00215563610455825,0.00487967430938678,0.0234206536344086,1.14258892441823,19
"p[37]",0.00477954852267767,0.0119620599445706,0.000150656147611884,0.000914989963797406,0.00213276597397173,0.00491990236300969,0.0237816123488914,1.14220047641893,19
"p[38]",0.00448970074913024,0.00982227216650072,0.00016054775284225,0.000917478324948759,0.00217040058549411,0.0048280815080892,0.0216109187975308,1.13432155737186,19
"p[39]",0.00466347696990536,0.0107547631634041,0.000152643971143814,0.000923142947690114,0.00211297730661703,0.00493232411343408,0.0237580957871955,1.13029538141567,20
"p[40]",0.00459327096902781,0.010669833275052,0.000147701074994295,0.000901295284266832,0.00213602865499886,0.00490410123535843,0.0230347634033292,1.13194687346407,20
"p[41]",0.00453350775100441,0.00877279585694708,0.000146709224923456,0.00089961581363757,0.00213879363822519,0.00496505126567903,0.0234149822195279,1.14121257594636,19
"p[42]",0.0046298007665918,0.0100706848148527,0.000155495180799577,0.000881033482536321,0.00211472298820455,0.00493942381887389,0.0241821115314785,1.14685173738492,18
"p[43]",0.0046379377348111,0.00994253069763089,0.000152205637784843,0.00091766444135008,0.00210240850556735,0.00479343914853973,0.0230378033658783,1.13178124701931,20
"p[44]",0.00472797417948171,0.0110538632336222,0.00015785589206386,0.000920773322638854,0.00212164651934651,0.0048591091296915,0.0244297568581452,1.13906775592534,19
"p[45]",0.00476098731293918,0.0122951556991617,0.000142015706466186,0.000897736383061946,0.00212566830011981,0.00496663798340058,0.024181641389067,1.13467562637036,20
"p[46]",0.00454620384687102,0.00907746583824119,0.00015262810781467,0.000909731682496113,0.00210004672361876,0.00490891447308722,0.0227122113208906,1.14368329444033,19
"p[47]",0.00463442607774383,0.0109418154943064,0.000154671246820047,0.000904588869295325,0.00218062642571063,0.00484077084652313,0.0232925531019955,1.13502444740144,20
"p[48]",0.00461356768479444,0.00933165998899587,0.000144024911365532,0.000932898220410729,0.00215678682239455,0.00493677403018933,0.0236611237845671,1.12480848889513,21
"p[49]",0.00473314347378931,0.0125325972416302,0.000152019175493282,0.000927855049134579,0.00209981041787391,0.0048491690379315,0.0239528956314584,1.11668548328995,22
"p[50]",0.00486563369353004,0.010561160257153,0.000156285434163064,0.000910133863099955,0.00214457146583509,0.00499536787556838,0.0256477973595093,1.13229754459239,20
"p[51]",0.00464367622762568,0.0115289282576291,0.000162010663902225,0.000918753612734948,0.00215637324892106,0.00483696163655044,0.024678761259936,1.12315641340968,21
"p[52]",0.00459224548367838,0.00856042895746776,0.00015155390934395,0.000890469560748842,0.00213045564061198,0.00504267250436187,0.0235359724886159,1.14537188177003,18
"p[53]",0.00458328082272017,0.00922662741492305,0.00015962167669476,0.000917425261109215,0.00213802505578556,0.0049250588378038,0.0240408784473726,1.13436553366338,20
"p[54]",0.00464045104030676,0.0103869183205375,0.000160422452083194,0.000930453936663133,0.00209960207768356,0.00479974234879104,0.0232879296966182,1.14084690422154,19
"p[55]",0.00459375268988066,0.00995388886170906,0.000154494180637834,0.000904636932504041,0.00210105597394961,0.00478331014457295,0.0242055835163087,1.12978798364865,20
"p[56]",0.00447669923959476,0.00899296794612724,0.000153557504269443,0.000904461558577708,0.00214192836935972,0.00481229117565783,0.0230503290337752,1.1447769755841,19
"p[57]",0.00497661784912679,0.0169501621395066,0.000151409638910188,0.000916996782626891,0.00218993561756161,0.0050451893111759,0.0248610742462637,1.14106971361757,19
"p[58]",0.00465079440853312,0.0105946123640911,0.00015144736862613,0.000906106494186546,0.00210798334358227,0.00496282328103253,0.0234022308417125,1.13532821238157,19
"p[59]",0.00475116010648073,0.0113345505991151,0.000149602905922733,0.000918164326625573,0.00213744884516883,0.00502282437708718,0.023390449086919,1.13247534526849,20
"p[60]",0.00484307563684264,0.0146347506953092,0.000159389020920263,0.00092777601094753,0.00217906897706808,0.00499578245821051,0.0231714754187681,1.1239517413927,21
"p[61]",0.00477696596723864,0.010982834598309,0.000150817083609963,0.000937957422027729,0.00219009983888093,0.00485835830213485,0.0251284652195213,1.13035387146624,20
"p[62]",0.0045124156188642,0.00980936919341551,0.000141820054802904,0.00091270663966564,0.00214997209973422,0.00479830943199349,0.0216408305266519,1.13174867647106,20
"p[63]",0.00455820806412648,0.00933234515980983,0.000157087502852206,0.000926897835893255,0.00216745178651464,0.00485337475842726,0.0229594740992727,1.14896975482199,18
"p[64]",0.00472648562710313,0.00984437687241067,0.000154644689491057,0.000892870625718655,0.00214790564913027,0.00486224570568169,0.0250423356376561,1.14356747805917,19
"p[65]",0.00447893480167563,0.00889622722652725,0.000153284820493733,0.00090260686205669,0.00210645261981837,0.00479158709686245,0.0235112586756312,1.13321212916899,20
"p[66]",0.00469208880054747,0.00982810384965242,0.000159462503861233,0.000898683346221216,0.00211274221220734,0.00497978688408035,0.0230744896879278,1.12892496104289,20
"p[67]",0.0046451537724133,0.0098851521362717,0.000154551778927575,0.000913818957497522,0.00212546663400398,0.00482199773393406,0.0236630372755649,1.12173516213165,21
"p[68]",0.0046133544012208,0.0117260546864662,0.000151931367244058,0.000908169404907769,0.00217602836007071,0.0049585149431351,0.0219619912220394,1.12911554572177,20
"p[69]",0.00455769593448578,0.00911246712440978,0.000143915635858921,0.000907114917878421,0.00213800461305284,0.00478925872932113,0.0231859098053039,1.13785011575869,19
"p[70]",0.00464290077170513,0.0103143395177901,0.000158471600046153,0.000897158027441827,0.0021199959428603,0.00490627739913425,0.023454044812653,1.1302080144867,20
"p[71]",0.00471986835790444,0.0128161181086778,0.000159548519547107,0.00092023880172467,0.00215317633106056,0.00488630077836072,0.0235557081312028,1.14325273324397,19
"p[72]",0.00455523723248592,0.00906111362971831,0.000139918842686421,0.000924307007659396,0.00211764174618137,0.00491633232365377,0.0238532493852391,1.14393686003856,18
"p[73]",0.00458719181693803,0.00975459629936334,0.000150369902952092,0.00092822879336929,0.00214138078631545,0.00497237700349611,0.0229749865031139,1.13499985377986,19
"p[74]",0.00480360660982701,0.0125944322548788,0.000149441029088368,0.000902231920502413,0.0021059375393435,0.00495574345667852,0.0243585765345061,1.12742516757936,21
"p[75]",0.00461958927644706,0.0102101385287616,0.000145738816009422,0.000936242576024294,0.00215669724538621,0.00491519236202064,0.0233754393082349,1.14152227275563,19
"p[76]",0.00444710847588573,0.00851107027082804,0.000162072327604633,0.000897520144808981,0.00209799134778703,0.00481446719926586,0.0227008711913187,1.13932749654271,19
"p[77]",0.0044941411539304,0.00963320642201177,0.000166297545825392,0.000914621283262396,0.00212250931810605,0.00484585181054262,0.0228299375834432,1.12483732362713,21
"p[78]",0.00476027157803244,0.0138975569428515,0.000159291859364699,0.000933068627692182,0.002159520676719,0.00491365360960008,0.0237589507553207,1.13974394775271,19
"p[79]",0.00462162860787856,0.00977440360081209,0.000160803141601983,0.000929158419922779,0.00211299066314883,0.00495044074567156,0.0238227618698966,1.1503877038,18
"p[80]",0.00470126034567387,0.0113802977941056,0.000149546158275726,0.000915819386603671,0.00213710025599704,0.00489389535257904,0.024487525248698,1.14074889390301,19
"p[81]",0.00419640399041936,0.0128753399692143,0.00013308768756874,0.000813935569305599,0.00188934346857626,0.00437763777052541,0.0202729219949724,1.14038336930598,19
"p[82]",0.00419654521239302,0.0124933628864622,0.000149685271532782,0.000835783523351921,0.00194818870566052,0.0043373176941481,0.0200422241795436,1.11944256258883,22
"p[83]",0.00396041732425142,0.00702047381908879,0.000144290559358528,0.000833053538956562,0.00195695806983777,0.00430723654895174,0.0197990933293127,1.13298781357239,20
"p[84]",0.00407460972459953,0.00790269451751305,0.00013999598462301,0.000830365804954371,0.0019504268353353,0.00434799585002189,0.0211548654312874,1.12116120369635,21
"p[85]",0.00403185150055922,0.00890324897418557,0.000135299361307652,0.000834501593156551,0.00191025688066116,0.00433216558731345,0.0200792225364437,1.12290533921845,21
"p[86]",0.00403177166106883,0.00935510981376279,0.000147675724293321,0.00081836559469378,0.00191693491363827,0.00439479006240047,0.0192380936452811,1.14267933232158,19
"p[87]",0.00398577747854352,0.0083678734330868,0.000139930233243837,0.000820744144927097,0.00186711775045164,0.00422465742579333,0.0203441159919963,1.15744783996021,17
"p[88]",0.00403193827146455,0.00833413787404471,0.000147062993217174,0.000835203983000745,0.00191457631461886,0.00436341348997792,0.019933152383705,1.13005204654407,20
"p[89]",0.00411258985513937,0.00909548213022366,0.000150613399962704,0.00083935913007344,0.0019160191958806,0.00427830111044074,0.0213782452331931,1.12484012768585,21
"p[90]",0.00403528898047103,0.00965525417715044,0.00012925475436751,0.000797008669742157,0.00190485415547094,0.00435578765983655,0.0198764509974663,1.14076194537643,19
"p[91]",0.0040193893505031,0.00954815820310307,0.000122103262097296,0.000790530785786789,0.00188473278572438,0.00442834355471894,0.0191891177723118,1.13690802045024,19
"p[92]",0.00414636574768668,0.00851053133174242,0.000141857099919668,0.000852469665051304,0.00194720078295562,0.00444677294235468,0.0215674897919758,1.13212870816409,20
"p[93]",0.00415113292173486,0.00847695165800829,0.000150313344257183,0.000824942650932539,0.00197363569577262,0.00449498203045564,0.0203610188965684,1.1301138906869,20
"p[94]",0.00397933023555404,0.00808210881631907,0.00014967603533193,0.000796724087598736,0.00187830050070881,0.00440825938234474,0.0197108052413628,1.14172030495391,19
"p[95]",0.00400506261954015,0.00732906041850242,0.000147138474636361,0.000840929886945198,0.00198753221262254,0.00442569935456588,0.0200013430483775,1.13876837591806,19
"p[96]",0.00418541209007597,0.00890709941874159,0.000145416289393849,0.000827356061854828,0.00195464360094544,0.0043425845115125,0.0216737600496202,1.13974586800161,19
"p[97]",0.00403534145740955,0.00793374158809491,0.000141040828617412,0.000803600681985584,0.00193207470777139,0.00445293633866318,0.0201251624053601,1.12614258617266,21
"p[98]",0.00403747848751618,0.00817600252851939,0.000138812496095857,0.000803037498822157,0.00187092499305865,0.0042848621568838,0.0201474435135622,1.13233450585792,20
"p[99]",0.00390081938355122,0.00743581068640565,0.000145190979721233,0.00081853756904749,0.00191908352630777,0.00436233016336605,0.0192389843134381,1.15693043890412,17
"p[100]",0.00406288927927754,0.0081153711492094,0.000139058984095852,0.000844798732440888,0.00199176947297727,0.0044840250042955,0.0197187312047497,1.12252767265986,21
"sigma_alpha",0.455245005253577,0.382730571424861,0.0237657731481995,0.189756032304649,0.374215479876309,0.612307936833878,1.38579182325691,1.007100208907,350
"sigma_beta",0.376162255039076,0.316700168975081,0.0160804379104649,0.170169056646834,0.310294802145431,0.501216170768417,1.15054026555753,1.01360956081065,310
"sigma_eta",0.92349693264903,0.322106669890403,0.455728360728643,0.697994512493886,0.869280352427117,1.08951667220005,1.69261012664742,1.01599956863576,170
"w[1,1]",0.456222222222222,0.498107492485265,0,0,0,1,1,1.00269402565108,1100
"w[2,1]",0.525,0.499402354231915,0,0,1,1,1,1.00632182868644,370
"w[3,1]",0.255333333333333,0.436072644222272,0,0,0,1,1,1.00924805713656,280
"w[4,1]",0.251444444444444,0.433867550612921,0,0,0,1,1,1.01870530828956,140
"w[5,1]",1,0,1,1,1,1,1,1,1
"w[6,1]",0.314666666666667,0.464408784910629,0,0,0,1,1,1.01629064768837,140
"w[7,1]",1,0,1,1,1,1,1,1,1
"w[8,1]",0.543,0.498175245668897,0,0,1,1,1,1.00708405404377,320
"w[9,1]",1,0,1,1,1,1,1,1,1
"w[10,1]",0.220666666666667,0.414719181026164,0,0,0,0,1,1.06717688013861,46
"w[11,1]",0.485444444444444,0.499815859216099,0,0,0,1,1,1.01300970222379,170
"w[12,1]",0.274,0.446033748860769,0,0,0,1,1,1.02550768697141,100
"w[13,1]",0.0932222222222222,0.290759751300801,0,0,0,0,1,1.01743364630832,330
"w[14,1]",0.537888888888889,0.498590065522806,0,0,1,1,1,1.0126564457271,170
"w[15,1]",0.141666666666667,0.348727306825919,0,0,0,0,1,1.00417118324182,940
"w[16,1]",0.333666666666667,0.471548437234967,0,0,0,1,1,1.00725975800431,310
"w[17,1]",0.135444444444444,0.342216684845794,0,0,0,0,1,1.01329937531944,310
"w[18,1]",1,0,1,1,1,1,1,1,1
"w[19,1]",0.198777777777778,0.399102581971449,0,0,0,0,1,1.08999856558766,38
"w[20,1]",0.487888888888889,0.499881071408706,0,0,0,1,1,1.01051476946962,210
"w[21,1]",0,0,0,0,0,0,0,1,1
"w[22,1]",0,0,0,0,0,0,0,1,1
"w[23,1]",0,0,0,0,0,0,0,1,1
"w[24,1]",0,0,0,0,0,0,0,1,1
"w[25,1]",0,0,0,0,0,0,0,1,1
"w[26,1]",0,0,0,0,0,0,0,1,1
"w[27,1]",0,0,0,0,0,0,0,1,1
"w[28,1]",0,0,0,0,0,0,0,1,1
"w[29,1]",0,0,0,0,0,0,0,1,1
"w[30,1]",0,0,0,0,0,0,0,1,1
"w[31,1]",0,0,0,0,0,0,0,1,1
"w[32,1]",0,0,0,0,0,0,0,1,1
"w[33,1]",0,0,0,0,0,0,0,1,1
"w[34,1]",0,0,0,0,0,0,0,1,1
"w[35,1]",0,0,0,0,0,0,0,1,1
"w[36,1]",0,0,0,0,0,0,0,1,1
"w[37,1]",0,0,0,0,0,0,0,1,1
"w[38,1]",0,0,0,0,0,0,0,1,1
"w[39,1]",0,0,0,0,0,0,0,1,1
"w[40,1]",0,0,0,0,0,0,0,1,1
"w[41,1]",0,0,0,0,0,0,0,1,1
"w[42,1]",0,0,0,0,0,0,0,1,1
"w[43,1]",0,0,0,0,0,0,0,1,1
"w[44,1]",0,0,0,0,0,0,0,1,1
"w[45,1]",0,0,0,0,0,0,0,1,1
"w[46,1]",0,0,0,0,0,0,0,1,1
"w[47,1]",0,0,0,0,0,0,0,1,1
"w[48,1]",0,0,0,0,0,0,0,1,1
"w[49,1]",0,0,0,0,0,0,0,1,1
"w[50,1]",0,0,0,0,0,0,0,1,1
"w[51,1]",0,0,0,0,0,0,0,1,1
"w[52,1]",0,0,0,0,0,0,0,1,1
"w[53,1]",0,0,0,0,0,0,0,1,1
"w[54,1]",0,0,0,0,0,0,0,1,1
"w[55,1]",0,0,0,0,0,0,0,1,1
"w[56,1]",0,0,0,0,0,0,0,1,1
"w[57,1]",0,0,0,0,0,0,0,1,1
"w[58,1]",0,0,0,0,0,0,0,1,1
"w[59,1]",0,0,0,0,0,0,0,1,1
"w[60,1]",0,0,0,0,0,0,0,1,1
"w[61,1]",0,0,0,0,0,0,0,1,1
"w[62,1]",0,0,0,0,0,0,0,1,1
"w[63,1]",0,0,0,0,0,0,0,1,1
"w[64,1]",0,0,0,0,0,0,0,1,1
"w[65,1]",0,0,0,0,0,0,0,1,1
"w[66,1]",0,0,0,0,0,0,0,1,1
"w[67,1]",0,0,0,0,0,0,0,1,1
"w[68,1]",0,0,0,0,0,0,0,1,1
"w[69,1]",0,0,0,0,0,0,0,1,1
"w[70,1]",0,0,0,0,0,0,0,1,1
"w[71,1]",0,0,0,0,0,0,0,1,1
"w[72,1]",0,0,0,0,0,0,0,1,1
"w[73,1]",0,0,0,0,0,0,0,1,1
"w[74,1]",0,0,0,0,0,0,0,1,1
"w[75,1]",0,0,0,0,0,0,0,1,1
"w[76,1]",0,0,0,0,0,0,0,1,1
"w[77,1]",0,0,0,0,0,0,0,1,1
"w[78,1]",0,0,0,0,0,0,0,1,1
"w[79,1]",0,0,0,0,0,0,0,1,1
"w[80,1]",0,0,0,0,0,0,0,1,1
"w[81,1]",0.076,0.265012836545187,0,0,0,0,1,1.00647644018075,1100
"w[82,1]",0.0707777777777778,0.256467526891354,0,0,0,0,1,1.00664686508182,1100
"w[83,1]",0.0876666666666667,0.28282522874069,0,0,0,0,1,1.00978612027902,620
"w[84,1]",0.0757777777777778,0.264656926530328,0,0,0,0,1,1.01317400116886,530
"w[85,1]",0.0785555555555556,0.269058774010045,0,0,0,0,1,1.01542188009715,440
"w[86,1]",0.0772222222222222,0.266958553259306,0,0,0,0,1,1.00856795358175,790
"w[87,1]",0.0903333333333333,0.286674647631847,0,0,0,0,1,1.00147907763868,3700
"w[88,1]",0.0662222222222222,0.248683958126817,0,0,0,0,1,1.02899993960244,270
"w[89,1]",0.0788888888888889,0.269580242104033,0,0,0,0,1,1.00311914741944,2100
"w[90,1]",0.0675555555555555,0.250995622145212,0,0,0,0,1,1.01741050776649,440
"w[91,1]",0.0848888888888889,0.278731766775216,0,0,0,0,1,1.01611067332831,390
"w[92,1]",0.0846666666666667,0.278400492263712,0,0,0,0,1,1.00356392680982,1700
"w[93,1]",0.0663333333333333,0.248877689751514,0,0,0,0,1,1.03696260316297,210
"w[94,1]",0.0738888888888889,0.261604520393747,0,0,0,0,1,1.00948453794764,750
"w[95,1]",0.0445555555555556,0.206337317492717,0,0,0,0,1,1.0237317126002,480
"w[96,1]",0.0556666666666667,0.229289621253319,0,0,0,0,1,1.01380425692064,670
"w[97,1]",0.0793333333333333,0.270273328250406,0,0,0,0,1,1.00432886799488,1500
"w[98,1]",0.0918888888888889,0.288885087396857,0,0,0,0,1,1.0257216175583,230
"w[99,1]",0.0791111111111111,0.269927099114583,0,0,0,0,1,1.00977206958706,690
"w[100,1]",0.0756666666666667,0.264478721890257,0,0,0,0,1,1.001923525569,3400
"w[1,2]",0.264555555555556,0.441120770784379,0,0,0,1,1,1.00748554246403,340
"w[2,2]",0.355555555555556,0.478707911812511,0,0,0,1,1,1.00753801856772,300
"w[3,2]",0.131,0.337419101687136,0,0,0,0,1,1.02513615390112,170
"w[4,2]",0.172,0.377401411971945,0,0,0,0,1,1.00963010428879,360
"w[5,2]",0.193666666666667,0.395192664299033,0,0,0,0,1,1.03403392190775,95
"w[6,2]",0.162111111111111,0.368573185116407,0,0,0,0,1,1.04765844828178,78
"w[7,2]",0.0892222222222222,0.285080071832247,0,0,0,0,1,1.01306290059602,460
"w[8,2]",0.241444444444444,0.42798291653329,0,0,0,0,1,1.04944421180123,58
"w[9,2]",0.179222222222222,0.383559596053031,0,0,0,0,1,1.01995651158986,170
"w[10,2]",0.364111111111111,0.481206752611211,0,0,0,1,1,1.0029668467244,940
"w[11,2]",0.320111111111111,0.466544930914894,0,0,0,1,1,1.02273252015476,100
"w[12,2]",0.183444444444444,0.387051967720664,0,0,0,0,1,1.0204399213669,160
"w[13,2]",0.0704444444444444,0.255908775309463,0,0,0,0,1,1.00961539230372,770
"w[14,2]",0.140333333333333,0.347351831448367,0,0,0,0,1,1.28980322024211,15
"w[15,2]",0.105111111111111,0.306713576504005,0,0,0,0,1,1.41842674459052,13
"w[16,2]",0.286666666666667,0.452229601420979,0,0,0,1,1,1.02168216668899,120
"w[17,2]",0.104777777777778,0.306283885268032,0,0,0,0,1,1.00277513010756,1800
"w[18,2]",1,0,1,1,1,1,1,1,1
"w[19,2]",0.0558888888888889,0.229719795517481,0,0,0,0,1,1.04064629787664,230
"w[20,2]",0.382888888888889,0.486118549799595,0,0,0,1,1,1.01423760561079,150
"w[21,2]",0,0,0,0,0,0,0,1,1
"w[22,2]",0,0,0,0,0,0,0,1,1
"w[23,2]",0,0,0,0,0,0,0,1,1
"w[24,2]",0,0,0,0,0,0,0,1,1
"w[25,2]",0,0,0,0,0,0,0,1,1
"w[26,2]",0,0,0,0,0,0,0,1,1
"w[27,2]",0,0,0,0,0,0,0,1,1
"w[28,2]",0,0,0,0,0,0,0,1,1
"w[29,2]",0,0,0,0,0,0,0,1,1
"w[30,2]",0,0,0,0,0,0,0,1,1
"w[31,2]",0,0,0,0,0,0,0,1,1
"w[32,2]",0,0,0,0,0,0,0,1,1
"w[33,2]",0,0,0,0,0,0,0,1,1
"w[34,2]",0,0,0,0,0,0,0,1,1
"w[35,2]",0,0,0,0,0,0,0,1,1
"w[36,2]",0,0,0,0,0,0,0,1,1
"w[37,2]",0,0,0,0,0,0,0,1,1
"w[38,2]",0,0,0,0,0,0,0,1,1
"w[39,2]",0,0,0,0,0,0,0,1,1
"w[40,2]",0,0,0,0,0,0,0,1,1
"w[41,2]",0,0,0,0,0,0,0,1,1
"w[42,2]",0,0,0,0,0,0,0,1,1
"w[43,2]",0,0,0,0,0,0,0,1,1
"w[44,2]",0,0,0,0,0,0,0,1,1
"w[45,2]",0,0,0,0,0,0,0,1,1
"w[46,2]",0,0,0,0,0,0,0,1,1
"w[47,2]",0,0,0,0,0,0,0,1,1
"w[48,2]",0,0,0,0,0,0,0,1,1
"w[49,2]",0,0,0,0,0,0,0,1,1
"w[50,2]",0,0,0,0,0,0,0,1,1
"w[51,2]",0,0,0,0,0,0,0,1,1
"w[52,2]",0,0,0,0,0,0,0,1,1
"w[53,2]",0,0,0,0,0,0,0,1,1
"w[54,2]",0,0,0,0,0,0,0,1,1
"w[55,2]",0,0,0,0,0,0,0,1,1
"w[56,2]",0,0,0,0,0,0,0,1,1
"w[57,2]",0,0,0,0,0,0,0,1,1
"w[58,2]",0,0,0,0,0,0,0,1,1
"w[59,2]",0,0,0,0,0,0,0,1,1
"w[60,2]",0,0,0,0,0,0,0,1,1
"w[61,2]",0,0,0,0,0,0,0,1,1
"w[62,2]",0,0,0,0,0,0,0,1,1
"w[63,2]",0,0,0,0,0,0,0,1,1
"w[64,2]",0,0,0,0,0,0,0,1,1
"w[65,2]",0,0,0,0,0,0,0,1,1
"w[66,2]",0,0,0,0,0,0,0,1,1
"w[67,2]",0,0,0,0,0,0,0,1,1
"w[68,2]",0,0,0,0,0,0,0,1,1
"w[69,2]",0,0,0,0,0,0,0,1,1
"w[70,2]",0,0,0,0,0,0,0,1,1
"w[71,2]",0,0,0,0,0,0,0,1,1
"w[72,2]",0,0,0,0,0,0,0,1,1
"w[73,2]",0,0,0,0,0,0,0,1,1
"w[74,2]",0,0,0,0,0,0,0,1,1
"w[75,2]",0,0,0,0,0,0,0,1,1
"w[76,2]",0,0,0,0,0,0,0,1,1
"w[77,2]",0,0,0,0,0,0,0,1,1
"w[78,2]",0,0,0,0,0,0,0,1,1
"w[79,2]",0,0,0,0,0,0,0,1,1
"w[80,2]",0,0,0,0,0,0,0,1,1
"w[81,2]",0.0414444444444444,0.199326909996638,0,0,0,0,1,1.00100770996767,9000
"w[82,2]",0.0561111111111111,0.230148951147489,0,0,0,0,1,1.00955651494167,960
"w[83,2]",0.0492222222222222,0.21634369778745,0,0,0,0,1,1.01967134134078,530
"w[84,2]",0.0362222222222222,0.186853022931493,0,0,0,0,1,1.05292394051163,250
"w[85,2]",0.0616666666666667,0.240562505233723,0,0,0,0,1,1.03452028069095,240
"w[86,2]",0.03,0.170596698949987,0,0,0,0,1,1.07001590557125,220
"w[87,2]",0.0593333333333333,0.236260642109752,0,0,0,0,1,1.00199695256592,4100
"w[88,2]",0.0628888888888889,0.242776492847587,0,0,0,0,1,1.10204033889843,77
"w[89,2]",0.0445555555555556,0.206337317492717,0,0,0,0,1,1.02053712111963,550
"w[90,2]",0.0457777777777778,0.20901441805199,0,0,0,0,1,1.01487938637574,750
"w[91,2]",0.0367777777777778,0.188226218702969,0,0,0,0,1,1.04325184173862,310
"w[92,2]",0.0354444444444444,0.184910613287468,0,0,0,0,1,1.04590346999864,300
"w[93,2]",0.0582222222222222,0.234176190564043,0,0,0,0,1,1.03504601339915,250
"w[94,2]",0.031,0.173327257053124,0,0,0,0,1,1.01673289816176,970
"w[95,2]",0.0686666666666667,0.25290049836559,0,0,0,0,1,1.04824032249654,160
"w[96,2]",0.0516666666666667,0.221365460185179,0,0,0,0,1,1.00652092685697,1500
"w[97,2]",0.0341111111111111,0.181524666243505,0,0,0,0,1,1.04044005925695,350
"w[98,2]",0.0504444444444444,0.218872394926431,0,0,0,0,1,1.00100243563529,9000
"w[99,2]",0.0374444444444444,0.189858797995129,0,0,0,0,1,1.06374328117934,200
"w[100,2]",0.0387777777777778,0.19307564256279,0,0,0,0,1,1.04805261288025,260
"w[1,3]",0.351888888888889,0.47758605708882,0,0,0,1,1,1.0218148242244,100
"w[2,3]",0.433777777777778,0.495622750516558,0,0,0,1,1,1.00574080586451,410
"w[3,3]",0.242222222222222,0.428451880685907,0,0,0,0,1,1.0048370503054,550
"w[4,3]",0.279111111111111,0.448587179604118,0,0,0,1,1,1.00142331988275,3400
"w[5,3]",1,0,1,1,1,1,1,1,1
"w[6,3]",0.296777777777778,0.456863130424991,0,0,0,1,1,1.01909753516843,130
"w[7,3]",0.135222222222222,0.34197977616014,0,0,0,0,1,1.00157516605711,2700
"w[8,3]",0.440888888888889,0.496521166848573,0,0,0,1,1,1.00442007465513,560
"w[9,3]",0.104222222222222,0.305565582318838,0,0,0,0,1,1.12635106857234,40
"w[10,3]",0.425333333333333,0.494420924140355,0,0,0,1,1,1.00587195705373,400
"w[11,3]",0.524888888888889,0.499407904661346,0,0,1,1,1,1.01376431176939,160
"w[12,3]",0.180111111111111,0.384301325119492,0,0,0,0,1,1.02732479799757,130
"w[13,3]",0.107222222222222,0.309412757729183,0,0,0,0,1,1.00238865200186,2000
"w[14,3]",0.426777777777778,0.494636928716048,0,0,0,1,1,1.01172538868158,190
"w[15,3]",0.133,0.339593600877702,0,0,0,0,1,1.00662047355581,640
"w[16,3]",0.312888888888889,0.463695290538872,0,0,0,1,1,1.0055872959485,420
"w[17,3]",0.135111111111111,0.341861206075264,0,0,0,0,1,1.00950983408942,440
"w[18,3]",1,0,1,1,1,1,1,1,1
"w[19,3]",0.145111111111111,0.352232397486333,0,0,0,0,1,1.02744612632625,150
"w[20,3]",1,0,1,1,1,1,1,1,1
"w[21,3]",0,0,0,0,0,0,0,1,1
"w[22,3]",0,0,0,0,0,0,0,1,1
"w[23,3]",0,0,0,0,0,0,0,1,1
"w[24,3]",0,0,0,0,0,0,0,1,1
"w[25,3]",0,0,0,0,0,0,0,1,1
"w[26,3]",0,0,0,0,0,0,0,1,1
"w[27,3]",0,0,0,0,0,0,0,1,1
"w[28,3]",0,0,0,0,0,0,0,1,1
"w[29,3]",0,0,0,0,0,0,0,1,1
"w[30,3]",0,0,0,0,0,0,0,1,1
"w[31,3]",0,0,0,0,0,0,0,1,1
"w[32,3]",0,0,0,0,0,0,0,1,1
"w[33,3]",0,0,0,0,0,0,0,1,1
"w[34,3]",0,0,0,0,0,0,0,1,1
"w[35,3]",0,0,0,0,0,0,0,1,1
"w[36,3]",0,0,0,0,0,0,0,1,1
"w[37,3]",0,0,0,0,0,0,0,1,1
"w[38,3]",0,0,0,0,0,0,0,1,1
"w[39,3]",0,0,0,0,0,0,0,1,1
"w[40,3]",0,0,0,0,0,0,0,1,1
"w[41,3]",0,0,0,0,0,0,0,1,1
"w[42,3]",0,0,0,0,0,0,0,1,1
"w[43,3]",0,0,0,0,0,0,0,1,1
"w[44,3]",0,0,0,0,0,0,0,1,1
"w[45,3]",0,0,0,0,0,0,0,1,1
"w[46,3]",0,0,0,0,0,0,0,1,1
"w[47,3]",0,0,0,0,0,0,0,1,1
"w[48,3]",0,0,0,0,0,0,0,1,1
"w[49,3]",0,0,0,0,0,0,0,1,1
"w[50,3]",0,0,0,0,0,0,0,1,1
"w[51,3]",0,0,0,0,0,0,0,1,1
"w[52,3]",0,0,0,0,0,0,0,1,1
"w[53,3]",0,0,0,0,0,0,0,1,1
"w[54,3]",0,0,0,0,0,0,0,1,1
"w[55,3]",0,0,0,0,0,0,0,1,1
"w[56,3]",0,0,0,0,0,0,0,1,1
"w[57,3]",0,0,0,0,0,0,0,1,1
"w[58,3]",0,0,0,0,0,0,0,1,1
"w[59,3]",0,0,0,0,0,0,0,1,1
"w[60,3]",0,0,0,0,0,0,0,1,1
"w[61,3]",0,0,0,0,0,0,0,1,1
"w[62,3]",0,0,0,0,0,0,0,1,1
"w[63,3]",0,0,0,0,0,0,0,1,1
"w[64,3]",0,0,0,0,0,0,0,1,1
"w[65,3]",0,0,0,0,0,0,0,1,1
"w[66,3]",0,0,0,0,0,0,0,1,1
"w[67,3]",0,0,0,0,0,0,0,1,1
"w[68,3]",0,0,0,0,0,0,0,1,1
"w[69,3]",0,0,0,0,0,0,0,1,1
"w[70,3]",0,0,0,0,0,0,0,1,1
"w[71,3]",0,0,0,0,0,0,0,1,1
"w[72,3]",0,0,0,0,0,0,0,1,1
"w[73,3]",0,0,0,0,0,0,0,1,1
"w[74,3]",0,0,0,0,0,0,0,1,1
"w[75,3]",0,0,0,0,0,0,0,1,1
"w[76,3]",0,0,0,0,0,0,0,1,1
"w[77,3]",0,0,0,0,0,0,0,1,1
"w[78,3]",0,0,0,0,0,0,0,1,1
"w[79,3]",0,0,0,0,0,0,0,1,1
"w[80,3]",0,0,0,0,0,0,0,1,1
"w[81,3]",0.0721111111111111,0.258686169243963,0,0,0,0,1,1.01465051382656,500
"w[82,3]",0.0625555555555556,0.242175297184312,0,0,0,0,1,1.05963162198119,130
"w[83,3]",0.0634444444444444,0.243774177848637,0,0,0,0,1,1.01319269387401,630
"w[84,3]",0.0755555555555556,0.264300350379688,0,0,0,0,1,1.04555955464208,150
"w[85,3]",0.049,0.215880008898524,0,0,0,0,1,1.01483646251886,700
"w[86,3]",0.0471111111111111,0.211888279139877,0,0,0,0,1,1.05650398118015,180
"w[87,3]",0.0751111111111111,0.263585188852289,0,0,0,0,1,1.00888989373864,790
"w[88,3]",0.0604444444444444,0.238321682569917,0,0,0,0,1,1.005322354225,1600
"w[89,3]",0.0522222222222222,0.222487217140258,0,0,0,0,1,1.05754512459214,160
"w[90,3]",0.069,0.253468219822188,0,0,0,0,1,1.01365728050423,550
"w[91,3]",0.0696666666666667,0.254598555556802,0,0,0,0,1,1.05405674596962,140
"w[92,3]",0.0468888888888889,0.211412599271351,0,0,0,0,1,1.05602225229295,190
"w[93,3]",0.0618888888888889,0.24096702263885,0,0,0,0,1,1.00848461811952,980
"w[94,3]",0.0836666666666667,0.276902645361749,0,0,0,0,1,1.03106605962136,200
"w[95,3]",0.0668888888888889,0.249843353276956,0,0,0,0,1,1.09990143354079,74
"w[96,3]",0.0945555555555556,0.292616329486336,0,0,0,0,1,1.02364452484218,240
"w[97,3]",0.0568888888888889,0.231643055725867,0,0,0,0,1,1.05107641334224,170
"w[98,3]",0.0667777777777778,0.24965061830637,0,0,0,0,1,1.0080884049424,960
"w[99,3]",0.0682222222222222,0.252140862431667,0,0,0,0,1,1.01171803800932,660
"w[100,3]",0.0567777777777778,0.231430362832825,0,0,0,0,1,1.06225774531966,140
"w[1,4]",1,0,1,1,1,1,1,1,1
"w[2,4]",0.554111111111111,0.497090980755036,0,0,1,1,1,1.00154014080106,2800
"w[3,4]",0.225444444444444,0.417897895673284,0,0,0,0,1,1.04404593240833,67
"w[4,4]",0.303333333333333,0.459723509381826,0,0,0,1,1,1.02110778930646,120
"w[5,4]",1,0,1,1,1,1,1,1,1
"w[6,4]",0.482777777777778,0.499731070643504,0,0,0,1,1,1.02602164677684,82
"w[7,4]",0.128333333333333,0.334479176618016,0,0,0,0,1,1.02205931517158,200
"w[8,4]",1,0,1,1,1,1,1,1,1
"w[9,4]",1,0,1,1,1,1,1,1,1
"w[10,4]",0.631,0.482560746305452,0,0,1,1,1,1.02322284984607,96
"w[11,4]",0.653777777777778,0.475791496479951,0,0,1,1,1,1.07528260987748,33
"w[12,4]",0.301,0.458718192646067,0,0,0,1,1,1.00840986151368,280
"w[13,4]",0.113444444444444,0.317152926344674,0,0,0,0,1,1.04810942126311,100
"w[14,4]",0.641777777777778,0.479504545241401,0,0,1,1,1,1.14709473503523,19
"w[15,4]",1,0,1,1,1,1,1,1,1
"w[16,4]",0.370555555555556,0.482980387487355,0,0,0,1,1,1.02229927156907,100
"w[17,4]",0.168111111111111,0.37398570296424,0,0,0,0,1,1.0349088530023,100
"w[18,4]",1,0,1,1,1,1,1,1,1
"w[19,4]",0.132333333333333,0.338871629903576,0,0,0,0,1,1.00947259036289,450
"w[20,4]",1,0,1,1,1,1,1,1,1
"w[21,4]",0,0,0,0,0,0,0,1,1
"w[22,4]",0,0,0,0,0,0,0,1,1
"w[23,4]",0,0,0,0,0,0,0,1,1
"w[24,4]",0,0,0,0,0,0,0,1,1
"w[25,4]",0,0,0,0,0,0,0,1,1
"w[26,4]",0,0,0,0,0,0,0,1,1
"w[27,4]",0,0,0,0,0,0,0,1,1
"w[28,4]",0,0,0,0,0,0,0,1,1
"w[29,4]",0,0,0,0,0,0,0,1,1
"w[30,4]",0,0,0,0,0,0,0,1,1
"w[31,4]",0,0,0,0,0,0,0,1,1
"w[32,4]",0,0,0,0,0,0,0,1,1
"w[33,4]",0,0,0,0,0,0,0,1,1
"w[34,4]",0,0,0,0,0,0,0,1,1
"w[35,4]",0,0,0,0,0,0,0,1,1
"w[36,4]",0,0,0,0,0,0,0,1,1
"w[37,4]",0,0,0,0,0,0,0,1,1
"w[38,4]",0,0,0,0,0,0,0,1,1
"w[39,4]",0,0,0,0,0,0,0,1,1
"w[40,4]",0,0,0,0,0,0,0,1,1
"w[41,4]",0,0,0,0,0,0,0,1,1
"w[42,4]",0,0,0,0,0,0,0,1,1
"w[43,4]",0,0,0,0,0,0,0,1,1
"w[44,4]",0,0,0,0,0,0,0,1,1
"w[45,4]",0,0,0,0,0,0,0,1,1
"w[46,4]",0,0,0,0,0,0,0,1,1
"w[47,4]",0,0,0,0,0,0,0,1,1
"w[48,4]",0,0,0,0,0,0,0,1,1
"w[49,4]",0,0,0,0,0,0,0,1,1
"w[50,4]",0,0,0,0,0,0,0,1,1
"w[51,4]",0,0,0,0,0,0,0,1,1
"w[52,4]",0,0,0,0,0,0,0,1,1
"w[53,4]",0,0,0,0,0,0,0,1,1
"w[54,4]",0,0,0,0,0,0,0,1,1
"w[55,4]",0,0,0,0,0,0,0,1,1
"w[56,4]",0,0,0,0,0,0,0,1,1
"w[57,4]",0,0,0,0,0,0,0,1,1
"w[58,4]",0,0,0,0,0,0,0,1,1
"w[59,4]",0,0,0,0,0,0,0,1,1
"w[60,4]",0,0,0,0,0,0,0,1,1
"w[61,4]",0,0,0,0,0,0,0,1,1
"w[62,4]",0,0,0,0,0,0,0,1,1
"w[63,4]",0,0,0,0,0,0,0,1,1
"w[64,4]",0,0,0,0,0,0,0,1,1
"w[65,4]",0,0,0,0,0,0,0,1,1
"w[66,4]",0,0,0,0,0,0,0,1,1
"w[67,4]",0,0,0,0,0,0,0,1,1
"w[68,4]",0,0,0,0,0,0,0,1,1
"w[69,4]",0,0,0,0,0,0,0,1,1
"w[70,4]",0,0,0,0,0,0,0,1,1
"w[71,4]",0,0,0,0,0,0,0,1,1
"w[72,4]",0,0,0,0,0,0,0,1,1
"w[73,4]",0,0,0,0,0,0,0,1,1
"w[74,4]",0,0,0,0,0,0,0,1,1
"w[75,4]",0,0,0,0,0,0,0,1,1
"w[76,4]",0,0,0,0,0,0,0,1,1
"w[77,4]",0,0,0,0,0,0,0,1,1
"w[78,4]",0,0,0,0,0,0,0,1,1
"w[79,4]",0,0,0,0,0,0,0,1,1
"w[80,4]",0,0,0,0,0,0,0,1,1
"w[81,4]",0.0822222222222222,0.27471824468586,0,0,0,0,1,1.23751762987352,25
"w[82,4]",0.0428888888888889,0.202617851270849,0,0,0,0,1,1.11164113231681,98
"w[83,4]",0.0774444444444444,0.267310197869256,0,0,0,0,1,1.00957903098936,710
"w[84,4]",0.0313333333333333,0.17422665790679,0,0,0,0,1,1.05033350289804,310
"w[85,4]",0.107111111111111,0.309271642166907,0,0,0,0,1,1.09952556132306,51
"w[86,4]",0.049,0.215880008898524,0,0,0,0,1,1.14861343436555,63
"w[87,4]",0.0441111111111111,0.205353369935672,0,0,0,0,1,1.04121258910253,270
"w[88,4]",0.0773333333333333,0.267134456535753,0,0,0,0,1,1.04416759576475,150
"w[89,4]",0.118444444444444,0.323151606866437,0,0,0,0,1,1.03714445505327,130
"w[90,4]",0.091,0.287625089346072,0,0,0,0,1,1.00450176369942,1300
"w[91,4]",0.0436666666666667,0.204363718385027,0,0,0,0,1,1.07955187177847,140
"w[92,4]",0.06,0.237500036553766,0,0,0,0,1,1.08414443652824,97
"w[93,4]",0.036,0.186300446667452,0,0,0,0,1,1.01304618240052,1100
"w[94,4]",0.0781111111111111,0.268361262864548,0,0,0,0,1,1.05456570280159,120
"w[95,4]",0.0484444444444444,0.214715399469725,0,0,0,0,1,1.00875791176479,1200
"w[96,4]",0.038,0.191206857170805,0,0,0,0,1,1.0040328354439,3200
"w[97,4]",0.0466666666666667,0.210935612564763,0,0,0,0,1,1.07627043542944,130
"w[98,4]",0.117777777777778,0.322362713806601,0,0,0,0,1,1.07232258903818,67
"w[99,4]",0.0434444444444444,0.20386672767191,0,0,0,0,1,1.02525555941082,460
"w[100,4]",0.0484444444444444,0.214715399469725,0,0,0,0,1,1.10421336733339,95
"w[1,5]",0.146888888888889,0.354014785528838,0,0,0,0,1,1.03044283468944,130
"w[2,5]",1,0,1,1,1,1,1,1,1
"w[3,5]",0.186555555555556,0.389575979134258,0,0,0,0,1,1.0098537758801,330
"w[4,5]",1,0,1,1,1,1,1,1,1
"w[5,5]",0.139222222222222,0.346197504366701,0,0,0,0,1,1.01965065997463,210
"w[6,5]",0.229111111111111,0.420284232887605,0,0,0,0,1,1.01820306308738,160
"w[7,5]",0.00733333333333333,0.0853250519187816,0,0,0,0,0,1.01919010963823,3400
"w[8,5]",0.209666666666667,0.407093317853596,0,0,0,0,1,1.03257464532915,95
"w[9,5]",0.201444444444444,0.401101553319563,0,0,0,0,1,1.02843094059426,110
"w[10,5]",0.391333333333333,0.488075838599816,0,0,0,1,1,1.00931978892265,240
"w[11,5]",0.331777777777778,0.470877818721554,0,0,0,1,1,1.01375736820854,170
"w[12,5]",0.190333333333333,0.39258588921271,0,0,0,0,1,1.00629601521199,500
"w[13,5]",0.0845555555555556,0.278234640533932,0,0,0,0,1,1.0016276257139,3600
"w[14,5]",0.316888888888889,0.465289561368307,0,0,0,1,1,1.01531670793383,150
"w[15,5]",0.101,0.301345466033384,0,0,0,0,1,1.00323856587931,1600
"w[16,5]",0.222555555555556,0.415985345098379,0,0,0,0,1,1.02370044297222,120
"w[17,5]",0.0896666666666667,0.285719488625972,0,0,0,0,1,1.02920006480724,200
"w[18,5]",0.0491111111111111,0.216112006270448,0,0,0,0,1,1.05583092252041,180
"w[19,5]",0.0897777777777778,0.285879011387045,0,0,0,0,1,1.00105515814705,9000
"w[20,5]",0.388111111111111,0.487347172187814,0,0,0,1,1,1.0053641951509,440
"w[21,5]",0,0,0,0,0,0,0,1,1
"w[22,5]",0,0,0,0,0,0,0,1,1
"w[23,5]",0,0,0,0,0,0,0,1,1
"w[24,5]",0,0,0,0,0,0,0,1,1
"w[25,5]",0,0,0,0,0,0,0,1,1
"w[26,5]",0,0,0,0,0,0,0,1,1
"w[27,5]",0,0,0,0,0,0,0,1,1
"w[28,5]",0,0,0,0,0,0,0,1,1
"w[29,5]",0,0,0,0,0,0,0,1,1
"w[30,5]",0,0,0,0,0,0,0,1,1
"w[31,5]",0,0,0,0,0,0,0,1,1
"w[32,5]",0,0,0,0,0,0,0,1,1
"w[33,5]",0,0,0,0,0,0,0,1,1
"w[34,5]",0,0,0,0,0,0,0,1,1
"w[35,5]",0,0,0,0,0,0,0,1,1
"w[36,5]",0,0,0,0,0,0,0,1,1
"w[37,5]",0,0,0,0,0,0,0,1,1
"w[38,5]",0,0,0,0,0,0,0,1,1
"w[39,5]",0,0,0,0,0,0,0,1,1
"w[40,5]",0,0,0,0,0,0,0,1,1
"w[41,5]",0,0,0,0,0,0,0,1,1
"w[42,5]",0,0,0,0,0,0,0,1,1
"w[43,5]",0,0,0,0,0,0,0,1,1
"w[44,5]",0,0,0,0,0,0,0,1,1
"w[45,5]",0,0,0,0,0,0,0,1,1
"w[46,5]",0,0,0,0,0,0,0,1,1
"w[47,5]",0,0,0,0,0,0,0,1,1
"w[48,5]",0,0,0,0,0,0,0,1,1
"w[49,5]",0,0,0,0,0,0,0,1,1
"w[50,5]",0,0,0,0,0,0,0,1,1
"w[51,5]",0,0,0,0,0,0,0,1,1
"w[52,5]",0,0,0,0,0,0,0,1,1
"w[53,5]",0,0,0,0,0,0,0,1,1
"w[54,5]",0,0,0,0,0,0,0,1,1
"w[55,5]",0,0,0,0,0,0,0,1,1
"w[56,5]",0,0,0,0,0,0,0,1,1
"w[57,5]",0,0,0,0,0,0,0,1,1
"w[58,5]",0,0,0,0,0,0,0,1,1
"w[59,5]",0,0,0,0,0,0,0,1,1
"w[60,5]",0,0,0,0,0,0,0,1,1
"w[61,5]",0,0,0,0,0,0,0,1,1
"w[62,5]",0,0,0,0,0,0,0,1,1
"w[63,5]",0,0,0,0,0,0,0,1,1
"w[64,5]",0,0,0,0,0,0,0,1,1
"w[65,5]",0,0,0,0,0,0,0,1,1
"w[66,5]",0,0,0,0,0,0,0,1,1
"w[67,5]",0,0,0,0,0,0,0,1,1
"w[68,5]",0,0,0,0,0,0,0,1,1
"w[69,5]",0,0,0,0,0,0,0,1,1
"w[70,5]",0,0,0,0,0,0,0,1,1
"w[71,5]",0,0,0,0,0,0,0,1,1
"w[72,5]",0,0,0,0,0,0,0,1,1
"w[73,5]",0,0,0,0,0,0,0,1,1
"w[74,5]",0,0,0,0,0,0,0,1,1
"w[75,5]",0,0,0,0,0,0,0,1,1
"w[76,5]",0,0,0,0,0,0,0,1,1
"w[77,5]",0,0,0,0,0,0,0,1,1
"w[78,5]",0,0,0,0,0,0,0,1,1
"w[79,5]",0,0,0,0,0,0,0,1,1
"w[80,5]",0,0,0,0,0,0,0,1,1
"w[81,5]",0.0457777777777778,0.20901441805199,0,0,0,0,1,1.01125764712887,990
"w[82,5]",0.0507777777777778,0.219555804171033,0,0,0,0,1,1.08437250500769,110
"w[83,5]",0.0452222222222222,0.207802720954914,0,0,0,0,1,1.00858662801437,1300
"w[84,5]",0.0433333333333333,0.203617686462274,0,0,0,0,1,1.07086848866891,160
"w[85,5]",0.0307777777777778,0.172724697255037,0,0,0,0,1,1.0478844485062,330
"w[86,5]",0.0571111111111111,0.232067697092638,0,0,0,0,1,1.0059615988174,1500
"w[87,5]",0.0377777777777778,0.190668971493134,0,0,0,0,1,1.01080489930098,1200
"w[88,5]",0.0474444444444444,0.212599367803338,0,0,0,0,1,1.06305937590186,170
"w[89,5]",0.0463333333333333,0.210217662717511,0,0,0,0,1,1.11849054421156,85
"w[90,5]",0.0567777777777778,0.231430362832825,0,0,0,0,1,1.00726994560123,1200
"w[91,5]",0.0484444444444444,0.214715399469725,0,0,0,0,1,1.00238889798903,4200
"w[92,5]",0.0355555555555556,0.185189547758452,0,0,0,0,1,1.02322621188197,610
"w[93,5]",0.0453333333333333,0.208045743642927,0,0,0,0,1,1.0632320273275,170
"w[94,5]",0.0391111111111111,0.19387008092396,0,0,0,0,1,1.04311476425672,290
"w[95,5]",0.0314444444444444,0.174525286705879,0,0,0,0,1,1.02843032720862,550
"w[96,5]",0.0431111111111111,0.203118505644208,0,0,0,0,1,1.04911459926509,230
"w[97,5]",0.0537777777777778,0.225591185539622,0,0,0,0,1,1.06301994905551,150
"w[98,5]",0.0392222222222222,0.194134044064238,0,0,0,0,1,1.00714899787841,1800
"w[99,5]",0.0318888888888889,0.175714024074203,0,0,0,0,1,1.04799437400767,320
"w[100,5]",0.0373333333333333,0.189587840546945,0,0,0,0,1,1.08686931890166,150
"w[1,6]",0.410888888888889,0.492022467305127,0,0,0,1,1,1.11434567912935,22
"w[2,6]",0.529444444444444,0.499160003620687,0,0,1,1,1,1.01025267157223,210
"w[3,6]",0.248444444444444,0.432134876420885,0,0,0,0,1,1.0054188092831,480
"w[4,6]",0.222222222222222,0.415762808216984,0,0,0,0,1,1.00650795085302,440
"w[5,6]",1,0,1,1,1,1,1,1,1
"w[6,6]",0.432666666666667,0.495473005599394,0,0,0,1,1,1.03999412184877,56
"w[7,6]",1,0,1,1,1,1,1,1,1
"w[8,6]",1,0,1,1,1,1,1,1,1
"w[9,6]",0.05,0.217957056238752,0,0,0,0,1,1.11770404723188,79
"w[10,6]",0.556666666666667,0.496806112003122,0,0,1,1,1,1.01649669311623,130
"w[11,6]",0.536222222222222,0.498713931710715,0,0,1,1,1,1.00401134985949,630
"w[12,6]",0.299333333333333,0.457991479323352,0,0,0,1,1,1.00930100836365,250
"w[13,6]",0.150111111111111,0.357200143217466,0,0,0,0,1,1.07387844751182,55
"w[14,6]",0.540555555555556,0.498380221324512,0,0,1,1,1,1.01540496835289,140
"w[15,6]",0.131666666666667,0.338146802975072,0,0,0,0,1,1.01012806982144,420
"w[16,6]",1,0,1,1,1,1,1,1,1
"w[17,6]",1,0,1,1,1,1,1,1,1
"w[18,6]",0.143444444444444,0.35054498903082,0,0,0,0,1,1.0804615492329,52
"w[19,6]",0.130666666666667,0.337054167343359,0,0,0,0,1,1.01110723649818,390
"w[20,6]",0.513,0.49985874213089,0,0,1,1,1,1.00488953777018,500
"w[21,6]",0,0,0,0,0,0,0,1,1
"w[22,6]",0,0,0,0,0,0,0,1,1
"w[23,6]",0,0,0,0,0,0,0,1,1
"w[24,6]",0,0,0,0,0,0,0,1,1
"w[25,6]",0,0,0,0,0,0,0,1,1
"w[26,6]",0,0,0,0,0,0,0,1,1
"w[27,6]",0,0,0,0,0,0,0,1,1
"w[28,6]",0,0,0,0,0,0,0,1,1
"w[29,6]",0,0,0,0,0,0,0,1,1
"w[30,6]",0,0,0,0,0,0,0,1,1
"w[31,6]",0,0,0,0,0,0,0,1,1
"w[32,6]",0,0,0,0,0,0,0,1,1
"w[33,6]",0,0,0,0,0,0,0,1,1
"w[34,6]",0,0,0,0,0,0,0,1,1
"w[35,6]",0,0,0,0,0,0,0,1,1
"w[36,6]",0,0,0,0,0,0,0,1,1
"w[37,6]",0,0,0,0,0,0,0,1,1
"w[38,6]",0,0,0,0,0,0,0,1,1
"w[39,6]",0,0,0,0,0,0,0,1,1
"w[40,6]",0,0,0,0,0,0,0,1,1
"w[41,6]",0,0,0,0,0,0,0,1,1
"w[42,6]",0,0,0,0,0,0,0,1,1
"w[43,6]",0,0,0,0,0,0,0,1,1
"w[44,6]",0,0,0,0,0,0,0,1,1
"w[45,6]",0,0,0,0,0,0,0,1,1
"w[46,6]",0,0,0,0,0,0,0,1,1
"w[47,6]",0,0,0,0,0,0,0,1,1
"w[48,6]",0,0,0,0,0,0,0,1,1
"w[49,6]",0,0,0,0,0,0,0,1,1
"w[50,6]",0,0,0,0,0,0,0,1,1
"w[51,6]",0,0,0,0,0,0,0,1,1
"w[52,6]",0,0,0,0,0,0,0,1,1
"w[53,6]",0,0,0,0,0,0,0,1,1
"w[54,6]",0,0,0,0,0,0,0,1,1
"w[55,6]",0,0,0,0,0,0,0,1,1
"w[56,6]",0,0,0,0,0,0,0,1,1
"w[57,6]",0,0,0,0,0,0,0,1,1
"w[58,6]",0,0,0,0,0,0,0,1,1
"w[59,6]",0,0,0,0,0,0,0,1,1
"w[60,6]",0,0,0,0,0,0,0,1,1
"w[61,6]",0,0,0,0,0,0,0,1,1
"w[62,6]",0,0,0,0,0,0,0,1,1
"w[63,6]",0,0,0,0,0,0,0,1,1
"w[64,6]",0,0,0,0,0,0,0,1,1
"w[65,6]",0,0,0,0,0,0,0,1,1
"w[66,6]",0,0,0,0,0,0,0,1,1
"w[67,6]",0,0,0,0,0,0,0,1,1
"w[68,6]",0,0,0,0,0,0,0,1,1
"w[69,6]",0,0,0,0,0,0,0,1,1
"w[70,6]",0,0,0,0,0,0,0,1,1
"w[71,6]",0,0,0,0,0,0,0,1,1
"w[72,6]",0,0,0,0,0,0,0,1,1
"w[73,6]",0,0,0,0,0,0,0,1,1
"w[74,6]",0,0,0,0,0,0,0,1,1
"w[75,6]",0,0,0,0,0,0,0,1,1
"w[76,6]",0,0,0,0,0,0,0,1,1
"w[77,6]",0,0,0,0,0,0,0,1,1
"w[78,6]",0,0,0,0,0,0,0,1,1
"w[79,6]",0,0,0,0,0,0,0,1,1
"w[80,6]",0,0,0,0,0,0,0,1,1
"w[81,6]",0.110444444444444,0.313460342983295,0,0,0,0,1,1.05342235064934,93
"w[82,6]",0.119222222222222,0.324067821349583,0,0,0,0,1,1.06307967044827,76
"w[83,6]",0.0595555555555556,0.236674703416938,0,0,0,0,1,1.02225008468087,390
"w[84,6]",0.0733333333333333,0.260697347535203,0,0,0,0,1,1.00085238364955,9000
"w[85,6]",0.0606666666666667,0.238731134811325,0,0,0,0,1,1.00087849045646,9000
"w[86,6]",0.0857777777777778,0.280051182667357,0,0,0,0,1,1.00652694492869,950
"w[87,6]",0.0657777777777778,0.247907019632123,0,0,0,0,1,1.00749593072478,1100
"w[88,6]",0.0517777777777778,0.221590377310847,0,0,0,0,1,1.02502995691807,390
"w[89,6]",0.05,0.217957056238752,0,0,0,0,1,1.09963683744297,96
"w[90,6]",0.0833333333333333,0.276400755220364,0,0,0,0,1,1.07551721580262,84
"w[91,6]",0.162,0.368471282023696,0,0,0,0,1,1.35522739794492,12
"w[92,6]",0.068,0.251759890690087,0,0,0,0,1,1.00691269159771,1100
"w[93,6]",0.079,0.269753749244922,0,0,0,0,1,1.08143536152351,81
"w[94,6]",0.101111111111111,0.301492543973213,0,0,0,0,1,1.02629596461384,210
"w[95,6]",0.0585555555555556,0.234804021153948,0,0,0,0,1,1.0082165939736,1100
"w[96,6]",0.0672222222222222,0.250420372333854,0,0,0,0,1,1.00917344298739,840
"w[97,6]",0.0392222222222222,0.194134044064238,0,0,0,0,1,1.08955303264034,140
"w[98,6]",0.071,0.256839112271042,0,0,0,0,1,1.00094068615451,9000
"w[99,6]",0.037,0.188772242238995,0,0,0,0,1,1.04222526929423,310
"w[100,6]",0.074,0.261785436233277,0,0,0,0,1,1.00942688119864,760
"w[1,7]",0.242555555555556,0.428652276196519,0,0,0,0,1,1.03392570728295,82
"w[2,7]",1,0,1,1,1,1,1,1,1
"w[3,7]",0.211888888888889,0.408669235912705,0,0,0,0,1,1.01086880260118,270
"w[4,7]",0.227,0.418915861414112,0,0,0,0,1,1.00117942958694,5800
"w[5,7]",0.0858888888888889,0.280215474551097,0,0,0,0,1,1.00607973509042,1000
"w[6,7]",0.326222222222222,0.468855744370695,0,0,0,1,1,1.01720852252598,140
"w[7,7]",0.0965555555555556,0.295368031162641,0,0,0,0,1,1.00767309284324,730
"w[8,7]",0.278333333333333,0.448203312770937,0,0,0,1,1,1.02630819799553,98
"w[9,7]",0.244444444444444,0.42978120197036,0,0,0,0,1,1.00172089074639,2300
"w[10,7]",0.444444444444444,0.496931603078148,0,0,0,1,1,1.00919865213963,240
"w[11,7]",0.375333333333333,0.484235764923111,0,0,0,1,1,1.01652023613335,130
"w[12,7]",0.229222222222222,0.420355835319427,0,0,0,0,1,1.00468718687845,580
"w[13,7]",0.145111111111111,0.352232397486333,0,0,0,0,1,1.06312379715263,66
"w[14,7]",0.370111111111111,0.482861038633445,0,0,0,1,1,1.02333341359064,96
"w[15,7]",0.164111111111111,0.370396946649728,0,0,0,0,1,1.06016847220601,63
"w[16,7]",0.270333333333333,0.444156663444791,0,0,0,1,1,1.01053053382548,240
"w[17,7]",0.0955555555555556,0.293997100612572,0,0,0,0,1,1.01983183013875,290
"w[18,7]",1,0,1,1,1,1,1,1,1
"w[19,7]",0.109666666666667,0.31249118222919,0,0,0,0,1,1.00577372427556,860
"w[20,7]",0.394444444444444,0.488758189108962,0,0,0,1,1,1.01362211747343,160
"w[21,7]",0,0,0,0,0,0,0,1,1
"w[22,7]",0,0,0,0,0,0,0,1,1
"w[23,7]",0,0,0,0,0,0,0,1,1
"w[24,7]",0,0,0,0,0,0,0,1,1
"w[25,7]",0,0,0,0,0,0,0,1,1
"w[26,7]",0,0,0,0,0,0,0,1,1
"w[27,7]",0,0,0,0,0,0,0,1,1
"w[28,7]",0,0,0,0,0,0,0,1,1
"w[29,7]",0,0,0,0,0,0,0,1,1
"w[30,7]",0,0,0,0,0,0,0,1,1
"w[31,7]",0,0,0,0,0,0,0,1,1
"w[32,7]",0,0,0,0,0,0,0,1,1
"w[33,7]",0,0,0,0,0,0,0,1,1
"w[34,7]",0,0,0,0,0,0,0,1,1
"w[35,7]",0,0,0,0,0,0,0,1,1
"w[36,7]",0,0,0,0,0,0,0,1,1
"w[37,7]",0,0,0,0,0,0,0,1,1
"w[38,7]",0,0,0,0,0,0,0,1,1
"w[39,7]",0,0,0,0,0,0,0,1,1
"w[40,7]",0,0,0,0,0,0,0,1,1
"w[41,7]",0,0,0,0,0,0,0,1,1
"w[42,7]",0,0,0,0,0,0,0,1,1
"w[43,7]",0,0,0,0,0,0,0,1,1
"w[44,7]",0,0,0,0,0,0,0,1,1
"w[45,7]",0,0,0,0,0,0,0,1,1
"w[46,7]",0,0,0,0,0,0,0,1,1
"w[47,7]",0,0,0,0,0,0,0,1,1
"w[48,7]",0,0,0,0,0,0,0,1,1
"w[49,7]",0,0,0,0,0,0,0,1,1
"w[50,7]",0,0,0,0,0,0,0,1,1
"w[51,7]",0,0,0,0,0,0,0,1,1
"w[52,7]",0,0,0,0,0,0,0,1,1
"w[53,7]",0,0,0,0,0,0,0,1,1
"w[54,7]",0,0,0,0,0,0,0,1,1
"w[55,7]",0,0,0,0,0,0,0,1,1
"w[56,7]",0,0,0,0,0,0,0,1,1
"w[57,7]",0,0,0,0,0,0,0,1,1
"w[58,7]",0,0,0,0,0,0,0,1,1
"w[59,7]",0,0,0,0,0,0,0,1,1
"w[60,7]",0,0,0,0,0,0,0,1,1
"w[61,7]",0,0,0,0,0,0,0,1,1
"w[62,7]",0,0,0,0,0,0,0,1,1
"w[63,7]",0,0,0,0,0,0,0,1,1
"w[64,7]",0,0,0,0,0,0,0,1,1
"w[65,7]",0,0,0,0,0,0,0,1,1
"w[66,7]",0,0,0,0,0,0,0,1,1
"w[67,7]",0,0,0,0,0,0,0,1,1
"w[68,7]",0,0,0,0,0,0,0,1,1
"w[69,7]",0,0,0,0,0,0,0,1,1
"w[70,7]",0,0,0,0,0,0,0,1,1
"w[71,7]",0,0,0,0,0,0,0,1,1
"w[72,7]",0,0,0,0,0,0,0,1,1
"w[73,7]",0,0,0,0,0,0,0,1,1
"w[74,7]",0,0,0,0,0,0,0,1,1
"w[75,7]",0,0,0,0,0,0,0,1,1
"w[76,7]",0,0,0,0,0,0,0,1,1
"w[77,7]",0,0,0,0,0,0,0,1,1
"w[78,7]",0,0,0,0,0,0,0,1,1
"w[79,7]",0,0,0,0,0,0,0,1,1
"w[80,7]",0,0,0,0,0,0,0,1,1
"w[81,7]",0.0664444444444444,0.249071221116328,0,0,0,0,1,1.00103405750525,9000
"w[82,7]",0.0492222222222222,0.21634369778745,0,0,0,0,1,1.00442718665888,2300
"w[83,7]",0.0626666666666667,0.242375912371877,0,0,0,0,1,1.00497872950651,1600
"w[84,7]",0.064,0.244766535171044,0,0,0,0,1,1.01194492752059,690
"w[85,7]",0.0557777777777778,0.229504836072343,0,0,0,0,1,1.02020358111169,460
"w[86,7]",0.0848888888888889,0.278731766775216,0,0,0,0,1,1.02601685156446,240
"w[87,7]",0.115333333333333,0.319441534016556,0,0,0,0,1,1.16045894005774,31
"w[88,7]",0.0561111111111111,0.230148951147489,0,0,0,0,1,1.02990368648894,300
"w[89,7]",0.046,0.209496722031248,0,0,0,0,1,1.05106251716849,210
"w[90,7]",0.0508888888888889,0.219783022665017,0,0,0,0,1,1.0234652357388,430
"w[91,7]",0.0396666666666667,0.195185694334416,0,0,0,0,1,1.03179387510854,400
"w[92,7]",0.0564444444444444,0.230790787080137,0,0,0,0,1,1.00176739167874,4900
"w[93,7]",0.0441111111111111,0.205353369935672,0,0,0,0,1,1.01143430852228,1000
"w[94,7]",0.0546666666666667,0.227341076105897,0,0,0,0,1,1.01487974019037,640
"w[95,7]",0.0527777777777778,0.223601966149878,0,0,0,0,1,1.01212808916685,800
"w[96,7]",0.0623333333333333,0.241773414213442,0,0,0,0,1,1.02578996053476,320
"w[97,7]",0.0604444444444444,0.238321682569917,0,0,0,0,1,1.0130364488877,660
"w[98,7]",0.0454444444444444,0.208288423503347,0,0,0,0,1,1.00126164241753,8100
"w[99,7]",0.109111111111111,0.311795892205727,0,0,0,0,1,1.18225419698829,28
"w[100,7]",0.0566666666666667,0.23121742088724,0,0,0,0,1,1.0323171676329,280
"w[1,8]",0.240222222222222,0.427242071812987,0,0,0,0,1,1.0245708568086,110
"w[2,8]",1,0,1,1,1,1,1,1,1
"w[3,8]",0.248555555555556,0.43219954479239,0,0,0,0,1,1.00722835059224,360
"w[4,8]",0.295333333333333,0.456217800651501,0,0,0,1,1,1.02950386465022,86
"w[5,8]",1,0,1,1,1,1,1,1,1
"w[6,8]",0.358111111111111,0.479471674748569,0,0,0,1,1,1.00893680357932,250
"w[7,8]",0.116777777777778,0.321173146059066,0,0,0,0,1,1.15232652171276,32
"w[8,8]",0.422,0.493905967558017,0,0,0,1,1,1.0101491275657,220
"w[9,8]",0.318111111111111,0.465768758723503,0,0,0,1,1,1.01705962993097,140
"w[10,8]",0.413777777777778,0.492536986568149,0,0,0,1,1,1.00182769415215,2000
"w[11,8]",0.478111111111111,0.499548400223537,0,0,0,1,1,1.00464621867819,530
"w[12,8]",0.264888888888889,0.441298542598065,0,0,0,1,1,1.0010191163002,9000
"w[13,8]",0.107888888888889,0.310257267523608,0,0,0,0,1,1.00216634185455,2200
"w[14,8]",0.409666666666667,0.491799515019752,0,0,0,1,1,1.0018428570639,2000
"w[15,8]",0.165222222222222,0.371401623690826,0,0,0,0,1,1.0394175259022,94
"w[16,8]",1,0,1,1,1,1,1,1,1
"w[17,8]",0.138666666666667,0.345617555414236,0,0,0,0,1,1.01357430298462,300
"w[18,8]",0.0696666666666667,0.254598555556802,0,0,0,0,1,1.00340675980247,2200
"w[19,8]",0.188777777777778,0.391353735030581,0,0,0,0,1,1.06528992315682,53
"w[20,8]",0.429,0.494960827431008,0,0,0,1,1,1.00333797257542,800
"w[21,8]",0,0,0,0,0,0,0,1,1
"w[22,8]",0,0,0,0,0,0,0,1,1
"w[23,8]",0,0,0,0,0,0,0,1,1
"w[24,8]",0,0,0,0,0,0,0,1,1
"w[25,8]",0,0,0,0,0,0,0,1,1
"w[26,8]",0,0,0,0,0,0,0,1,1
"w[27,8]",0,0,0,0,0,0,0,1,1
"w[28,8]",0,0,0,0,0,0,0,1,1
"w[29,8]",0,0,0,0,0,0,0,1,1
"w[30,8]",0,0,0,0,0,0,0,1,1
"w[31,8]",0,0,0,0,0,0,0,1,1
"w[32,8]",0,0,0,0,0,0,0,1,1
"w[33,8]",0,0,0,0,0,0,0,1,1
"w[34,8]",0,0,0,0,0,0,0,1,1
"w[35,8]",0,0,0,0,0,0,0,1,1
"w[36,8]",0,0,0,0,0,0,0,1,1
"w[37,8]",0,0,0,0,0,0,0,1,1
"w[38,8]",0,0,0,0,0,0,0,1,1
"w[39,8]",0,0,0,0,0,0,0,1,1
"w[40,8]",0,0,0,0,0,0,0,1,1
"w[41,8]",0,0,0,0,0,0,0,1,1
"w[42,8]",0,0,0,0,0,0,0,1,1
"w[43,8]",0,0,0,0,0,0,0,1,1
"w[44,8]",0,0,0,0,0,0,0,1,1
"w[45,8]",0,0,0,0,0,0,0,1,1
"w[46,8]",0,0,0,0,0,0,0,1,1
"w[47,8]",0,0,0,0,0,0,0,1,1
"w[48,8]",0,0,0,0,0,0,0,1,1
"w[49,8]",0,0,0,0,0,0,0,1,1
"w[50,8]",0,0,0,0,0,0,0,1,1
"w[51,8]",0,0,0,0,0,0,0,1,1
"w[52,8]",0,0,0,0,0,0,0,1,1
"w[53,8]",0,0,0,0,0,0,0,1,1
"w[54,8]",0,0,0,0,0,0,0,1,1
"w[55,8]",0,0,0,0,0,0,0,1,1
"w[56,8]",0,0,0,0,0,0,0,1,1
"w[57,8]",0,0,0,0,0,0,0,1,1
"w[58,8]",0,0,0,0,0,0,0,1,1
"w[59,8]",0,0,0,0,0,0,0,1,1
"w[60,8]",0,0,0,0,0,0,0,1,1
"w[61,8]",0,0,0,0,0,0,0,1,1
"w[62,8]",0,0,0,0,0,0,0,1,1
"w[63,8]",0,0,0,0,0,0,0,1,1
"w[64,8]",0,0,0,0,0,0,0,1,1
"w[65,8]",0,0,0,0,0,0,0,1,1
"w[66,8]",0,0,0,0,0,0,0,1,1
"w[67,8]",0,0,0,0,0,0,0,1,1
"w[68,8]",0,0,0,0,0,0,0,1,1
"w[69,8]",0,0,0,0,0,0,0,1,1
"w[70,8]",0,0,0,0,0,0,0,1,1
"w[71,8]",0,0,0,0,0,0,0,1,1
"w[72,8]",0,0,0,0,0,0,0,1,1
"w[73,8]",0,0,0,0,0,0,0,1,1
"w[74,8]",0,0,0,0,0,0,0,1,1
"w[75,8]",0,0,0,0,0,0,0,1,1
"w[76,8]",0,0,0,0,0,0,0,1,1
"w[77,8]",0,0,0,0,0,0,0,1,1
"w[78,8]",0,0,0,0,0,0,0,1,1
"w[79,8]",0,0,0,0,0,0,0,1,1
"w[80,8]",0,0,0,0,0,0,0,1,1
"w[81,8]",0.0746666666666667,0.262867330127079,0,0,0,0,1,1.00784412379408,900
"w[82,8]",0.0561111111111111,0.230148951147489,0,0,0,0,1,1.04072576042174,220
"w[83,8]",0.0525555555555556,0.223156900763312,0,0,0,0,1,1.00502064140186,1900
"w[84,8]",0.0597777777777778,0.237087833278031,0,0,0,0,1,1.00110781202381,7300
"w[85,8]",0.0584444444444444,0.234594983613262,0,0,0,0,1,1.01042510101312,850
"w[86,8]",0.062,0.241168950107249,0,0,0,0,1,1.00094766654132,9000
"w[87,8]",0.0494444444444444,0.216806167177645,0,0,0,0,1,1.04731934369045,210
"w[88,8]",0.0605555555555556,0.238526522430275,0,0,0,0,1,1.02882837699088,290
"w[89,8]",0.0525555555555556,0.223156900763312,0,0,0,0,1,1.02302354597098,420
"w[90,8]",0.110888888888889,0.314011941101333,0,0,0,0,1,1.18556565323912,27
"w[91,8]",0.0694444444444444,0.254222529667921,0,0,0,0,1,1.03402532994235,220
"w[92,8]",0.0518888888888889,0.221815010710343,0,0,0,0,1,1.0229485603859,430
"w[93,8]",0.0635555555555556,0.243973073442038,0,0,0,0,1,1.01138532387499,720
"w[94,8]",0.0691111111111111,0.253657080590536,0,0,0,0,1,1.0337148098428,220
"w[95,8]",0.0655555555555556,0.247517336554234,0,0,0,0,1,1.00417434725492,1900
"w[96,8]",0.0563333333333333,0.230577093831061,0,0,0,0,1,1.01060385653497,860
"w[97,8]",0.0697777777777778,0.254786287701839,0,0,0,0,1,1.04267698602828,170
"w[98,8]",0.0571111111111111,0.232067697092638,0,0,0,0,1,1.01896099521029,480
"w[99,8]",0.0815555555555556,0.273701608567667,0,0,0,0,1,1.00292956997985,2200
"w[100,8]",0.058,0.233756435935484,0,0,0,0,1,1.00102028261029,9000
